"filename", "language", "JavaScript", "C++", "C", "XML", "CMake", "Markdown", "Batch", "JSON", "Diff", "YAML", "GLSL", "PowerShell", "Shell Script", "Properties", "Makefile", "HTML", "Python", "HLSL", "Objective-C++", "Skill", "PostCSS", "Lua", "Perl", "Rust", "comment", "blank", "total"
"c:\ws-code\ws-kwik\kwik-ui\.opencode\package-lock.json", "JSON", 0, 0, 0, 0, 0, 0, 0, 380, 0, 0, 0, 0, 0, 0, 0, 0, 0, 0, 0, 0, 0, 0, 0, 0, 0, 1, 381
"c:\ws-code\ws-kwik\kwik-ui\.opencode\skills\kwik-ui\SKILL.md", "Skill", 0, 0, 0, 0, 0, 0, 0, 0, 0, 0, 0, 0, 0, 0, 0, 0, 0, 0, 0, 27, 0, 0, 0, 0, 0, 8, 35
"c:\ws-code\ws-kwik\kwik-ui\CMakeLists.txt", "CMake", 0, 0, 0, 0, 134, 0, 0, 0, 0, 0, 0, 0, 0, 0, 0, 0, 0, 0, 0, 0, 0, 0, 0, 0, 0, 24, 158
"c:\ws-code\ws-kwik\kwik-ui\README.md", "Markdown", 0, 0, 0, 0, 0, 126, 0, 0, 0, 0, 0, 0, 0, 0, 0, 0, 0, 0, 0, 0, 0, 0, 0, 0, 0, 6, 132
"c:\ws-code\ws-kwik\kwik-ui\cmake\modules\App.cmake", "CMake", 0, 0, 0, 0, 26, 0, 0, 0, 0, 0, 0, 0, 0, 0, 0, 0, 0, 0, 0, 0, 0, 0, 0, 0, 0, 0, 26
"c:\ws-code\ws-kwik\kwik-ui\cmake\modules\Bridge.cmake", "CMake", 0, 0, 0, 0, 28, 0, 0, 0, 0, 0, 0, 0, 0, 0, 0, 0, 0, 0, 0, 0, 0, 0, 0, 0, 0, 1, 29
"c:\ws-code\ws-kwik\kwik-ui\cmake\modules\Core.cmake", "CMake", 0, 0, 0, 0, 16, 0, 0, 0, 0, 0, 0, 0, 0, 0, 0, 0, 0, 0, 0, 0, 0, 0, 0, 0, 0, 6, 22
"c:\ws-code\ws-kwik\kwik-ui\cmake\modules\Element.cmake", "CMake", 0, 0, 0, 0, 63, 0, 0, 0, 0, 0, 0, 0, 0, 0, 0, 0, 0, 0, 0, 0, 0, 0, 0, 0, 0, 8, 71
"c:\ws-code\ws-kwik\kwik-ui\cmake\modules\Engine.cmake", "CMake", 0, 0, 0, 0, 34, 0, 0, 0, 0, 0, 0, 0, 0, 0, 0, 0, 0, 0, 0, 0, 0, 0, 0, 0, 0, 10, 44
"c:\ws-code\ws-kwik\kwik-ui\cmake\modules\Event.cmake", "CMake", 0, 0, 0, 0, 21, 0, 0, 0, 0, 0, 0, 0, 0, 0, 0, 0, 0, 0, 0, 0, 0, 0, 0, 0, 0, 0, 21
"c:\ws-code\ws-kwik\kwik-ui\cmake\modules\Platform.cmake", "CMake", 0, 0, 0, 0, 111, 0, 0, 0, 0, 0, 0, 0, 0, 0, 0, 0, 0, 0, 0, 0, 0, 0, 0, 0, 0, 19, 130
"c:\ws-code\ws-kwik\kwik-ui\cmake\modules\Render.cmake", "CMake", 0, 0, 0, 0, 138, 0, 0, 0, 0, 0, 0, 0, 0, 0, 0, 0, 0, 0, 0, 0, 0, 0, 0, 0, 0, 17, 155
"c:\ws-code\ws-kwik\kwik-ui\cmake\modules\Utils.cmake", "CMake", 0, 0, 0, 0, 30, 0, 0, 0, 0, 0, 0, 0, 0, 0, 0, 0, 0, 0, 0, 0, 0, 0, 0, 0, 0, 8, 38
"c:\ws-code\ws-kwik\kwik-ui\doc\1.kwik-ui 组件.md", "Markdown", 0, 0, 0, 0, 0, 277, 0, 0, 0, 0, 0, 0, 0, 0, 0, 0, 0, 0, 0, 0, 0, 0, 0, 0, 0, 24, 301
"c:\ws-code\ws-kwik\kwik-ui\examples\CMakeLists.txt", "CMake", 0, 0, 0, 0, 54, 0, 0, 0, 0, 0, 0, 0, 0, 0, 0, 0, 0, 0, 0, 0, 0, 0, 0, 0, 0, 15, 69
"c:\ws-code\ws-kwik\kwik-ui\examples\app.js", "JavaScript", 7, 0, 0, 0, 0, 0, 0, 0, 0, 0, 0, 0, 0, 0, 0, 0, 0, 0, 0, 0, 0, 0, 0, 0, 1, 0, 8
"c:\ws-code\ws-kwik\kwik-ui\examples\checkbox.js", "JavaScript", 38, 0, 0, 0, 0, 0, 0, 0, 0, 0, 0, 0, 0, 0, 0, 0, 0, 0, 0, 0, 0, 0, 0, 0, 2, 0, 40
"c:\ws-code\ws-kwik\kwik-ui\examples\demo.c", "C", 0, 0, 59, 0, 0, 0, 0, 0, 0, 0, 0, 0, 0, 0, 0, 0, 0, 0, 0, 0, 0, 0, 0, 0, 6, 24, 89
"c:\ws-code\ws-kwik\kwik-ui\examples\dropdown.js", "JavaScript", 65, 0, 0, 0, 0, 0, 0, 0, 0, 0, 0, 0, 0, 0, 0, 0, 0, 0, 0, 0, 0, 0, 0, 0, 3, 4, 72
"c:\ws-code\ws-kwik\kwik-ui\examples\event.js", "JavaScript", 55, 0, 0, 0, 0, 0, 0, 0, 0, 0, 0, 0, 0, 0, 0, 0, 0, 0, 0, 0, 0, 0, 0, 0, 15, 0, 70
"c:\ws-code\ws-kwik\kwik-ui\examples\example.cpp", "C++", 0, 45, 0, 0, 0, 0, 0, 0, 0, 0, 0, 0, 0, 0, 0, 0, 0, 0, 0, 0, 0, 0, 0, 0, 13, 5, 63
"c:\ws-code\ws-kwik\kwik-ui\examples\example.js", "JavaScript", 408, 0, 0, 0, 0, 0, 0, 0, 0, 0, 0, 0, 0, 0, 0, 0, 0, 0, 0, 0, 0, 0, 0, 0, 29, 0, 437
"c:\ws-code\ws-kwik\kwik-ui\examples\example1.js", "JavaScript", 248, 0, 0, 0, 0, 0, 0, 0, 0, 0, 0, 0, 0, 0, 0, 0, 0, 0, 0, 0, 0, 0, 0, 0, 20, 0, 268
"c:\ws-code\ws-kwik\kwik-ui\examples\example_vk.c", "C", 0, 0, 90, 0, 0, 0, 0, 0, 0, 0, 0, 0, 0, 0, 0, 0, 0, 0, 0, 0, 0, 0, 0, 0, 9, 27, 126
"c:\ws-code\ws-kwik\kwik-ui\examples\flex.js", "JavaScript", 33, 0, 0, 0, 0, 0, 0, 0, 0, 0, 0, 0, 0, 0, 0, 0, 0, 0, 0, 0, 0, 0, 0, 0, 4, 0, 37
"c:\ws-code\ws-kwik\kwik-ui\examples\grid.js", "JavaScript", 22, 0, 0, 0, 0, 0, 0, 0, 0, 0, 0, 0, 0, 0, 0, 0, 0, 0, 0, 0, 0, 0, 0, 0, 2, 0, 24
"c:\ws-code\ws-kwik\kwik-ui\examples\header.js", "JavaScript", 6, 0, 0, 0, 0, 0, 0, 0, 0, 0, 0, 0, 0, 0, 0, 0, 0, 0, 0, 0, 0, 0, 0, 0, 0, 0, 6
"c:\ws-code\ws-kwik\kwik-ui\examples\image.js", "JavaScript", 133, 0, 0, 0, 0, 0, 0, 0, 0, 0, 0, 0, 0, 0, 0, 0, 0, 0, 0, 0, 0, 0, 0, 0, 7, 0, 140
"c:\ws-code\ws-kwik\kwik-ui\examples\image\Web Analytics.svg", "XML", 0, 0, 0, 1, 0, 0, 0, 0, 0, 0, 0, 0, 0, 0, 0, 0, 0, 0, 0, 0, 0, 0, 0, 0, 0, 0, 1
"c:\ws-code\ws-kwik\kwik-ui\examples\image\Web Application.svg", "XML", 0, 0, 0, 1, 0, 0, 0, 0, 0, 0, 0, 0, 0, 0, 0, 0, 0, 0, 0, 0, 0, 0, 0, 0, 0, 0, 1
"c:\ws-code\ws-kwik\kwik-ui\examples\image\home.svg", "XML", 0, 0, 0, 1, 0, 0, 0, 0, 0, 0, 0, 0, 0, 0, 0, 0, 0, 0, 0, 0, 0, 0, 0, 0, 0, 0, 1
"c:\ws-code\ws-kwik\kwik-ui\examples\image\查询统计.svg", "XML", 0, 0, 0, 1, 0, 0, 0, 0, 0, 0, 0, 0, 0, 0, 0, 0, 0, 0, 0, 0, 0, 0, 0, 0, 0, 0, 1
"c:\ws-code\ws-kwik\kwik-ui\examples\image\系统管理.svg", "XML", 0, 0, 0, 1, 0, 0, 0, 0, 0, 0, 0, 0, 0, 0, 0, 0, 0, 0, 0, 0, 0, 0, 0, 0, 0, 0, 1
"c:\ws-code\ws-kwik\kwik-ui\examples\image\菜单 (1).svg", "XML", 0, 0, 0, 1, 0, 0, 0, 0, 0, 0, 0, 0, 0, 0, 0, 0, 0, 0, 0, 0, 0, 0, 0, 0, 0, 0, 1
"c:\ws-code\ws-kwik\kwik-ui\examples\image\菜单.svg", "XML", 0, 0, 0, 1, 0, 0, 0, 0, 0, 0, 0, 0, 0, 0, 0, 0, 0, 0, 0, 0, 0, 0, 0, 0, 0, 0, 1
"c:\ws-code\ws-kwik\kwik-ui\examples\input.js", "JavaScript", 84, 0, 0, 0, 0, 0, 0, 0, 0, 0, 0, 0, 0, 0, 0, 0, 0, 0, 0, 0, 0, 0, 0, 0, 19, 0, 103
"c:\ws-code\ws-kwik\kwik-ui\examples\list.js", "JavaScript", 25, 0, 0, 0, 0, 0, 0, 0, 0, 0, 0, 0, 0, 0, 0, 0, 0, 0, 0, 0, 0, 0, 0, 0, 0, 0, 25
"c:\ws-code\ws-kwik\kwik-ui\examples\radiobutton.js", "JavaScript", 32, 0, 0, 0, 0, 0, 0, 0, 0, 0, 0, 0, 0, 0, 0, 0, 0, 0, 0, 0, 0, 0, 0, 0, 2, 3, 37
"c:\ws-code\ws-kwik\kwik-ui\examples\stack.js", "JavaScript", 38, 0, 0, 0, 0, 0, 0, 0, 0, 0, 0, 0, 0, 0, 0, 0, 0, 0, 0, 0, 0, 0, 0, 0, 2, 0, 40
"c:\ws-code\ws-kwik\kwik-ui\examples\text.js", "JavaScript", 51, 0, 0, 0, 0, 0, 0, 0, 0, 0, 0, 0, 0, 0, 0, 0, 0, 0, 0, 0, 0, 0, 0, 0, 4, 1, 56
"c:\ws-code\ws-kwik\kwik-ui\examples\textarea.js", "JavaScript", 104, 0, 0, 0, 0, 0, 0, 0, 0, 0, 0, 0, 0, 0, 0, 0, 0, 0, 0, 0, 0, 0, 0, 0, 6, 2, 112
"c:\ws-code\ws-kwik\kwik-ui\examples\ui_demo.js", "JavaScript", 136, 0, 0, 0, 0, 0, 0, 0, 0, 0, 0, 0, 0, 0, 0, 0, 0, 0, 0, 0, 0, 0, 0, 0, 21, 22, 179
"c:\ws-code\ws-kwik\kwik-ui\examples\view.js", "JavaScript", 56, 0, 0, 0, 0, 0, 0, 0, 0, 0, 0, 0, 0, 0, 0, 0, 0, 0, 0, 0, 0, 0, 0, 0, 9, 8, 73
"c:\ws-code\ws-kwik\kwik-ui\examples\vk_resize_test.cpp", "C++", 0, 146, 0, 0, 0, 0, 0, 0, 0, 0, 0, 0, 0, 0, 0, 0, 0, 0, 0, 0, 0, 0, 0, 0, 12, 20, 178
"c:\ws-code\ws-kwik\kwik-ui\examples\win32_window_example.cpp", "C++", 0, 39, 0, 0, 0, 0, 0, 0, 0, 0, 0, 0, 0, 0, 0, 0, 0, 0, 0, 0, 0, 0, 0, 0, 0, 5, 44
"c:\ws-code\ws-kwik\kwik-ui\include\svg_decoder.h", "C++", 0, 12, 0, 0, 0, 0, 0, 0, 0, 0, 0, 0, 0, 0, 0, 0, 0, 0, 0, 0, 0, 0, 0, 0, 14, 1, 27
"c:\ws-code\ws-kwik\kwik-ui\modules\app\application.cppm", "C++", 0, 71, 0, 0, 0, 0, 0, 0, 0, 0, 0, 0, 0, 0, 0, 0, 0, 0, 0, 0, 0, 0, 0, 0, 91, 7, 169
"c:\ws-code\ws-kwik\kwik-ui\modules\bridge\color_parser.cppm", "C++", 0, 13, 0, 0, 0, 0, 0, 0, 0, 0, 0, 0, 0, 0, 0, 0, 0, 0, 0, 0, 0, 0, 0, 0, 14, 5, 32
"c:\ws-code\ws-kwik\kwik-ui\modules\bridge\element_parser.cppm", "C++", 0, 19, 0, 0, 0, 0, 0, 0, 0, 0, 0, 0, 0, 0, 0, 0, 0, 0, 0, 0, 0, 0, 0, 0, 90, 4, 113
"c:\ws-code\ws-kwik\kwik-ui\modules\bridge\prop_bus.cppm", "C++", 0, 4, 0, 0, 0, 0, 0, 0, 0, 0, 0, 0, 0, 0, 0, 0, 0, 0, 0, 0, 0, 0, 0, 0, 6, 1, 11
"c:\ws-code\ws-kwik\kwik-ui\modules\bridge\props_parser.cppm", "C++", 0, 20, 0, 0, 0, 0, 0, 0, 0, 0, 0, 0, 0, 0, 0, 0, 0, 0, 0, 0, 0, 0, 0, 0, 42, 11, 73
"c:\ws-code\ws-kwik\kwik-ui\modules\core\constraints.cppm", "C++", 0, 54, 0, 0, 0, 0, 0, 0, 0, 0, 0, 0, 0, 0, 0, 0, 0, 0, 0, 0, 0, 0, 0, 0, 41, 20, 115
"c:\ws-code\ws-kwik\kwik-ui\modules\core\log.cppm", "C++", 0, 61, 0, 0, 0, 0, 0, 0, 0, 0, 0, 0, 0, 0, 0, 0, 0, 0, 0, 0, 0, 0, 0, 0, 17, 15, 93
"c:\ws-code\ws-kwik\kwik-ui\modules\core\types.cppm", "C++", 0, 153, 0, 0, 0, 0, 0, 0, 0, 0, 0, 0, 0, 0, 0, 0, 0, 0, 0, 0, 0, 0, 0, 0, 39, 33, 225
"c:\ws-code\ws-kwik\kwik-ui\modules\element\button.cppm", "C++", 0, 50, 0, 0, 0, 0, 0, 0, 0, 0, 0, 0, 0, 0, 0, 0, 0, 0, 0, 0, 0, 0, 0, 0, 11, 4, 65
"c:\ws-code\ws-kwik\kwik-ui\modules\element\checkbox.cppm", "C++", 0, 41, 0, 0, 0, 0, 0, 0, 0, 0, 0, 0, 0, 0, 0, 0, 0, 0, 0, 0, 0, 0, 0, 0, 15, 4, 60
"c:\ws-code\ws-kwik\kwik-ui\modules\element\dropdown.cppm", "C++", 0, 51, 0, 0, 0, 0, 0, 0, 0, 0, 0, 0, 0, 0, 0, 0, 0, 0, 0, 0, 0, 0, 0, 0, 16, 7, 74
"c:\ws-code\ws-kwik\kwik-ui\modules\element\image.cppm", "C++", 0, 57, 0, 0, 0, 0, 0, 0, 0, 0, 0, 0, 0, 0, 0, 0, 0, 0, 0, 0, 0, 0, 0, 0, 11, 4, 72
"c:\ws-code\ws-kwik\kwik-ui\modules\element\input.cppm", "C++", 0, 73, 0, 0, 0, 0, 0, 0, 0, 0, 0, 0, 0, 0, 0, 0, 0, 0, 0, 0, 0, 0, 0, 0, 28, 4, 105
"c:\ws-code\ws-kwik\kwik-ui\modules\element\props.cppm", "C++", 0, 176, 0, 0, 0, 0, 0, 0, 0, 0, 0, 0, 0, 0, 0, 0, 0, 0, 0, 0, 0, 0, 0, 0, 51, 18, 245
"c:\ws-code\ws-kwik\kwik-ui\modules\element\radiobutton.cppm", "C++", 0, 40, 0, 0, 0, 0, 0, 0, 0, 0, 0, 0, 0, 0, 0, 0, 0, 0, 0, 0, 0, 0, 0, 0, 5, 6, 51
"c:\ws-code\ws-kwik\kwik-ui\modules\element\text.cppm", "C++", 0, 40, 0, 0, 0, 0, 0, 0, 0, 0, 0, 0, 0, 0, 0, 0, 0, 0, 0, 0, 0, 0, 0, 0, 14, 5, 59
"c:\ws-code\ws-kwik\kwik-ui\modules\element\textarea.cppm", "C++", 0, 59, 0, 0, 0, 0, 0, 0, 0, 0, 0, 0, 0, 0, 0, 0, 0, 0, 0, 0, 0, 0, 0, 0, 17, 5, 81
"c:\ws-code\ws-kwik\kwik-ui\modules\element\view.cppm", "C++", 0, 217, 0, 0, 0, 0, 0, 0, 0, 0, 0, 0, 0, 0, 0, 0, 0, 0, 0, 0, 0, 0, 0, 0, 266, 37, 520
"c:\ws-code\ws-kwik\kwik-ui\modules\engine\bindings.cppm", "C++", 0, 22, 0, 0, 0, 0, 0, 0, 0, 0, 0, 0, 0, 0, 0, 0, 0, 0, 0, 0, 0, 0, 0, 0, 22, 9, 53
"c:\ws-code\ws-kwik\kwik-ui\modules\engine\js_value.cppm", "C++", 0, 59, 0, 0, 0, 0, 0, 0, 0, 0, 0, 0, 0, 0, 0, 0, 0, 0, 0, 0, 0, 0, 0, 0, 20, 19, 98
"c:\ws-code\ws-kwik\kwik-ui\modules\engine\quickjs_context.cppm", "C++", 0, 59, 0, 0, 0, 0, 0, 0, 0, 0, 0, 0, 0, 0, 0, 0, 0, 0, 0, 0, 0, 0, 0, 0, 82, 14, 155
"c:\ws-code\ws-kwik\kwik-ui\modules\engine\quickjs_runtime.cppm", "C++", 0, 14, 0, 0, 0, 0, 0, 0, 0, 0, 0, 0, 0, 0, 0, 0, 0, 0, 0, 0, 0, 0, 0, 0, 0, 8, 22
"c:\ws-code\ws-kwik\kwik-ui\modules\event\event.cppm", "C++", 0, 57, 0, 0, 0, 0, 0, 0, 0, 0, 0, 0, 0, 0, 0, 0, 0, 0, 0, 0, 0, 0, 0, 0, 114, 5, 176
"c:\ws-code\ws-kwik\kwik-ui\modules\layout\flex_layout.cppm", "C++", 0, 23, 0, 0, 0, 0, 0, 0, 0, 0, 0, 0, 0, 0, 0, 0, 0, 0, 0, 0, 0, 0, 0, 0, 0, 2, 25
"c:\ws-code\ws-kwik\kwik-ui\modules\layout\grid_layout.cppm", "C++", 0, 24, 0, 0, 0, 0, 0, 0, 0, 0, 0, 0, 0, 0, 0, 0, 0, 0, 0, 0, 0, 0, 0, 0, 0, 2, 26
"c:\ws-code\ws-kwik\kwik-ui\modules\layout\list_layout.cppm", "C++", 0, 57, 0, 0, 0, 0, 0, 0, 0, 0, 0, 0, 0, 0, 0, 0, 0, 0, 0, 0, 0, 0, 0, 0, 6, 3, 66
"c:\ws-code\ws-kwik\kwik-ui\modules\layout\radio_group.cppm", "C++", 0, 26, 0, 0, 0, 0, 0, 0, 0, 0, 0, 0, 0, 0, 0, 0, 0, 0, 0, 0, 0, 0, 0, 0, 11, 4, 41
"c:\ws-code\ws-kwik\kwik-ui\modules\layout\stack_layout.cppm", "C++", 0, 22, 0, 0, 0, 0, 0, 0, 0, 0, 0, 0, 0, 0, 0, 0, 0, 0, 0, 0, 0, 0, 0, 0, 0, 1, 23
"c:\ws-code\ws-kwik\kwik-ui\modules\platform\platform.cppm", "C++", 0, 16, 0, 0, 0, 0, 0, 0, 0, 0, 0, 0, 0, 0, 0, 0, 0, 0, 0, 0, 0, 0, 0, 0, 1, 0, 17
"c:\ws-code\ws-kwik\kwik-ui\modules\platform\window.cppm", "C++", 0, 64, 0, 0, 0, 0, 0, 0, 0, 0, 0, 0, 0, 0, 0, 0, 0, 0, 0, 0, 0, 0, 0, 0, 84, 24, 172
"c:\ws-code\ws-kwik\kwik-ui\modules\platform\window_android.cppm", "C++", 0, 62, 0, 0, 0, 0, 0, 0, 0, 0, 0, 0, 0, 0, 0, 0, 0, 0, 0, 0, 0, 0, 0, 0, 17, 12, 91
"c:\ws-code\ws-kwik\kwik-ui\modules\platform\window_drm.cppm", "C++", 0, 78, 0, 0, 0, 0, 0, 0, 0, 0, 0, 0, 0, 0, 0, 0, 0, 0, 0, 0, 0, 0, 0, 0, 17, 12, 107
"c:\ws-code\ws-kwik\kwik-ui\modules\platform\window_factory.cppm", "C++", 0, 31, 0, 0, 0, 0, 0, 0, 0, 0, 0, 0, 0, 0, 0, 0, 0, 0, 0, 0, 0, 0, 0, 0, 7, 10, 48
"c:\ws-code\ws-kwik\kwik-ui\modules\platform\window_fbdev.cppm", "C++", 0, 67, 0, 0, 0, 0, 0, 0, 0, 0, 0, 0, 0, 0, 0, 0, 0, 0, 0, 0, 0, 0, 0, 0, 16, 10, 93
"c:\ws-code\ws-kwik\kwik-ui\modules\platform\window_wayland.cppm", "C++", 0, 100, 0, 0, 0, 0, 0, 0, 0, 0, 0, 0, 0, 0, 0, 0, 0, 0, 0, 0, 0, 0, 0, 0, 15, 8, 123
"c:\ws-code\ws-kwik\kwik-ui\modules\platform\window_win32.cppm", "C++", 0, 49, 0, 0, 0, 0, 0, 0, 0, 0, 0, 0, 0, 0, 0, 0, 0, 0, 0, 0, 0, 0, 0, 0, 9, 7, 65
"c:\ws-code\ws-kwik\kwik-ui\modules\render\backend.cppm", "C++", 0, 41, 0, 0, 0, 0, 0, 0, 0, 0, 0, 0, 0, 0, 0, 0, 0, 0, 0, 0, 0, 0, 0, 0, 81, 25, 147
"c:\ws-code\ws-kwik\kwik-ui\modules\render\command.cppm", "C++", 0, 144, 0, 0, 0, 0, 0, 0, 0, 0, 0, 0, 0, 0, 0, 0, 0, 0, 0, 0, 0, 0, 0, 0, 125, 30, 299
"c:\ws-code\ws-kwik\kwik-ui\modules\render\font.cppm", "C++", 0, 133, 0, 0, 0, 0, 0, 0, 0, 0, 0, 0, 0, 0, 0, 0, 0, 0, 0, 0, 0, 0, 0, 0, 159, 17, 309
"c:\ws-code\ws-kwik\kwik-ui\modules\render\graphics.cppm", "C++", 0, 58, 0, 0, 0, 0, 0, 0, 0, 0, 0, 0, 0, 0, 0, 0, 0, 0, 0, 0, 0, 0, 0, 0, 52, 22, 132
"c:\ws-code\ws-kwik\kwik-ui\modules\render\render_thread.cppm", "C++", 0, 72, 0, 0, 0, 0, 0, 0, 0, 0, 0, 0, 0, 0, 0, 0, 0, 0, 0, 0, 0, 0, 0, 0, 89, 37, 198
"c:\ws-code\ws-kwik\kwik-ui\modules\render\software_backend.cppm", "C++", 0, 40, 0, 0, 0, 0, 0, 0, 0, 0, 0, 0, 0, 0, 0, 0, 0, 0, 0, 0, 0, 0, 0, 0, 8, 6, 54
"c:\ws-code\ws-kwik\kwik-ui\modules\render\texture_manager.cppm", "C++", 0, 41, 0, 0, 0, 0, 0, 0, 0, 0, 0, 0, 0, 0, 0, 0, 0, 0, 0, 0, 0, 0, 0, 0, 24, 0, 65
"c:\ws-code\ws-kwik\kwik-ui\modules\render\vulkan\vulkan_backend.cppm", "C++", 0, 59, 0, 0, 0, 0, 0, 0, 0, 0, 0, 0, 0, 0, 0, 0, 0, 0, 0, 0, 0, 0, 0, 0, 10, 3, 72
"c:\ws-code\ws-kwik\kwik-ui\modules\render\vulkan\vulkan_clip_manager.cppm", "C++", 0, 27, 0, 0, 0, 0, 0, 0, 0, 0, 0, 0, 0, 0, 0, 0, 0, 0, 0, 0, 0, 0, 0, 0, 0, 2, 29
"c:\ws-code\ws-kwik\kwik-ui\modules\render\vulkan\vulkan_context.cppm", "C++", 0, 110, 0, 0, 0, 0, 0, 0, 0, 0, 0, 0, 0, 0, 0, 0, 0, 0, 0, 0, 0, 0, 0, 0, 7, 12, 129
"c:\ws-code\ws-kwik\kwik-ui\modules\render\vulkan\vulkan_glyph_renderer.cppm", "C++", 0, 32, 0, 0, 0, 0, 0, 0, 0, 0, 0, 0, 0, 0, 0, 0, 0, 0, 0, 0, 0, 0, 0, 0, 0, 3, 35
"c:\ws-code\ws-kwik\kwik-ui\modules\render\vulkan\vulkan_image_renderer.cppm", "C++", 0, 39, 0, 0, 0, 0, 0, 0, 0, 0, 0, 0, 0, 0, 0, 0, 0, 0, 0, 0, 0, 0, 0, 0, 0, 3, 42
"c:\ws-code\ws-kwik\kwik-ui\modules\render\vulkan\vulkan_rect_renderer.cppm", "C++", 0, 33, 0, 0, 0, 0, 0, 0, 0, 0, 0, 0, 0, 0, 0, 0, 0, 0, 0, 0, 0, 0, 0, 0, 0, 4, 37
"c:\ws-code\ws-kwik\kwik-ui\modules\render\vulkan_backend.cppm", "C++", 0, 0, 0, 0, 0, 0, 0, 0, 0, 0, 0, 0, 0, 0, 0, 0, 0, 0, 0, 0, 0, 0, 0, 0, 151, 15, 166
"c:\ws-code\ws-kwik\kwik-ui\modules\utils\string_utils.cppm", "C++", 0, 9, 0, 0, 0, 0, 0, 0, 0, 0, 0, 0, 0, 0, 0, 0, 0, 0, 0, 0, 0, 0, 0, 0, 5, 5, 19
"c:\ws-code\ws-kwik\kwik-ui\modules\utils\utils.cppm", "C++", 0, 2, 0, 0, 0, 0, 0, 0, 0, 0, 0, 0, 0, 0, 0, 0, 0, 0, 0, 0, 0, 0, 0, 0, 0, 2, 4
"c:\ws-code\ws-kwik\kwik-ui\package-lock.json", "JSON", 0, 0, 0, 0, 0, 0, 0, 6, 0, 0, 0, 0, 0, 0, 0, 0, 0, 0, 0, 0, 0, 0, 0, 0, 0, 1, 7
"c:\ws-code\ws-kwik\kwik-ui\package.json", "JSON", 0, 0, 0, 0, 0, 0, 0, 1, 0, 0, 0, 0, 0, 0, 0, 0, 0, 0, 0, 0, 0, 0, 0, 0, 0, 1, 2
"c:\ws-code\ws-kwik\kwik-ui\patches\harfbuzz\CMakeLists.txt", "CMake", 0, 0, 0, 0, 1122, 0, 0, 0, 0, 0, 0, 0, 0, 0, 0, 0, 0, 0, 0, 0, 0, 0, 0, 0, 0, 135, 1257
"c:\ws-code\ws-kwik\kwik-ui\patches\harfbuzz\harfbuzz_cmake_fix.patch", "Diff", 0, 0, 0, 0, 0, 0, 0, 0, 51, 0, 0, 0, 0, 0, 0, 0, 0, 0, 0, 0, 0, 0, 0, 0, 0, 0, 51
"c:\ws-code\ws-kwik\kwik-ui\shaders\compile_shaders.bat", "Batch", 0, 0, 0, 0, 0, 0, 4, 0, 0, 0, 0, 0, 0, 0, 0, 0, 0, 0, 0, 0, 0, 0, 0, 0, 2, 0, 6
"c:\ws-code\ws-kwik\kwik-ui\shaders\gen_spv_header.ps1", "PowerShell", 0, 0, 0, 0, 0, 0, 0, 0, 0, 0, 0, 27, 0, 0, 0, 0, 0, 0, 0, 0, 0, 0, 0, 0, 3, 0, 30
"c:\ws-code\ws-kwik\kwik-ui\shaders\glyph.frag", "GLSL", 0, 0, 0, 0, 0, 0, 0, 0, 0, 0, 12, 0, 0, 0, 0, 0, 0, 0, 0, 0, 0, 0, 0, 0, 7, 0, 19
"c:\ws-code\ws-kwik\kwik-ui\shaders\glyph.vert", "GLSL", 0, 0, 0, 0, 0, 0, 0, 0, 0, 0, 21, 0, 0, 0, 0, 0, 0, 0, 0, 0, 0, 0, 0, 0, 0, 0, 21
"c:\ws-code\ws-kwik\kwik-ui\shaders\image.frag", "GLSL", 0, 0, 0, 0, 0, 0, 0, 0, 0, 0, 26, 0, 0, 0, 0, 0, 0, 0, 0, 0, 0, 0, 0, 0, 5, 5, 36
"c:\ws-code\ws-kwik\kwik-ui\shaders\image.vert", "GLSL", 0, 0, 0, 0, 0, 0, 0, 0, 0, 0, 26, 0, 0, 0, 0, 0, 0, 0, 0, 0, 0, 0, 0, 0, 1, 0, 27
"c:\ws-code\ws-kwik\kwik-ui\shaders\rect.frag", "GLSL", 0, 0, 0, 0, 0, 0, 0, 0, 0, 0, 47, 0, 0, 0, 0, 0, 0, 0, 0, 0, 0, 0, 0, 0, 4, 0, 51
"c:\ws-code\ws-kwik\kwik-ui\shaders\rect.vert", "GLSL", 0, 0, 0, 0, 0, 0, 0, 0, 0, 0, 45, 0, 0, 0, 0, 0, 0, 0, 0, 0, 0, 0, 0, 0, 0, 0, 45
"c:\ws-code\ws-kwik\kwik-ui\shaders\spv_to_header.cmake", "CMake", 0, 0, 0, 0, 22, 0, 0, 0, 0, 0, 0, 0, 0, 0, 0, 0, 0, 0, 0, 0, 0, 0, 0, 0, 0, 0, 22
"c:\ws-code\ws-kwik\kwik-ui\src\app\application.cpp", "C++", 0, 231, 0, 0, 0, 0, 0, 0, 0, 0, 0, 0, 0, 0, 0, 0, 0, 0, 0, 0, 0, 0, 0, 0, 67, 37, 335
"c:\ws-code\ws-kwik\kwik-ui\src\bridge\color_parser.cpp", "C++", 0, 74, 0, 0, 0, 0, 0, 0, 0, 0, 0, 0, 0, 0, 0, 0, 0, 0, 0, 0, 0, 0, 0, 0, 8, 21, 103
"c:\ws-code\ws-kwik\kwik-ui\src\bridge\element_parser.cpp", "C++", 0, 176, 0, 0, 0, 0, 0, 0, 0, 0, 0, 0, 0, 0, 0, 0, 0, 0, 0, 0, 0, 0, 0, 0, 87, 11, 274
"c:\ws-code\ws-kwik\kwik-ui\src\bridge\prop_bus.cpp", "C++", 0, 58, 0, 0, 0, 0, 0, 0, 0, 0, 0, 0, 0, 0, 0, 0, 0, 0, 0, 0, 0, 0, 0, 0, 3, 1, 62
"c:\ws-code\ws-kwik\kwik-ui\src\bridge\props_parser.cpp", "C++", 0, 394, 0, 0, 0, 0, 0, 0, 0, 0, 0, 0, 0, 0, 0, 0, 0, 0, 0, 0, 0, 0, 0, 0, 44, 27, 465
"c:\ws-code\ws-kwik\kwik-ui\src\core\log.cpp", "C++", 0, 96, 0, 0, 0, 0, 0, 0, 0, 0, 0, 0, 0, 0, 0, 0, 0, 0, 0, 0, 0, 0, 0, 0, 8, 19, 123
"c:\ws-code\ws-kwik\kwik-ui\src\element\button.cpp", "C++", 0, 108, 0, 0, 0, 0, 0, 0, 0, 0, 0, 0, 0, 0, 0, 0, 0, 0, 0, 0, 0, 0, 0, 0, 13, 3, 124
"c:\ws-code\ws-kwik\kwik-ui\src\element\checkbox.cpp", "C++", 0, 107, 0, 0, 0, 0, 0, 0, 0, 0, 0, 0, 0, 0, 0, 0, 0, 0, 0, 0, 0, 0, 0, 0, 28, 0, 135
"c:\ws-code\ws-kwik\kwik-ui\src\element\dropdown.cpp", "C++", 0, 226, 0, 0, 0, 0, 0, 0, 0, 0, 0, 0, 0, 0, 0, 0, 0, 0, 0, 0, 0, 0, 0, 0, 40, 26, 292
"c:\ws-code\ws-kwik\kwik-ui\src\element\image.cpp", "C++", 0, 131, 0, 0, 0, 0, 0, 0, 0, 0, 0, 0, 0, 0, 0, 0, 0, 0, 0, 0, 0, 0, 0, 0, 38, 4, 173
"c:\ws-code\ws-kwik\kwik-ui\src\element\input.cpp", "C++", 0, 328, 0, 0, 0, 0, 0, 0, 0, 0, 0, 0, 0, 0, 0, 0, 0, 0, 0, 0, 0, 0, 0, 0, 35, 6, 369
"c:\ws-code\ws-kwik\kwik-ui\src\element\radiobutton.cpp", "C++", 0, 99, 0, 0, 0, 0, 0, 0, 0, 0, 0, 0, 0, 0, 0, 0, 0, 0, 0, 0, 0, 0, 0, 0, 24, 1, 124
"c:\ws-code\ws-kwik\kwik-ui\src\element\stb_image_impl.cpp", "C++", 0, 2, 0, 0, 0, 0, 0, 0, 0, 0, 0, 0, 0, 0, 0, 0, 0, 0, 0, 0, 0, 0, 0, 0, 2, 0, 4
"c:\ws-code\ws-kwik\kwik-ui\src\element\svg_decoder.cpp", "C++", 0, 51, 0, 0, 0, 0, 0, 0, 0, 0, 0, 0, 0, 0, 0, 0, 0, 0, 0, 0, 0, 0, 0, 0, 20, 1, 72
"c:\ws-code\ws-kwik\kwik-ui\src\element\text.cpp", "C++", 0, 85, 0, 0, 0, 0, 0, 0, 0, 0, 0, 0, 0, 0, 0, 0, 0, 0, 0, 0, 0, 0, 0, 0, 18, 5, 108
"c:\ws-code\ws-kwik\kwik-ui\src\element\textarea.cpp", "C++", 0, 308, 0, 0, 0, 0, 0, 0, 0, 0, 0, 0, 0, 0, 0, 0, 0, 0, 0, 0, 0, 0, 0, 0, 56, 3, 367
"c:\ws-code\ws-kwik\kwik-ui\src\element\view.cpp", "C++", 0, 344, 0, 0, 0, 0, 0, 0, 0, 0, 0, 0, 0, 0, 0, 0, 0, 0, 0, 0, 0, 0, 0, 0, 46, 14, 404
"c:\ws-code\ws-kwik\kwik-ui\src\engine\bindings.cpp", "C++", 0, 358, 0, 0, 0, 0, 0, 0, 0, 0, 0, 0, 0, 0, 0, 0, 0, 0, 0, 0, 0, 0, 0, 0, 35, 63, 456
"c:\ws-code\ws-kwik\kwik-ui\src\engine\js_value.cpp", "C++", 0, 45, 0, 0, 0, 0, 0, 0, 0, 0, 0, 0, 0, 0, 0, 0, 0, 0, 0, 0, 0, 0, 0, 0, 0, 6, 51
"c:\ws-code\ws-kwik\kwik-ui\src\engine\quickjs_context.cpp", "C++", 0, 208, 0, 0, 0, 0, 0, 0, 0, 0, 0, 0, 0, 0, 0, 0, 0, 0, 0, 0, 0, 0, 0, 0, 56, 20, 284
"c:\ws-code\ws-kwik\kwik-ui\src\engine\quickjs_runtime.cpp", "C++", 0, 21, 0, 0, 0, 0, 0, 0, 0, 0, 0, 0, 0, 0, 0, 0, 0, 0, 0, 0, 0, 0, 0, 0, 0, 6, 27
"c:\ws-code\ws-kwik\kwik-ui\src\event\event.cpp", "C++", 0, 177, 0, 0, 0, 0, 0, 0, 0, 0, 0, 0, 0, 0, 0, 0, 0, 0, 0, 0, 0, 0, 0, 0, 36, 5, 218
"c:\ws-code\ws-kwik\kwik-ui\src\layout\flex_layout.cpp", "C++", 0, 147, 0, 0, 0, 0, 0, 0, 0, 0, 0, 0, 0, 0, 0, 0, 0, 0, 0, 0, 0, 0, 0, 0, 5, 2, 154
"c:\ws-code\ws-kwik\kwik-ui\src\layout\grid_layout.cpp", "C++", 0, 36, 0, 0, 0, 0, 0, 0, 0, 0, 0, 0, 0, 0, 0, 0, 0, 0, 0, 0, 0, 0, 0, 0, 0, 0, 36
"c:\ws-code\ws-kwik\kwik-ui\src\layout\list_layout.cpp", "C++", 0, 137, 0, 0, 0, 0, 0, 0, 0, 0, 0, 0, 0, 0, 0, 0, 0, 0, 0, 0, 0, 0, 0, 0, 25, 0, 162
"c:\ws-code\ws-kwik\kwik-ui\src\layout\radio_group.cpp", "C++", 0, 24, 0, 0, 0, 0, 0, 0, 0, 0, 0, 0, 0, 0, 0, 0, 0, 0, 0, 0, 0, 0, 0, 0, 39, 0, 63
"c:\ws-code\ws-kwik\kwik-ui\src\layout\stack_layout.cpp", "C++", 0, 63, 0, 0, 0, 0, 0, 0, 0, 0, 0, 0, 0, 0, 0, 0, 0, 0, 0, 0, 0, 0, 0, 0, 6, 0, 69
"c:\ws-code\ws-kwik\kwik-ui\src\platform\window_android.cpp", "C++", 0, 314, 0, 0, 0, 0, 0, 0, 0, 0, 0, 0, 0, 0, 0, 0, 0, 0, 0, 0, 0, 0, 0, 0, 29, 43, 386
"c:\ws-code\ws-kwik\kwik-ui\src\platform\window_drm.cpp", "C++", 0, 353, 0, 0, 0, 0, 0, 0, 0, 0, 0, 0, 0, 0, 0, 0, 0, 0, 0, 0, 0, 0, 0, 0, 39, 47, 439
"c:\ws-code\ws-kwik\kwik-ui\src\platform\window_fbdev.cpp", "C++", 0, 326, 0, 0, 0, 0, 0, 0, 0, 0, 0, 0, 0, 0, 0, 0, 0, 0, 0, 0, 0, 0, 0, 0, 44, 39, 409
"c:\ws-code\ws-kwik\kwik-ui\src\platform\window_wayland.cpp", "C++", 0, 213, 0, 0, 0, 0, 0, 0, 0, 0, 0, 0, 0, 0, 0, 0, 0, 0, 0, 0, 0, 0, 0, 0, 41, 49, 303
"c:\ws-code\ws-kwik\kwik-ui\src\platform\window_win32.cpp", "C++", 0, 341, 0, 0, 0, 0, 0, 0, 0, 0, 0, 0, 0, 0, 0, 0, 0, 0, 0, 0, 0, 0, 0, 0, 60, 64, 465
"c:\ws-code\ws-kwik\kwik-ui\src\render\command.cpp", "C++", 0, 83, 0, 0, 0, 0, 0, 0, 0, 0, 0, 0, 0, 0, 0, 0, 0, 0, 0, 0, 0, 0, 0, 0, 28, 12, 123
"c:\ws-code\ws-kwik\kwik-ui\src\render\font.cpp", "C++", 0, 409, 0, 0, 0, 0, 0, 0, 0, 0, 0, 0, 0, 0, 0, 0, 0, 0, 0, 0, 0, 0, 0, 0, 69, 10, 488
"c:\ws-code\ws-kwik\kwik-ui\src\render\graphics.cpp", "C++", 0, 147, 0, 0, 0, 0, 0, 0, 0, 0, 0, 0, 0, 0, 0, 0, 0, 0, 0, 0, 0, 0, 0, 0, 32, 40, 219
"c:\ws-code\ws-kwik\kwik-ui\src\render\render_thread.cpp", "C++", 0, 208, 0, 0, 0, 0, 0, 0, 0, 0, 0, 0, 0, 0, 0, 0, 0, 0, 0, 0, 0, 0, 0, 0, 50, 57, 315
"c:\ws-code\ws-kwik\kwik-ui\src\render\vulkan\vulkan_backend.cpp", "C++", 0, 137, 0, 0, 0, 0, 0, 0, 0, 0, 0, 0, 0, 0, 0, 0, 0, 0, 0, 0, 0, 0, 0, 0, 9, 5, 151
"c:\ws-code\ws-kwik\kwik-ui\src\render\vulkan\vulkan_clip_manager.cpp", "C++", 0, 58, 0, 0, 0, 0, 0, 0, 0, 0, 0, 0, 0, 0, 0, 0, 0, 0, 0, 0, 0, 0, 0, 0, 0, 2, 60
"c:\ws-code\ws-kwik\kwik-ui\src\render\vulkan\vulkan_context.cpp", "C++", 0, 782, 0, 0, 0, 0, 0, 0, 0, 0, 0, 0, 0, 0, 0, 0, 0, 0, 0, 0, 0, 0, 0, 0, 82, 49, 913
"c:\ws-code\ws-kwik\kwik-ui\src\render\vulkan\vulkan_glyph_renderer.cpp", "C++", 0, 389, 0, 0, 0, 0, 0, 0, 0, 0, 0, 0, 0, 0, 0, 0, 0, 0, 0, 0, 0, 0, 0, 0, 27, 1, 417
"c:\ws-code\ws-kwik\kwik-ui\src\render\vulkan\vulkan_image_renderer.cpp", "C++", 0, 443, 0, 0, 0, 0, 0, 0, 0, 0, 0, 0, 0, 0, 0, 0, 0, 0, 0, 0, 0, 0, 0, 0, 28, 3, 474
"c:\ws-code\ws-kwik\kwik-ui\src\render\vulkan\vulkan_rect_renderer.cpp", "C++", 0, 299, 0, 0, 0, 0, 0, 0, 0, 0, 0, 0, 0, 0, 0, 0, 0, 0, 0, 0, 0, 0, 0, 0, 20, 2, 321
"c:\ws-code\ws-kwik\kwik-ui\src\utils\string_utils.cpp", "C++", 0, 13, 0, 0, 0, 0, 0, 0, 0, 0, 0, 0, 0, 0, 0, 0, 0, 0, 0, 0, 0, 0, 0, 0, 0, 3, 16
"c:\ws-code\ws-kwik\kwik-ui\third_party\freetype\.gitlab-ci.yml", "YAML", 0, 0, 0, 0, 0, 0, 0, 0, 0, 178, 0, 0, 0, 0, 0, 0, 0, 0, 0, 0, 0, 0, 0, 0, 36, 38, 252
"c:\ws-code\ws-kwik\kwik-ui\third_party\freetype\CMakeLists.txt", "CMake", 0, 0, 0, 0, 688, 0, 0, 0, 0, 0, 0, 0, 0, 0, 0, 0, 0, 0, 0, 0, 0, 0, 0, 0, 0, 84, 772
"c:\ws-code\ws-kwik\kwik-ui\third_party\freetype\Makefile", "Makefile", 0, 0, 0, 0, 0, 0, 0, 0, 0, 0, 0, 0, 0, 0, 5, 0, 0, 0, 0, 0, 0, 0, 0, 0, 20, 10, 35
"c:\ws-code\ws-kwik\kwik-ui\third_party\freetype\autogen.sh", "Shell Script", 0, 0, 0, 0, 0, 0, 0, 0, 0, 0, 0, 0, 140, 0, 0, 0, 0, 0, 0, 0, 0, 0, 0, 0, 28, 32, 200
"c:\ws-code\ws-kwik\kwik-ui\third_party\freetype\builds\amiga\include\config\ftconfig.h", "C++", 0, 15, 0, 0, 0, 0, 0, 0, 0, 0, 0, 0, 0, 0, 0, 0, 0, 0, 0, 0, 0, 0, 0, 0, 35, 6, 56
"c:\ws-code\ws-kwik\kwik-ui\third_party\freetype\builds\amiga\include\config\ftmodule.h", "C++", 0, 81, 0, 0, 0, 0, 0, 0, 0, 0, 0, 0, 0, 0, 0, 0, 0, 0, 0, 0, 0, 0, 0, 0, 48, 30, 159
"c:\ws-code\ws-kwik\kwik-ui\third_party\freetype\builds\amiga\makefile", "Makefile", 0, 0, 0, 0, 0, 0, 0, 0, 0, 0, 0, 0, 0, 0, 113, 0, 0, 0, 0, 0, 0, 0, 0, 0, 118, 63, 294
"c:\ws-code\ws-kwik\kwik-ui\third_party\freetype\builds\amiga\src\base\ftdebug.c", "C", 0, 0, 174, 0, 0, 0, 0, 0, 0, 0, 0, 0, 0, 0, 0, 0, 0, 0, 0, 0, 0, 0, 0, 0, 89, 86, 349
"c:\ws-code\ws-kwik\kwik-ui\third_party\freetype\builds\amiga\src\base\ftsystem.c", "C", 0, 0, 290, 0, 0, 0, 0, 0, 0, 0, 0, 0, 0, 0, 0, 0, 0, 0, 0, 0, 0, 0, 0, 0, 170, 71, 531
"c:\ws-code\ws-kwik\kwik-ui\third_party\freetype\builds\ansi\ansi-def.mk", "Makefile", 0, 0, 0, 0, 0, 0, 0, 0, 0, 0, 0, 0, 0, 0, 14, 0, 0, 0, 0, 0, 0, 0, 0, 0, 42, 22, 78
"c:\ws-code\ws-kwik\kwik-ui\third_party\freetype\builds\ansi\ansi.mk", "Makefile", 0, 0, 0, 0, 0, 0, 0, 0, 0, 0, 0, 0, 0, 0, 3, 0, 0, 0, 0, 0, 0, 0, 0, 0, 12, 7, 22
"c:\ws-code\ws-kwik\kwik-ui\third_party\freetype\builds\atari\ATARI.H", "C++", 0, 13, 0, 0, 0, 0, 0, 0, 0, 0, 0, 0, 0, 0, 0, 0, 0, 0, 0, 0, 0, 0, 0, 0, 1, 7, 21
"c:\ws-code\ws-kwik\kwik-ui\third_party\freetype\builds\atari\gen-purec-patch.sh", "Shell Script", 0, 0, 0, 0, 0, 0, 0, 0, 0, 0, 0, 0, 30, 0, 0, 0, 0, 0, 0, 0, 0, 0, 0, 0, 1, 10, 41
"c:\ws-code\ws-kwik\kwik-ui\third_party\freetype\builds\beos\beos-def.mk", "Makefile", 0, 0, 0, 0, 0, 0, 0, 0, 0, 0, 0, 0, 0, 0, 14, 0, 0, 0, 0, 0, 0, 0, 0, 0, 44, 22, 80
"c:\ws-code\ws-kwik\kwik-ui\third_party\freetype\builds\beos\beos.mk", "Makefile", 0, 0, 0, 0, 0, 0, 0, 0, 0, 0, 0, 0, 0, 0, 3, 0, 0, 0, 0, 0, 0, 0, 0, 0, 12, 5, 20
"c:\ws-code\ws-kwik\kwik-ui\third_party\freetype\builds\beos\detect.mk", "Makefile", 0, 0, 0, 0, 0, 0, 0, 0, 0, 0, 0, 0, 0, 0, 14, 0, 0, 0, 0, 0, 0, 0, 0, 0, 12, 16, 42
"c:\ws-code\ws-kwik\kwik-ui\third_party\freetype\builds\cmake\FindBrotliDec.cmake", "CMake", 0, 0, 0, 0, 43, 0, 0, 0, 0, 0, 0, 0, 0, 0, 0, 0, 0, 0, 0, 0, 0, 0, 0, 0, 0, 10, 53
"c:\ws-code\ws-kwik\kwik-ui\third_party\freetype\builds\cmake\FindHarfBuzz.cmake", "CMake", 0, 0, 0, 0, 177, 0, 0, 0, 0, 0, 0, 0, 0, 0, 0, 0, 0, 0, 0, 0, 0, 0, 0, 0, 0, 27, 204
"c:\ws-code\ws-kwik\kwik-ui\third_party\freetype\builds\cmake\iOS.cmake", "CMake", 0, 0, 0, 0, 231, 0, 0, 0, 0, 0, 0, 0, 0, 0, 0, 0, 0, 0, 0, 0, 0, 0, 0, 0, 0, 40, 271
"c:\ws-code\ws-kwik\kwik-ui\third_party\freetype\builds\cmake\testbuild.sh", "Shell Script", 0, 0, 0, 0, 0, 0, 0, 0, 0, 0, 0, 0, 81, 0, 0, 0, 0, 0, 0, 0, 0, 0, 0, 0, 38, 39, 158
"c:\ws-code\ws-kwik\kwik-ui\third_party\freetype\builds\compiler\ansi-cc.mk", "Makefile", 0, 0, 0, 0, 0, 0, 0, 0, 0, 0, 0, 0, 0, 0, 14, 0, 0, 0, 0, 0, 0, 0, 0, 0, 44, 23, 81
"c:\ws-code\ws-kwik\kwik-ui\third_party\freetype\builds\compiler\bcc-dev.mk", "Makefile", 0, 0, 0, 0, 0, 0, 0, 0, 0, 0, 0, 0, 0, 0, 18, 0, 0, 0, 0, 0, 0, 0, 0, 0, 44, 25, 87
"c:\ws-code\ws-kwik\kwik-ui\third_party\freetype\builds\compiler\bcc.mk", "Makefile", 0, 0, 0, 0, 0, 0, 0, 0, 0, 0, 0, 0, 0, 0, 18, 0, 0, 0, 0, 0, 0, 0, 0, 0, 44, 25, 87
"c:\ws-code\ws-kwik\kwik-ui\third_party\freetype\builds\compiler\emx.mk", "Makefile", 0, 0, 0, 0, 0, 0, 0, 0, 0, 0, 0, 0, 0, 0, 14, 0, 0, 0, 0, 0, 0, 0, 0, 0, 42, 22, 78
"c:\ws-code\ws-kwik\kwik-ui\third_party\freetype\builds\compiler\gcc-dev.mk", "Makefile", 0, 0, 0, 0, 0, 0, 0, 0, 0, 0, 0, 0, 0, 0, 31, 0, 0, 0, 0, 0, 0, 0, 0, 0, 43, 24, 98
"c:\ws-code\ws-kwik\kwik-ui\third_party\freetype\builds\compiler\gcc.mk", "Makefile", 0, 0, 0, 0, 0, 0, 0, 0, 0, 0, 0, 0, 0, 0, 14, 0, 0, 0, 0, 0, 0, 0, 0, 0, 42, 22, 78
"c:\ws-code\ws-kwik\kwik-ui\third_party\freetype\builds\compiler\intelc.mk", "Makefile", 0, 0, 0, 0, 0, 0, 0, 0, 0, 0, 0, 0, 0, 0, 14, 0, 0, 0, 0, 0, 0, 0, 0, 0, 49, 23, 86
"c:\ws-code\ws-kwik\kwik-ui\third_party\freetype\builds\compiler\unix-lcc.mk", "Makefile", 0, 0, 0, 0, 0, 0, 0, 0, 0, 0, 0, 0, 0, 0, 14, 0, 0, 0, 0, 0, 0, 0, 0, 0, 46, 24, 84
"c:\ws-code\ws-kwik\kwik-ui\third_party\freetype\builds\compiler\visualage.mk", "Makefile", 0, 0, 0, 0, 0, 0, 0, 0, 0, 0, 0, 0, 0, 0, 13, 0, 0, 0, 0, 0, 0, 0, 0, 0, 40, 24, 77
"c:\ws-code\ws-kwik\kwik-ui\third_party\freetype\builds\compiler\visualc.mk", "Makefile", 0, 0, 0, 0, 0, 0, 0, 0, 0, 0, 0, 0, 0, 0, 14, 0, 0, 0, 0, 0, 0, 0, 0, 0, 45, 24, 83
"c:\ws-code\ws-kwik\kwik-ui\third_party\freetype\builds\compiler\watcom.mk", "Makefile", 0, 0, 0, 0, 0, 0, 0, 0, 0, 0, 0, 0, 0, 0, 17, 0, 0, 0, 0, 0, 0, 0, 0, 0, 42, 23, 82
"c:\ws-code\ws-kwik\kwik-ui\third_party\freetype\builds\compiler\win-lcc.mk", "Makefile", 0, 0, 0, 0, 0, 0, 0, 0, 0, 0, 0, 0, 0, 0, 13, 0, 0, 0, 0, 0, 0, 0, 0, 0, 45, 24, 82
"c:\ws-code\ws-kwik\kwik-ui\third_party\freetype\builds\detect.mk", "Makefile", 0, 0, 0, 0, 0, 0, 0, 0, 0, 0, 0, 0, 0, 0, 42, 0, 0, 0, 0, 0, 0, 0, 0, 0, 69, 18, 129
"c:\ws-code\ws-kwik\kwik-ui\third_party\freetype\builds\dos\detect.mk", "Makefile", 0, 0, 0, 0, 0, 0, 0, 0, 0, 0, 0, 0, 0, 0, 79, 0, 0, 0, 0, 0, 0, 0, 0, 0, 42, 32, 153
"c:\ws-code\ws-kwik\kwik-ui\third_party\freetype\builds\dos\dos-def.mk", "Makefile", 0, 0, 0, 0, 0, 0, 0, 0, 0, 0, 0, 0, 0, 0, 10, 0, 0, 0, 0, 0, 0, 0, 0, 0, 26, 13, 49
"c:\ws-code\ws-kwik\kwik-ui\third_party\freetype\builds\dos\dos-emx.mk", "Makefile", 0, 0, 0, 0, 0, 0, 0, 0, 0, 0, 0, 0, 0, 0, 3, 0, 0, 0, 0, 0, 0, 0, 0, 0, 12, 7, 22
"c:\ws-code\ws-kwik\kwik-ui\third_party\freetype\builds\dos\dos-gcc.mk", "Makefile", 0, 0, 0, 0, 0, 0, 0, 0, 0, 0, 0, 0, 0, 0, 3, 0, 0, 0, 0, 0, 0, 0, 0, 0, 12, 7, 22
"c:\ws-code\ws-kwik\kwik-ui\third_party\freetype\builds\dos\dos-wat.mk", "Makefile", 0, 0, 0, 0, 0, 0, 0, 0, 0, 0, 0, 0, 0, 0, 3, 0, 0, 0, 0, 0, 0, 0, 0, 0, 12, 6, 21
"c:\ws-code\ws-kwik\kwik-ui\third_party\freetype\builds\exports.mk", "Makefile", 0, 0, 0, 0, 0, 0, 0, 0, 0, 0, 0, 0, 0, 0, 26, 0, 0, 0, 0, 0, 0, 0, 0, 0, 35, 20, 81
"c:\ws-code\ws-kwik\kwik-ui\third_party\freetype\builds\freetype.mk", "Makefile", 0, 0, 0, 0, 0, 0, 0, 0, 0, 0, 0, 0, 0, 0, 130, 0, 0, 0, 0, 0, 0, 0, 0, 0, 177, 79, 386
"c:\ws-code\ws-kwik\kwik-ui\third_party\freetype\builds\link_dos.mk", "Makefile", 0, 0, 0, 0, 0, 0, 0, 0, 0, 0, 0, 0, 0, 0, 11, 0, 0, 0, 0, 0, 0, 0, 0, 0, 20, 12, 43
"c:\ws-code\ws-kwik\kwik-ui\third_party\freetype\builds\link_std.mk", "Makefile", 0, 0, 0, 0, 0, 0, 0, 0, 0, 0, 0, 0, 0, 0, 11, 0, 0, 0, 0, 0, 0, 0, 0, 0, 20, 12, 43
"c:\ws-code\ws-kwik\kwik-ui\third_party\freetype\builds\mac\ascii2mpw.py", "Python", 0, 0, 0, 0, 0, 0, 0, 0, 0, 0, 0, 0, 0, 0, 0, 0, 22, 0, 0, 0, 0, 0, 0, 0, 1, 2, 25
"c:\ws-code\ws-kwik\kwik-ui\third_party\freetype\builds\mac\ftlib.prj.xml", "XML", 0, 0, 0, 1132, 0, 0, 0, 0, 0, 0, 0, 0, 0, 0, 0, 0, 0, 0, 0, 0, 0, 0, 0, 0, 28, 35, 1195
"c:\ws-code\ws-kwik\kwik-ui\third_party\freetype\builds\mac\ftmac.c", "C", 0, 0, 1014, 0, 0, 0, 0, 0, 0, 0, 0, 0, 0, 0, 0, 0, 0, 0, 0, 0, 0, 0, 0, 0, 175, 354, 1543
"c:\ws-code\ws-kwik\kwik-ui\third_party\freetype\builds\meson\extract_freetype_version.py", "Python", 0, 0, 0, 0, 0, 0, 0, 0, 0, 0, 0, 0, 0, 0, 0, 0, 71, 0, 0, 0, 0, 0, 0, 0, 24, 23, 118
"c:\ws-code\ws-kwik\kwik-ui\third_party\freetype\builds\meson\extract_libtool_version.py", "Python", 0, 0, 0, 0, 0, 0, 0, 0, 0, 0, 0, 0, 0, 0, 0, 0, 71, 0, 0, 0, 0, 0, 0, 0, 24, 21, 116
"c:\ws-code\ws-kwik\kwik-ui\third_party\freetype\builds\meson\generate_reference_docs.py", "Python", 0, 0, 0, 0, 0, 0, 0, 0, 0, 0, 0, 0, 0, 0, 0, 0, 60, 0, 0, 0, 0, 0, 0, 0, 12, 18, 90
"c:\ws-code\ws-kwik\kwik-ui\third_party\freetype\builds\meson\parse_modules_cfg.py", "Python", 0, 0, 0, 0, 0, 0, 0, 0, 0, 0, 0, 0, 0, 0, 0, 0, 119, 0, 0, 0, 0, 0, 0, 0, 23, 36, 178
"c:\ws-code\ws-kwik\kwik-ui\third_party\freetype\builds\meson\process_ftoption_h.py", "Python", 0, 0, 0, 0, 0, 0, 0, 0, 0, 0, 0, 0, 0, 0, 0, 0, 69, 0, 0, 0, 0, 0, 0, 0, 26, 21, 116
"c:\ws-code\ws-kwik\kwik-ui\third_party\freetype\builds\modules.mk", "Makefile", 0, 0, 0, 0, 0, 0, 0, 0, 0, 0, 0, 0, 0, 0, 32, 0, 0, 0, 0, 0, 0, 0, 0, 0, 28, 20, 80
"c:\ws-code\ws-kwik\kwik-ui\third_party\freetype\builds\os2\detect.mk", "Makefile", 0, 0, 0, 0, 0, 0, 0, 0, 0, 0, 0, 0, 0, 0, 42, 0, 0, 0, 0, 0, 0, 0, 0, 0, 15, 25, 82
"c:\ws-code\ws-kwik\kwik-ui\third_party\freetype\builds\os2\os2-def.mk", "Makefile", 0, 0, 0, 0, 0, 0, 0, 0, 0, 0, 0, 0, 0, 0, 10, 0, 0, 0, 0, 0, 0, 0, 0, 0, 26, 13, 49
"c:\ws-code\ws-kwik\kwik-ui\third_party\freetype\builds\os2\os2-dev.mk", "Makefile", 0, 0, 0, 0, 0, 0, 0, 0, 0, 0, 0, 0, 0, 0, 4, 0, 0, 0, 0, 0, 0, 0, 0, 0, 17, 10, 31
"c:\ws-code\ws-kwik\kwik-ui\third_party\freetype\builds\os2\os2-gcc.mk", "Makefile", 0, 0, 0, 0, 0, 0, 0, 0, 0, 0, 0, 0, 0, 0, 3, 0, 0, 0, 0, 0, 0, 0, 0, 0, 15, 9, 27
"c:\ws-code\ws-kwik\kwik-ui\third_party\freetype\builds\plan9\p9lib.h", "C++", 0, 51, 0, 0, 0, 0, 0, 0, 0, 0, 0, 0, 0, 0, 0, 0, 0, 0, 0, 0, 0, 0, 0, 0, 16, 13, 80
"c:\ws-code\ws-kwik\kwik-ui\third_party\freetype\builds\toplevel.mk", "Makefile", 0, 0, 0, 0, 0, 0, 0, 0, 0, 0, 0, 0, 0, 0, 144, 0, 0, 0, 0, 0, 0, 0, 0, 0, 98, 78, 320
"c:\ws-code\ws-kwik\kwik-ui\third_party\freetype\builds\unix\detect.mk", "Makefile", 0, 0, 0, 0, 0, 0, 0, 0, 0, 0, 0, 0, 0, 0, 46, 0, 0, 0, 0, 0, 0, 0, 0, 0, 34, 20, 100
"c:\ws-code\ws-kwik\kwik-ui\third_party\freetype\builds\unix\ftsystem.c", "C", 0, 0, 209, 0, 0, 0, 0, 0, 0, 0, 0, 0, 0, 0, 0, 0, 0, 0, 0, 0, 0, 0, 0, 0, 142, 86, 437
"c:\ws-code\ws-kwik\kwik-ui\third_party\freetype\builds\unix\install.mk", "Makefile", 0, 0, 0, 0, 0, 0, 0, 0, 0, 0, 0, 0, 0, 0, 56, 0, 0, 0, 0, 0, 0, 0, 0, 0, 31, 16, 103
"c:\ws-code\ws-kwik\kwik-ui\third_party\freetype\builds\unix\unix-dev.mk", "Makefile", 0, 0, 0, 0, 0, 0, 0, 0, 0, 0, 0, 0, 0, 0, 4, 0, 0, 0, 0, 0, 0, 0, 0, 0, 15, 8, 27
"c:\ws-code\ws-kwik\kwik-ui\third_party\freetype\builds\unix\unix-lcc.mk", "Makefile", 0, 0, 0, 0, 0, 0, 0, 0, 0, 0, 0, 0, 0, 0, 3, 0, 0, 0, 0, 0, 0, 0, 0, 0, 15, 7, 25
"c:\ws-code\ws-kwik\kwik-ui\third_party\freetype\builds\unix\unix.mk", "Makefile", 0, 0, 0, 0, 0, 0, 0, 0, 0, 0, 0, 0, 0, 0, 22, 0, 0, 0, 0, 0, 0, 0, 0, 0, 25, 16, 63
"c:\ws-code\ws-kwik\kwik-ui\third_party\freetype\builds\unix\unixddef.mk", "Makefile", 0, 0, 0, 0, 0, 0, 0, 0, 0, 0, 0, 0, 0, 0, 10, 0, 0, 0, 0, 0, 0, 0, 0, 0, 22, 15, 47
"c:\ws-code\ws-kwik\kwik-ui\third_party\freetype\builds\vms\apinames_vms.bash", "Shell Script", 0, 0, 0, 0, 0, 0, 0, 0, 0, 0, 0, 0, 2, 0, 0, 0, 0, 0, 0, 0, 0, 0, 0, 0, 0, 1, 3
"c:\ws-code\ws-kwik\kwik-ui\third_party\freetype\builds\vms\ftconfig.h", "C++", 0, 15, 0, 0, 0, 0, 0, 0, 0, 0, 0, 0, 0, 0, 0, 0, 0, 0, 0, 0, 0, 0, 0, 0, 32, 12, 59
"c:\ws-code\ws-kwik\kwik-ui\third_party\freetype\builds\vms\ftsystem.c", "C", 0, 0, 161, 0, 0, 0, 0, 0, 0, 0, 0, 0, 0, 0, 0, 0, 0, 0, 0, 0, 0, 0, 0, 0, 101, 67, 329
"c:\ws-code\ws-kwik\kwik-ui\third_party\freetype\builds\wince\ftdebug.c", "C", 0, 0, 178, 0, 0, 0, 0, 0, 0, 0, 0, 0, 0, 0, 0, 0, 0, 0, 0, 0, 0, 0, 0, 0, 86, 90, 354
"c:\ws-code\ws-kwik\kwik-ui\third_party\freetype\builds\wince\vc2005-ce\index.html", "HTML", 0, 0, 0, 0, 0, 0, 0, 0, 0, 0, 0, 0, 0, 0, 0, 39, 0, 0, 0, 0, 0, 0, 0, 0, 0, 9, 48
"c:\ws-code\ws-kwik\kwik-ui\third_party\freetype\builds\wince\vc2008-ce\index.html", "HTML", 0, 0, 0, 0, 0, 0, 0, 0, 0, 0, 0, 0, 0, 0, 0, 39, 0, 0, 0, 0, 0, 0, 0, 0, 0, 9, 48
"c:\ws-code\ws-kwik\kwik-ui\third_party\freetype\builds\windows\detect.mk", "Makefile", 0, 0, 0, 0, 0, 0, 0, 0, 0, 0, 0, 0, 0, 0, 107, 0, 0, 0, 0, 0, 0, 0, 0, 0, 52, 44, 203
"c:\ws-code\ws-kwik\kwik-ui\third_party\freetype\builds\windows\ftdebug.c", "C", 0, 0, 388, 0, 0, 0, 0, 0, 0, 0, 0, 0, 0, 0, 0, 0, 0, 0, 0, 0, 0, 0, 0, 0, 139, 172, 699
"c:\ws-code\ws-kwik\kwik-ui\third_party\freetype\builds\windows\ftsystem.c", "C", 0, 0, 256, 0, 0, 0, 0, 0, 0, 0, 0, 0, 0, 0, 0, 0, 0, 0, 0, 0, 0, 0, 0, 0, 143, 102, 501
"c:\ws-code\ws-kwik\kwik-ui\third_party\freetype\builds\windows\vc2010\freetype.user.props", "XML", 0, 0, 0, 11, 0, 0, 0, 0, 0, 0, 0, 0, 0, 0, 0, 0, 0, 0, 0, 0, 0, 0, 0, 0, 48, 10, 69
"c:\ws-code\ws-kwik\kwik-ui\third_party\freetype\builds\windows\vc2010\freetype.vcxproj", "XML", 0, 0, 0, 514, 0, 0, 0, 0, 0, 0, 0, 0, 0, 0, 0, 0, 0, 0, 0, 0, 0, 0, 0, 0, 12, 1, 527
"c:\ws-code\ws-kwik\kwik-ui\third_party\freetype\builds\windows\vc2010\index.html", "HTML", 0, 0, 0, 0, 0, 0, 0, 0, 0, 0, 0, 0, 0, 0, 0, 32, 0, 0, 0, 0, 0, 0, 0, 0, 0, 9, 41
"c:\ws-code\ws-kwik\kwik-ui\third_party\freetype\builds\windows\visualc\index.html", "HTML", 0, 0, 0, 0, 0, 0, 0, 0, 0, 0, 0, 0, 0, 0, 0, 31, 0, 0, 0, 0, 0, 0, 0, 0, 0, 8, 39
"c:\ws-code\ws-kwik\kwik-ui\third_party\freetype\builds\windows\visualce\index.html", "HTML", 0, 0, 0, 0, 0, 0, 0, 0, 0, 0, 0, 0, 0, 0, 0, 39, 0, 0, 0, 0, 0, 0, 0, 0, 0, 9, 48
"c:\ws-code\ws-kwik\kwik-ui\third_party\freetype\builds\windows\w32-bcc.mk", "Makefile", 0, 0, 0, 0, 0, 0, 0, 0, 0, 0, 0, 0, 0, 0, 6, 0, 0, 0, 0, 0, 0, 0, 0, 0, 15, 8, 29
"c:\ws-code\ws-kwik\kwik-ui\third_party\freetype\builds\windows\w32-bccd.mk", "Makefile", 0, 0, 0, 0, 0, 0, 0, 0, 0, 0, 0, 0, 0, 0, 4, 0, 0, 0, 0, 0, 0, 0, 0, 0, 13, 10, 27
"c:\ws-code\ws-kwik\kwik-ui\third_party\freetype\builds\windows\w32-dev.mk", "Makefile", 0, 0, 0, 0, 0, 0, 0, 0, 0, 0, 0, 0, 0, 0, 4, 0, 0, 0, 0, 0, 0, 0, 0, 0, 18, 11, 33
"c:\ws-code\ws-kwik\kwik-ui\third_party\freetype\builds\windows\w32-gcc.mk", "Makefile", 0, 0, 0, 0, 0, 0, 0, 0, 0, 0, 0, 0, 0, 0, 6, 0, 0, 0, 0, 0, 0, 0, 0, 0, 17, 9, 32
"c:\ws-code\ws-kwik\kwik-ui\third_party\freetype\builds\windows\w32-icc.mk", "Makefile", 0, 0, 0, 0, 0, 0, 0, 0, 0, 0, 0, 0, 0, 0, 6, 0, 0, 0, 0, 0, 0, 0, 0, 0, 15, 8, 29
"c:\ws-code\ws-kwik\kwik-ui\third_party\freetype\builds\windows\w32-intl.mk", "Makefile", 0, 0, 0, 0, 0, 0, 0, 0, 0, 0, 0, 0, 0, 0, 6, 0, 0, 0, 0, 0, 0, 0, 0, 0, 15, 8, 29
"c:\ws-code\ws-kwik\kwik-ui\third_party\freetype\builds\windows\w32-lcc.mk", "Makefile", 0, 0, 0, 0, 0, 0, 0, 0, 0, 0, 0, 0, 0, 0, 4, 0, 0, 0, 0, 0, 0, 0, 0, 0, 13, 8, 25
"c:\ws-code\ws-kwik\kwik-ui\third_party\freetype\builds\windows\w32-mingw32.mk", "Makefile", 0, 0, 0, 0, 0, 0, 0, 0, 0, 0, 0, 0, 0, 0, 7, 0, 0, 0, 0, 0, 0, 0, 0, 0, 17, 10, 34
"c:\ws-code\ws-kwik\kwik-ui\third_party\freetype\builds\windows\w32-vcc.mk", "Makefile", 0, 0, 0, 0, 0, 0, 0, 0, 0, 0, 0, 0, 0, 0, 6, 0, 0, 0, 0, 0, 0, 0, 0, 0, 15, 8, 29
"c:\ws-code\ws-kwik\kwik-ui\third_party\freetype\builds\windows\w32-wat.mk", "Makefile", 0, 0, 0, 0, 0, 0, 0, 0, 0, 0, 0, 0, 0, 0, 6, 0, 0, 0, 0, 0, 0, 0, 0, 0, 15, 8, 29
"c:\ws-code\ws-kwik\kwik-ui\third_party\freetype\builds\windows\win32-def.mk", "Makefile", 0, 0, 0, 0, 0, 0, 0, 0, 0, 0, 0, 0, 0, 0, 11, 0, 0, 0, 0, 0, 0, 0, 0, 0, 26, 15, 52
"c:\ws-code\ws-kwik\kwik-ui\third_party\freetype\devel\ft2build.h", "C++", 0, 6, 0, 0, 0, 0, 0, 0, 0, 0, 0, 0, 0, 0, 0, 0, 0, 0, 0, 0, 0, 0, 0, 0, 27, 9, 42
"c:\ws-code\ws-kwik\kwik-ui\third_party\freetype\devel\ftoption.h", "C++", 0, 106, 0, 0, 0, 0, 0, 0, 0, 0, 0, 0, 0, 0, 0, 0, 0, 0, 0, 0, 0, 0, 0, 0, 826, 146, 1078
"c:\ws-code\ws-kwik\kwik-ui\third_party\freetype\docs\markdown\javascripts\extra.js", "JavaScript", 34, 0, 0, 0, 0, 0, 0, 0, 0, 0, 0, 0, 0, 0, 0, 0, 0, 0, 0, 0, 0, 0, 0, 0, 16, 5, 55
"c:\ws-code\ws-kwik\kwik-ui\third_party\freetype\docs\markdown\stylesheets\extra.css", "PostCSS", 0, 0, 0, 0, 0, 0, 0, 0, 0, 0, 0, 0, 0, 0, 0, 0, 0, 0, 0, 0, 151, 0, 0, 0, 20, 7, 178
"c:\ws-code\ws-kwik\kwik-ui\third_party\freetype\include\freetype\config\ftconfig.h", "C++", 0, 9, 0, 0, 0, 0, 0, 0, 0, 0, 0, 0, 0, 0, 0, 0, 0, 0, 0, 0, 0, 0, 0, 0, 34, 9, 52
"c:\ws-code\ws-kwik\kwik-ui\third_party\freetype\include\freetype\config\ftheader.h", "C++", 0, 95, 0, 0, 0, 0, 0, 0, 0, 0, 0, 0, 0, 0, 0, 0, 0, 0, 0, 0, 0, 0, 0, 0, 618, 124, 837
"c:\ws-code\ws-kwik\kwik-ui\third_party\freetype\include\freetype\config\ftmodule.h", "C++", 0, 20, 0, 0, 0, 0, 0, 0, 0, 0, 0, 0, 0, 0, 0, 0, 0, 0, 0, 0, 0, 0, 0, 0, 12, 3, 35
"c:\ws-code\ws-kwik\kwik-ui\third_party\freetype\include\freetype\config\ftoption.h", "C++", 0, 92, 0, 0, 0, 0, 0, 0, 0, 0, 0, 0, 0, 0, 0, 0, 0, 0, 0, 0, 0, 0, 0, 0, 840, 146, 1078
"c:\ws-code\ws-kwik\kwik-ui\third_party\freetype\include\freetype\config\ftstdlib.h", "C++", 0, 58, 0, 0, 0, 0, 0, 0, 0, 0, 0, 0, 0, 0, 0, 0, 0, 0, 0, 0, 0, 0, 0, 0, 79, 49, 186
"c:\ws-code\ws-kwik\kwik-ui\third_party\freetype\include\freetype\config\integer-types.h", "C++", 0, 102, 0, 0, 0, 0, 0, 0, 0, 0, 0, 0, 0, 0, 0, 0, 0, 0, 0, 0, 0, 0, 0, 0, 102, 74, 278
"c:\ws-code\ws-kwik\kwik-ui\third_party\freetype\include\freetype\config\mac-support.h", "C++", 0, 20, 0, 0, 0, 0, 0, 0, 0, 0, 0, 0, 0, 0, 0, 0, 0, 0, 0, 0, 0, 0, 0, 0, 27, 5, 52
"c:\ws-code\ws-kwik\kwik-ui\third_party\freetype\include\freetype\config\public-macros.h", "C++", 0, 48, 0, 0, 0, 0, 0, 0, 0, 0, 0, 0, 0, 0, 0, 0, 0, 0, 0, 0, 0, 0, 0, 0, 67, 24, 139
"c:\ws-code\ws-kwik\kwik-ui\third_party\freetype\include\freetype\freetype.h", "C++", 0, 498, 0, 0, 0, 0, 0, 0, 0, 0, 0, 0, 0, 0, 0, 0, 0, 0, 0, 0, 0, 0, 0, 0, 4437, 350, 5285
"c:\ws-code\ws-kwik\kwik-ui\third_party\freetype\include\freetype\ftadvanc.h", "C++", 0, 23, 0, 0, 0, 0, 0, 0, 0, 0, 0, 0, 0, 0, 0, 0, 0, 0, 0, 0, 0, 0, 0, 0, 144, 22, 189
"c:\ws-code\ws-kwik\kwik-ui\third_party\freetype\include\freetype\ftbbox.h", "C++", 0, 14, 0, 0, 0, 0, 0, 0, 0, 0, 0, 0, 0, 0, 0, 0, 0, 0, 0, 0, 0, 0, 0, 0, 66, 22, 102
"c:\ws-code\ws-kwik\kwik-ui\third_party\freetype\include\freetype\ftbdf.h", "C++", 0, 36, 0, 0, 0, 0, 0, 0, 0, 0, 0, 0, 0, 0, 0, 0, 0, 0, 0, 0, 0, 0, 0, 0, 156, 27, 219
"c:\ws-code\ws-kwik\kwik-ui\third_party\freetype\include\freetype\ftbitmap.h", "C++", 0, 42, 0, 0, 0, 0, 0, 0, 0, 0, 0, 0, 0, 0, 0, 0, 0, 0, 0, 0, 0, 0, 0, 0, 255, 33, 330
"c:\ws-code\ws-kwik\kwik-ui\third_party\freetype\include\freetype\ftbzip2.h", "C++", 0, 14, 0, 0, 0, 0, 0, 0, 0, 0, 0, 0, 0, 0, 0, 0, 0, 0, 0, 0, 0, 0, 0, 0, 73, 16, 103
"c:\ws-code\ws-kwik\kwik-ui\third_party\freetype\include\freetype\ftcache.h", "C++", 0, 119, 0, 0, 0, 0, 0, 0, 0, 0, 0, 0, 0, 0, 0, 0, 0, 0, 0, 0, 0, 0, 0, 0, 882, 87, 1088
"c:\ws-code\ws-kwik\kwik-ui\third_party\freetype\include\freetype\ftchapters.h", "C++", 0, 0, 0, 0, 0, 0, 0, 0, 0, 0, 0, 0, 0, 0, 0, 0, 0, 0, 0, 0, 0, 0, 0, 0, 150, 19, 169
"c:\ws-code\ws-kwik\kwik-ui\third_party\freetype\include\freetype\ftcid.h", "C++", 0, 23, 0, 0, 0, 0, 0, 0, 0, 0, 0, 0, 0, 0, 0, 0, 0, 0, 0, 0, 0, 0, 0, 0, 124, 21, 168
"c:\ws-code\ws-kwik\kwik-ui\third_party\freetype\include\freetype\ftcolor.h", "C++", 0, 270, 0, 0, 0, 0, 0, 0, 0, 0, 0, 0, 0, 0, 0, 0, 0, 0, 0, 0, 0, 0, 0, 0, 1270, 137, 1677
"c:\ws-code\ws-kwik\kwik-ui\third_party\freetype\include\freetype\ftdriver.h", "C++", 0, 33, 0, 0, 0, 0, 0, 0, 0, 0, 0, 0, 0, 0, 0, 0, 0, 0, 0, 0, 0, 0, 0, 0, 1220, 68, 1321
"c:\ws-code\ws-kwik\kwik-ui\third_party\freetype\include\freetype\fterrdef.h", "C++", 0, 190, 0, 0, 0, 0, 0, 0, 0, 0, 0, 0, 0, 0, 0, 0, 0, 0, 0, 0, 0, 0, 0, 0, 63, 31, 284
"c:\ws-code\ws-kwik\kwik-ui\third_party\freetype\include\freetype\fterrors.h", "C++", 0, 61, 0, 0, 0, 0, 0, 0, 0, 0, 0, 0, 0, 0, 0, 0, 0, 0, 0, 0, 0, 0, 0, 0, 182, 54, 297
"c:\ws-code\ws-kwik\kwik-ui\third_party\freetype\include\freetype\ftfntfmt.h", "C++", 0, 15, 0, 0, 0, 0, 0, 0, 0, 0, 0, 0, 0, 0, 0, 0, 0, 0, 0, 0, 0, 0, 0, 0, 59, 20, 94
"c:\ws-code\ws-kwik\kwik-ui\third_party\freetype\include\freetype\ftgasp.h", "C++", 0, 19, 0, 0, 0, 0, 0, 0, 0, 0, 0, 0, 0, 0, 0, 0, 0, 0, 0, 0, 0, 0, 0, 0, 107, 18, 144
"c:\ws-code\ws-kwik\kwik-ui\third_party\freetype\include\freetype\ftglyph.h", "C++", 0, 91, 0, 0, 0, 0, 0, 0, 0, 0, 0, 0, 0, 0, 0, 0, 0, 0, 0, 0, 0, 0, 0, 0, 586, 74, 751
"c:\ws-code\ws-kwik\kwik-ui\third_party\freetype\include\freetype\ftgxval.h", "C++", 0, 64, 0, 0, 0, 0, 0, 0, 0, 0, 0, 0, 0, 0, 0, 0, 0, 0, 0, 0, 0, 0, 0, 0, 254, 37, 355
"c:\ws-code\ws-kwik\kwik-ui\third_party\freetype\include\freetype\ftgzip.h", "C++", 0, 20, 0, 0, 0, 0, 0, 0, 0, 0, 0, 0, 0, 0, 0, 0, 0, 0, 0, 0, 0, 0, 0, 0, 114, 18, 152
"c:\ws-code\ws-kwik\kwik-ui\third_party\freetype\include\freetype\ftimage.h", "C++", 0, 207, 0, 0, 0, 0, 0, 0, 0, 0, 0, 0, 0, 0, 0, 0, 0, 0, 0, 0, 0, 0, 0, 0, 960, 127, 1294
"c:\ws-code\ws-kwik\kwik-ui\third_party\freetype\include\freetype\ftincrem.h", "C++", 0, 46, 0, 0, 0, 0, 0, 0, 0, 0, 0, 0, 0, 0, 0, 0, 0, 0, 0, 0, 0, 0, 0, 0, 267, 36, 349
"c:\ws-code\ws-kwik\kwik-ui\third_party\freetype\include\freetype\ftlcdfil.h", "C++", 0, 32, 0, 0, 0, 0, 0, 0, 0, 0, 0, 0, 0, 0, 0, 0, 0, 0, 0, 0, 0, 0, 0, 0, 259, 27, 318
"c:\ws-code\ws-kwik\kwik-ui\third_party\freetype\include\freetype\ftlist.h", "C++", 0, 42, 0, 0, 0, 0, 0, 0, 0, 0, 0, 0, 0, 0, 0, 0, 0, 0, 0, 0, 0, 0, 0, 0, 219, 36, 297
"c:\ws-code\ws-kwik\kwik-ui\third_party\freetype\include\freetype\ftlogging.h", "C++", 0, 19, 0, 0, 0, 0, 0, 0, 0, 0, 0, 0, 0, 0, 0, 0, 0, 0, 0, 0, 0, 0, 0, 0, 141, 25, 185
"c:\ws-code\ws-kwik\kwik-ui\third_party\freetype\include\freetype\ftlzw.h", "C++", 0, 14, 0, 0, 0, 0, 0, 0, 0, 0, 0, 0, 0, 0, 0, 0, 0, 0, 0, 0, 0, 0, 0, 0, 72, 15, 101
"c:\ws-code\ws-kwik\kwik-ui\third_party\freetype\include\freetype\ftmac.h", "C++", 0, 48, 0, 0, 0, 0, 0, 0, 0, 0, 0, 0, 0, 0, 0, 0, 0, 0, 0, 0, 0, 0, 0, 0, 210, 32, 290
"c:\ws-code\ws-kwik\kwik-ui\third_party\freetype\include\freetype\ftmm.h", "C++", 0, 105, 0, 0, 0, 0, 0, 0, 0, 0, 0, 0, 0, 0, 0, 0, 0, 0, 0, 0, 0, 0, 0, 0, 720, 66, 891
"c:\ws-code\ws-kwik\kwik-ui\third_party\freetype\include\freetype\ftmodapi.h", "C++", 0, 95, 0, 0, 0, 0, 0, 0, 0, 0, 0, 0, 0, 0, 0, 0, 0, 0, 0, 0, 0, 0, 0, 0, 642, 71, 808
"c:\ws-code\ws-kwik\kwik-ui\third_party\freetype\include\freetype\ftmoderr.h", "C++", 0, 54, 0, 0, 0, 0, 0, 0, 0, 0, 0, 0, 0, 0, 0, 0, 0, 0, 0, 0, 0, 0, 0, 0, 120, 31, 205
"c:\ws-code\ws-kwik\kwik-ui\third_party\freetype\include\freetype\ftotval.h", "C++", 0, 34, 0, 0, 0, 0, 0, 0, 0, 0, 0, 0, 0, 0, 0, 0, 0, 0, 0, 0, 0, 0, 0, 0, 148, 25, 207
"c:\ws-code\ws-kwik\kwik-ui\third_party\freetype\include\freetype\ftoutln.h", "C++", 0, 65, 0, 0, 0, 0, 0, 0, 0, 0, 0, 0, 0, 0, 0, 0, 0, 0, 0, 0, 0, 0, 0, 0, 474, 50, 589
"c:\ws-code\ws-kwik\kwik-ui\third_party\freetype\include\freetype\ftparams.h", "C++", 0, 31, 0, 0, 0, 0, 0, 0, 0, 0, 0, 0, 0, 0, 0, 0, 0, 0, 0, 0, 0, 0, 0, 0, 148, 37, 216
"c:\ws-code\ws-kwik\kwik-ui\third_party\freetype\include\freetype\ftpfr.h", "C++", 0, 26, 0, 0, 0, 0, 0, 0, 0, 0, 0, 0, 0, 0, 0, 0, 0, 0, 0, 0, 0, 0, 0, 0, 133, 21, 180
"c:\ws-code\ws-kwik\kwik-ui\third_party\freetype\include\freetype\ftrender.h", "C++", 0, 82, 0, 0, 0, 0, 0, 0, 0, 0, 0, 0, 0, 0, 0, 0, 0, 0, 0, 0, 0, 0, 0, 0, 119, 44, 245
"c:\ws-code\ws-kwik\kwik-ui\third_party\freetype\include\freetype\ftsizes.h", "C++", 0, 18, 0, 0, 0, 0, 0, 0, 0, 0, 0, 0, 0, 0, 0, 0, 0, 0, 0, 0, 0, 0, 0, 0, 118, 24, 160
"c:\ws-code\ws-kwik\kwik-ui\third_party\freetype\include\freetype\ftsnames.h", "C++", 0, 36, 0, 0, 0, 0, 0, 0, 0, 0, 0, 0, 0, 0, 0, 0, 0, 0, 0, 0, 0, 0, 0, 0, 207, 30, 273
"c:\ws-code\ws-kwik\kwik-ui\third_party\freetype\include\freetype\ftstroke.h", "C++", 0, 91, 0, 0, 0, 0, 0, 0, 0, 0, 0, 0, 0, 0, 0, 0, 0, 0, 0, 0, 0, 0, 0, 0, 621, 62, 774
"c:\ws-code\ws-kwik\kwik-ui\third_party\freetype\include\freetype\ftsynth.h", "C++", 0, 23, 0, 0, 0, 0, 0, 0, 0, 0, 0, 0, 0, 0, 0, 0, 0, 0, 0, 0, 0, 0, 0, 0, 59, 23, 105
"c:\ws-code\ws-kwik\kwik-ui\third_party\freetype\include\freetype\ftsystem.h", "C++", 0, 50, 0, 0, 0, 0, 0, 0, 0, 0, 0, 0, 0, 0, 0, 0, 0, 0, 0, 0, 0, 0, 0, 0, 258, 43, 351
"c:\ws-code\ws-kwik\kwik-ui\third_party\freetype\include\freetype\fttrigon.h", "C++", 0, 44, 0, 0, 0, 0, 0, 0, 0, 0, 0, 0, 0, 0, 0, 0, 0, 0, 0, 0, 0, 0, 0, 0, 262, 45, 351
"c:\ws-code\ws-kwik\kwik-ui\third_party\freetype\include\freetype\fttypes.h", "C++", 0, 80, 0, 0, 0, 0, 0, 0, 0, 0, 0, 0, 0, 0, 0, 0, 0, 0, 0, 0, 0, 0, 0, 0, 442, 94, 616
"c:\ws-code\ws-kwik\kwik-ui\third_party\freetype\include\freetype\ftwinfnt.h", "C++", 0, 73, 0, 0, 0, 0, 0, 0, 0, 0, 0, 0, 0, 0, 0, 0, 0, 0, 0, 0, 0, 0, 0, 0, 176, 27, 276
"c:\ws-code\ws-kwik\kwik-ui\third_party\freetype\include\freetype\internal\autohint.h", "C++", 0, 47, 0, 0, 0, 0, 0, 0, 0, 0, 0, 0, 0, 0, 0, 0, 0, 0, 0, 0, 0, 0, 0, 0, 156, 32, 235
"c:\ws-code\ws-kwik\kwik-ui\third_party\freetype\include\freetype\internal\cffotypes.h", "C++", 0, 35, 0, 0, 0, 0, 0, 0, 0, 0, 0, 0, 0, 0, 0, 0, 0, 0, 0, 0, 0, 0, 0, 0, 45, 28, 108
"c:\ws-code\ws-kwik\kwik-ui\third_party\freetype\include\freetype\internal\cfftypes.h", "C++", 0, 223, 0, 0, 0, 0, 0, 0, 0, 0, 0, 0, 0, 0, 0, 0, 0, 0, 0, 0, 0, 0, 0, 0, 98, 96, 417
"c:\ws-code\ws-kwik\kwik-ui\third_party\freetype\include\freetype\internal\compiler-macros.h", "C++", 0, 107, 0, 0, 0, 0, 0, 0, 0, 0, 0, 0, 0, 0, 0, 0, 0, 0, 0, 0, 0, 0, 0, 0, 200, 37, 344
"c:\ws-code\ws-kwik\kwik-ui\third_party\freetype\include\freetype\internal\ftcalc.h", "C++", 0, 229, 0, 0, 0, 0, 0, 0, 0, 0, 0, 0, 0, 0, 0, 0, 0, 0, 0, 0, 0, 0, 0, 0, 128, 120, 477
"c:\ws-code\ws-kwik\kwik-ui\third_party\freetype\include\freetype\internal\ftdebug.h", "C++", 0, 154, 0, 0, 0, 0, 0, 0, 0, 0, 0, 0, 0, 0, 0, 0, 0, 0, 0, 0, 0, 0, 0, 0, 188, 101, 443
"c:\ws-code\ws-kwik\kwik-ui\third_party\freetype\include\freetype\internal\ftdrv.h", "C++", 0, 131, 0, 0, 0, 0, 0, 0, 0, 0, 0, 0, 0, 0, 0, 0, 0, 0, 0, 0, 0, 0, 0, 0, 115, 44, 290
"c:\ws-code\ws-kwik\kwik-ui\third_party\freetype\include\freetype\internal\ftgloadr.h", "C++", 0, 73, 0, 0, 0, 0, 0, 0, 0, 0, 0, 0, 0, 0, 0, 0, 0, 0, 0, 0, 0, 0, 0, 0, 37, 38, 148
"c:\ws-code\ws-kwik\kwik-ui\third_party\freetype\include\freetype\internal\fthash.h", "C++", 0, 78, 0, 0, 0, 0, 0, 0, 0, 0, 0, 0, 0, 0, 0, 0, 0, 0, 0, 0, 0, 0, 0, 0, 38, 43, 159
"c:\ws-code\ws-kwik\kwik-ui\third_party\freetype\include\freetype\internal\ftmemory.h", "C++", 0, 229, 0, 0, 0, 0, 0, 0, 0, 0, 0, 0, 0, 0, 0, 0, 0, 0, 0, 0, 0, 0, 0, 0, 68, 105, 402
"c:\ws-code\ws-kwik\kwik-ui\third_party\freetype\include\freetype\internal\ftmmtypes.h", "C++", 0, 39, 0, 0, 0, 0, 0, 0, 0, 0, 0, 0, 0, 0, 0, 0, 0, 0, 0, 0, 0, 0, 0, 0, 29, 24, 92
"c:\ws-code\ws-kwik\kwik-ui\third_party\freetype\include\freetype\internal\ftobjs.h", "C++", 0, 499, 0, 0, 0, 0, 0, 0, 0, 0, 0, 0, 0, 0, 0, 0, 0, 0, 0, 0, 0, 0, 0, 0, 539, 191, 1229
"c:\ws-code\ws-kwik\kwik-ui\third_party\freetype\include\freetype\internal\ftpsprop.h", "C++", 0, 15, 0, 0, 0, 0, 0, 0, 0, 0, 0, 0, 0, 0, 0, 0, 0, 0, 0, 0, 0, 0, 0, 0, 17, 16, 48
"c:\ws-code\ws-kwik\kwik-ui\third_party\freetype\include\freetype\internal\ftrfork.h", "C++", 0, 65, 0, 0, 0, 0, 0, 0, 0, 0, 0, 0, 0, 0, 0, 0, 0, 0, 0, 0, 0, 0, 0, 0, 149, 32, 246
"c:\ws-code\ws-kwik\kwik-ui\third_party\freetype\include\freetype\internal\ftserv.h", "C++", 0, 276, 0, 0, 0, 0, 0, 0, 0, 0, 0, 0, 0, 0, 0, 0, 0, 0, 0, 0, 0, 0, 0, 0, 165, 55, 496
"c:\ws-code\ws-kwik\kwik-ui\third_party\freetype\include\freetype\internal\ftstream.h", "C++", 0, 320, 0, 0, 0, 0, 0, 0, 0, 0, 0, 0, 0, 0, 0, 0, 0, 0, 0, 0, 0, 0, 0, 0, 116, 135, 571
"c:\ws-code\ws-kwik\kwik-ui\third_party\freetype\include\freetype\internal\fttrace.h", "C++", 0, 108, 0, 0, 0, 0, 0, 0, 0, 0, 0, 0, 0, 0, 0, 0, 0, 0, 0, 0, 0, 0, 0, 0, 43, 29, 180
"c:\ws-code\ws-kwik\kwik-ui\third_party\freetype\include\freetype\internal\ftvalid.h", "C++", 0, 54, 0, 0, 0, 0, 0, 0, 0, 0, 0, 0, 0, 0, 0, 0, 0, 0, 0, 0, 0, 0, 0, 0, 72, 35, 161
"c:\ws-code\ws-kwik\kwik-ui\third_party\freetype\include\freetype\internal\psaux.h", "C++", 0, 701, 0, 0, 0, 0, 0, 0, 0, 0, 0, 0, 0, 0, 0, 0, 0, 0, 0, 0, 0, 0, 0, 0, 449, 298, 1448
"c:\ws-code\ws-kwik\kwik-ui\third_party\freetype\include\freetype\internal\pshints.h", "C++", 0, 113, 0, 0, 0, 0, 0, 0, 0, 0, 0, 0, 0, 0, 0, 0, 0, 0, 0, 0, 0, 0, 0, 0, 518, 69, 700
"c:\ws-code\ws-kwik\kwik-ui\third_party\freetype\include\freetype\internal\services\svbdf.h", "C++", 0, 28, 0, 0, 0, 0, 0, 0, 0, 0, 0, 0, 0, 0, 0, 0, 0, 0, 0, 0, 0, 0, 0, 0, 18, 21, 67
"c:\ws-code\ws-kwik\kwik-ui\third_party\freetype\include\freetype\internal\services\svcfftl.h", "C++", 0, 50, 0, 0, 0, 0, 0, 0, 0, 0, 0, 0, 0, 0, 0, 0, 0, 0, 0, 0, 0, 0, 0, 0, 17, 24, 91
"c:\ws-code\ws-kwik\kwik-ui\third_party\freetype\include\freetype\internal\services\svcid.h", "C++", 0, 33, 0, 0, 0, 0, 0, 0, 0, 0, 0, 0, 0, 0, 0, 0, 0, 0, 0, 0, 0, 0, 0, 0, 18, 19, 70
"c:\ws-code\ws-kwik\kwik-ui\third_party\freetype\include\freetype\internal\services\svfntfmt.h", "C++", 0, 17, 0, 0, 0, 0, 0, 0, 0, 0, 0, 0, 0, 0, 0, 0, 0, 0, 0, 0, 0, 0, 0, 0, 23, 17, 57
"c:\ws-code\ws-kwik\kwik-ui\third_party\freetype\include\freetype\internal\services\svgldict.h", "C++", 0, 27, 0, 0, 0, 0, 0, 0, 0, 0, 0, 0, 0, 0, 0, 0, 0, 0, 0, 0, 0, 0, 0, 0, 23, 23, 73
"c:\ws-code\ws-kwik\kwik-ui\third_party\freetype\include\freetype\internal\services\svgxval.h", "C++", 0, 26, 0, 0, 0, 0, 0, 0, 0, 0, 0, 0, 0, 0, 0, 0, 0, 0, 0, 0, 0, 0, 0, 0, 26, 21, 73
"c:\ws-code\ws-kwik\kwik-ui\third_party\freetype\include\freetype\internal\services\svkern.h", "C++", 0, 17, 0, 0, 0, 0, 0, 0, 0, 0, 0, 0, 0, 0, 0, 0, 0, 0, 0, 0, 0, 0, 0, 0, 18, 17, 52
"c:\ws-code\ws-kwik\kwik-ui\third_party\freetype\include\freetype\internal\services\svmetric.h", "C++", 0, 73, 0, 0, 0, 0, 0, 0, 0, 0, 0, 0, 0, 0, 0, 0, 0, 0, 0, 0, 0, 0, 0, 0, 25, 34, 132
"c:\ws-code\ws-kwik\kwik-ui\third_party\freetype\include\freetype\internal\services\svmm.h", "C++", 0, 146, 0, 0, 0, 0, 0, 0, 0, 0, 0, 0, 0, 0, 0, 0, 0, 0, 0, 0, 0, 0, 0, 0, 29, 40, 215
"c:\ws-code\ws-kwik\kwik-ui\third_party\freetype\include\freetype\internal\services\svotval.h", "C++", 0, 20, 0, 0, 0, 0, 0, 0, 0, 0, 0, 0, 0, 0, 0, 0, 0, 0, 0, 0, 0, 0, 0, 0, 18, 18, 56
"c:\ws-code\ws-kwik\kwik-ui\third_party\freetype\include\freetype\internal\services\svpfr.h", "C++", 0, 29, 0, 0, 0, 0, 0, 0, 0, 0, 0, 0, 0, 0, 0, 0, 0, 0, 0, 0, 0, 0, 0, 0, 17, 20, 66
"c:\ws-code\ws-kwik\kwik-ui\third_party\freetype\include\freetype\internal\services\svpostnm.h", "C++", 0, 18, 0, 0, 0, 0, 0, 0, 0, 0, 0, 0, 0, 0, 0, 0, 0, 0, 0, 0, 0, 0, 0, 0, 27, 21, 66
"c:\ws-code\ws-kwik\kwik-ui\third_party\freetype\include\freetype\internal\services\svprop.h", "C++", 0, 28, 0, 0, 0, 0, 0, 0, 0, 0, 0, 0, 0, 0, 0, 0, 0, 0, 0, 0, 0, 0, 0, 0, 18, 21, 67
"c:\ws-code\ws-kwik\kwik-ui\third_party\freetype\include\freetype\internal\services\svpscmap.h", "C++", 0, 70, 0, 0, 0, 0, 0, 0, 0, 0, 0, 0, 0, 0, 0, 0, 0, 0, 0, 0, 0, 0, 0, 0, 38, 38, 146
"c:\ws-code\ws-kwik\kwik-ui\third_party\freetype\include\freetype\internal\services\svpsinfo.h", "C++", 0, 44, 0, 0, 0, 0, 0, 0, 0, 0, 0, 0, 0, 0, 0, 0, 0, 0, 0, 0, 0, 0, 0, 0, 18, 25, 87
"c:\ws-code\ws-kwik\kwik-ui\third_party\freetype\include\freetype\internal\services\svsfnt.h", "C++", 0, 34, 0, 0, 0, 0, 0, 0, 0, 0, 0, 0, 0, 0, 0, 0, 0, 0, 0, 0, 0, 0, 0, 0, 30, 25, 89
"c:\ws-code\ws-kwik\kwik-ui\third_party\freetype\include\freetype\internal\services\svttcmap.h", "C++", 0, 25, 0, 0, 0, 0, 0, 0, 0, 0, 0, 0, 0, 0, 0, 0, 0, 0, 0, 0, 0, 0, 0, 0, 43, 23, 91
"c:\ws-code\ws-kwik\kwik-ui\third_party\freetype\include\freetype\internal\services\svtteng.h", "C++", 0, 12, 0, 0, 0, 0, 0, 0, 0, 0, 0, 0, 0, 0, 0, 0, 0, 0, 0, 0, 0, 0, 0, 0, 24, 18, 54
"c:\ws-code\ws-kwik\kwik-ui\third_party\freetype\include\freetype\internal\services\svttglyf.h", "C++", 0, 21, 0, 0, 0, 0, 0, 0, 0, 0, 0, 0, 0, 0, 0, 0, 0, 0, 0, 0, 0, 0, 0, 0, 18, 18, 57
"c:\ws-code\ws-kwik\kwik-ui\third_party\freetype\include\freetype\internal\services\svwinfnt.h", "C++", 0, 15, 0, 0, 0, 0, 0, 0, 0, 0, 0, 0, 0, 0, 0, 0, 0, 0, 0, 0, 0, 0, 0, 0, 18, 18, 51
"c:\ws-code\ws-kwik\kwik-ui\third_party\freetype\include\freetype\internal\sfnt.h", "C++", 0, 278, 0, 0, 0, 0, 0, 0, 0, 0, 0, 0, 0, 0, 0, 0, 0, 0, 0, 0, 0, 0, 0, 0, 731, 91, 1100
"c:\ws-code\ws-kwik\kwik-ui\third_party\freetype\include\freetype\internal\svginterface.h", "C++", 0, 16, 0, 0, 0, 0, 0, 0, 0, 0, 0, 0, 0, 0, 0, 0, 0, 0, 0, 0, 0, 0, 0, 0, 17, 14, 47
"c:\ws-code\ws-kwik\kwik-ui\third_party\freetype\include\freetype\internal\t1types.h", "C++", 0, 137, 0, 0, 0, 0, 0, 0, 0, 0, 0, 0, 0, 0, 0, 0, 0, 0, 0, 0, 0, 0, 0, 0, 98, 73, 308
"c:\ws-code\ws-kwik\kwik-ui\third_party\freetype\include\freetype\internal\tttypes.h", "C++", 0, 358, 0, 0, 0, 0, 0, 0, 0, 0, 0, 0, 0, 0, 0, 0, 0, 0, 0, 0, 0, 0, 0, 0, 1165, 208, 1731
"c:\ws-code\ws-kwik\kwik-ui\third_party\freetype\include\freetype\internal\wofftypes.h", "C++", 0, 91, 0, 0, 0, 0, 0, 0, 0, 0, 0, 0, 0, 0, 0, 0, 0, 0, 0, 0, 0, 0, 0, 0, 182, 40, 313
"c:\ws-code\ws-kwik\kwik-ui\third_party\freetype\include\freetype\otsvg.h", "C++", 0, 41, 0, 0, 0, 0, 0, 0, 0, 0, 0, 0, 0, 0, 0, 0, 0, 0, 0, 0, 0, 0, 0, 0, 262, 34, 337
"c:\ws-code\ws-kwik\kwik-ui\third_party\freetype\include\freetype\t1tables.h", "C++", 0, 200, 0, 0, 0, 0, 0, 0, 0, 0, 0, 0, 0, 0, 0, 0, 0, 0, 0, 0, 0, 0, 0, 0, 448, 88, 736
"c:\ws-code\ws-kwik\kwik-ui\third_party\freetype\include\freetype\ttnameid.h", "C++", 0, 673, 0, 0, 0, 0, 0, 0, 0, 0, 0, 0, 0, 0, 0, 0, 0, 0, 0, 0, 0, 0, 0, 0, 494, 69, 1236
"c:\ws-code\ws-kwik\kwik-ui\third_party\freetype\include\freetype\tttables.h", "C++", 0, 195, 0, 0, 0, 0, 0, 0, 0, 0, 0, 0, 0, 0, 0, 0, 0, 0, 0, 0, 0, 0, 0, 0, 584, 81, 860
"c:\ws-code\ws-kwik\kwik-ui\third_party\freetype\include\freetype\tttags.h", "C++", 0, 91, 0, 0, 0, 0, 0, 0, 0, 0, 0, 0, 0, 0, 0, 0, 0, 0, 0, 0, 0, 0, 0, 0, 19, 17, 127
"c:\ws-code\ws-kwik\kwik-ui\third_party\freetype\include\ft2build.h", "C++", 0, 4, 0, 0, 0, 0, 0, 0, 0, 0, 0, 0, 0, 0, 0, 0, 0, 0, 0, 0, 0, 0, 0, 0, 30, 9, 43
"c:\ws-code\ws-kwik\kwik-ui\third_party\freetype\modules.cfg", "Properties", 0, 0, 0, 0, 0, 0, 0, 0, 0, 0, 0, 0, 0, 39, 0, 0, 0, 0, 0, 0, 0, 0, 0, 0, 165, 56, 260
"c:\ws-code\ws-kwik\kwik-ui\third_party\freetype\src\autofit\afadjust.c", "C", 0, 0, 1239, 0, 0, 0, 0, 0, 0, 0, 0, 0, 0, 0, 0, 0, 0, 0, 0, 0, 0, 0, 0, 0, 144, 239, 1622
"c:\ws-code\ws-kwik\kwik-ui\third_party\freetype\src\autofit\afadjust.h", "C++", 0, 30, 0, 0, 0, 0, 0, 0, 0, 0, 0, 0, 0, 0, 0, 0, 0, 0, 0, 0, 0, 0, 0, 0, 70, 31, 131
"c:\ws-code\ws-kwik\kwik-ui\third_party\freetype\src\autofit\afblue.c", "C", 0, 0, 746, 0, 0, 0, 0, 0, 0, 0, 0, 0, 0, 0, 0, 0, 0, 0, 0, 0, 0, 0, 0, 0, 22, 12, 780
"c:\ws-code\ws-kwik\kwik-ui\third_party\freetype\src\autofit\afblue.h", "C++", 0, 343, 0, 0, 0, 0, 0, 0, 0, 0, 0, 0, 0, 0, 0, 0, 0, 0, 0, 0, 0, 0, 0, 0, 45, 45, 433
"c:\ws-code\ws-kwik\kwik-ui\third_party\freetype\src\autofit\afcjk.c", "C", 0, 0, 1562, 0, 0, 0, 0, 0, 0, 0, 0, 0, 0, 0, 0, 0, 0, 0, 0, 0, 0, 0, 0, 0, 277, 532, 2371
"c:\ws-code\ws-kwik\kwik-ui\third_party\freetype\src\autofit\afcjk.h", "C++", 0, 66, 0, 0, 0, 0, 0, 0, 0, 0, 0, 0, 0, 0, 0, 0, 0, 0, 0, 0, 0, 0, 0, 0, 34, 42, 142
"c:\ws-code\ws-kwik\kwik-ui\third_party\freetype\src\autofit\afcover.h", "C++", 0, 54, 0, 0, 0, 0, 0, 0, 0, 0, 0, 0, 0, 0, 0, 0, 0, 0, 0, 0, 0, 0, 0, 0, 30, 22, 106
"c:\ws-code\ws-kwik\kwik-ui\third_party\freetype\src\autofit\afdummy.c", "C", 0, 0, 39, 0, 0, 0, 0, 0, 0, 0, 0, 0, 0, 0, 0, 0, 0, 0, 0, 0, 0, 0, 0, 0, 18, 21, 78
"c:\ws-code\ws-kwik\kwik-ui\third_party\freetype\src\autofit\afdummy.h", "C++", 0, 7, 0, 0, 0, 0, 0, 0, 0, 0, 0, 0, 0, 0, 0, 0, 0, 0, 0, 0, 0, 0, 0, 0, 20, 14, 41
"c:\ws-code\ws-kwik\kwik-ui\third_party\freetype\src\autofit\aferrors.h", "C++", 0, 9, 0, 0, 0, 0, 0, 0, 0, 0, 0, 0, 0, 0, 0, 0, 0, 0, 0, 0, 0, 0, 0, 0, 23, 11, 43
"c:\ws-code\ws-kwik\kwik-ui\third_party\freetype\src\autofit\afglobal.c", "C", 0, 0, 353, 0, 0, 0, 0, 0, 0, 0, 0, 0, 0, 0, 0, 0, 0, 0, 0, 0, 0, 0, 0, 0, 56, 129, 538
"c:\ws-code\ws-kwik\kwik-ui\third_party\freetype\src\autofit\afglobal.h", "C++", 0, 75, 0, 0, 0, 0, 0, 0, 0, 0, 0, 0, 0, 0, 0, 0, 0, 0, 0, 0, 0, 0, 0, 0, 61, 47, 183
"c:\ws-code\ws-kwik\kwik-ui\third_party\freetype\src\autofit\afgsub.c", "C", 0, 0, 432, 0, 0, 0, 0, 0, 0, 0, 0, 0, 0, 0, 0, 0, 0, 0, 0, 0, 0, 0, 0, 0, 70, 195, 697
"c:\ws-code\ws-kwik\kwik-ui\third_party\freetype\src\autofit\afgsub.h", "C++", 0, 12, 0, 0, 0, 0, 0, 0, 0, 0, 0, 0, 0, 0, 0, 0, 0, 0, 0, 0, 0, 0, 0, 0, 17, 10, 39
"c:\ws-code\ws-kwik\kwik-ui\third_party\freetype\src\autofit\afhints.c", "C", 0, 0, 1257, 0, 0, 0, 0, 0, 0, 0, 0, 0, 0, 0, 0, 0, 0, 0, 0, 0, 0, 0, 0, 0, 184, 371, 1812
"c:\ws-code\ws-kwik\kwik-ui\third_party\freetype\src\autofit\afhints.h", "C++", 0, 193, 0, 0, 0, 0, 0, 0, 0, 0, 0, 0, 0, 0, 0, 0, 0, 0, 0, 0, 0, 0, 0, 0, 187, 97, 477
"c:\ws-code\ws-kwik\kwik-ui\third_party\freetype\src\autofit\afindic.c", "C", 0, 0, 81, 0, 0, 0, 0, 0, 0, 0, 0, 0, 0, 0, 0, 0, 0, 0, 0, 0, 0, 0, 0, 0, 31, 46, 158
"c:\ws-code\ws-kwik\kwik-ui\third_party\freetype\src\autofit\afindic.h", "C++", 0, 7, 0, 0, 0, 0, 0, 0, 0, 0, 0, 0, 0, 0, 0, 0, 0, 0, 0, 0, 0, 0, 0, 0, 20, 15, 42
"c:\ws-code\ws-kwik\kwik-ui\third_party\freetype\src\autofit\aflatin.c", "C", 0, 0, 3419, 0, 0, 0, 0, 0, 0, 0, 0, 0, 0, 0, 0, 0, 0, 0, 0, 0, 0, 0, 0, 0, 608, 1076, 5103
"c:\ws-code\ws-kwik\kwik-ui\third_party\freetype\src\autofit\aflatin.h", "C++", 0, 99, 0, 0, 0, 0, 0, 0, 0, 0, 0, 0, 0, 0, 0, 0, 0, 0, 0, 0, 0, 0, 0, 0, 51, 54, 204
"c:\ws-code\ws-kwik\kwik-ui\third_party\freetype\src\autofit\afloader.c", "C", 0, 0, 434, 0, 0, 0, 0, 0, 0, 0, 0, 0, 0, 0, 0, 0, 0, 0, 0, 0, 0, 0, 0, 0, 135, 140, 709
"c:\ws-code\ws-kwik\kwik-ui\third_party\freetype\src\autofit\afloader.h", "C++", 0, 39, 0, 0, 0, 0, 0, 0, 0, 0, 0, 0, 0, 0, 0, 0, 0, 0, 0, 0, 0, 0, 0, 0, 28, 25, 92
"c:\ws-code\ws-kwik\kwik-ui\third_party\freetype\src\autofit\afmodule.c", "C", 0, 0, 369, 0, 0, 0, 0, 0, 0, 0, 0, 0, 0, 0, 0, 0, 0, 0, 0, 0, 0, 0, 0, 0, 31, 138, 538
"c:\ws-code\ws-kwik\kwik-ui\third_party\freetype\src\autofit\afmodule.h", "C++", 0, 22, 0, 0, 0, 0, 0, 0, 0, 0, 0, 0, 0, 0, 0, 0, 0, 0, 0, 0, 0, 0, 0, 0, 21, 19, 62
"c:\ws-code\ws-kwik\kwik-ui\third_party\freetype\src\autofit\afranges.c", "C", 0, 0, 846, 0, 0, 0, 0, 0, 0, 0, 0, 0, 0, 0, 0, 0, 0, 0, 0, 0, 0, 0, 0, 0, 62, 194, 1102
"c:\ws-code\ws-kwik\kwik-ui\third_party\freetype\src\autofit\afranges.h", "C++", 0, 14, 0, 0, 0, 0, 0, 0, 0, 0, 0, 0, 0, 0, 0, 0, 0, 0, 0, 0, 0, 0, 0, 0, 18, 16, 48
"c:\ws-code\ws-kwik\kwik-ui\third_party\freetype\src\autofit\afscript.h", "C++", 0, 304, 0, 0, 0, 0, 0, 0, 0, 0, 0, 0, 0, 0, 0, 0, 0, 0, 0, 0, 0, 0, 0, 0, 34, 71, 409
"c:\ws-code\ws-kwik\kwik-ui\third_party\freetype\src\autofit\afshaper.c", "C", 0, 0, 499, 0, 0, 0, 0, 0, 0, 0, 0, 0, 0, 0, 0, 0, 0, 0, 0, 0, 0, 0, 0, 0, 124, 158, 781
"c:\ws-code\ws-kwik\kwik-ui\third_party\freetype\src\autofit\afshaper.h", "C++", 0, 31, 0, 0, 0, 0, 0, 0, 0, 0, 0, 0, 0, 0, 0, 0, 0, 0, 0, 0, 0, 0, 0, 0, 18, 20, 69
"c:\ws-code\ws-kwik\kwik-ui\third_party\freetype\src\autofit\afstyles.h", "C++", 0, 377, 0, 0, 0, 0, 0, 0, 0, 0, 0, 0, 0, 0, 0, 0, 0, 0, 0, 0, 0, 0, 0, 0, 39, 72, 488
"c:\ws-code\ws-kwik\kwik-ui\third_party\freetype\src\autofit\aftypes.h", "C++", 0, 220, 0, 0, 0, 0, 0, 0, 0, 0, 0, 0, 0, 0, 0, 0, 0, 0, 0, 0, 0, 0, 0, 0, 173, 123, 516
"c:\ws-code\ws-kwik\kwik-ui\third_party\freetype\src\autofit\afws-decl.h", "C++", 0, 7, 0, 0, 0, 0, 0, 0, 0, 0, 0, 0, 0, 0, 0, 0, 0, 0, 0, 0, 0, 0, 0, 0, 19, 8, 34
"c:\ws-code\ws-kwik\kwik-ui\third_party\freetype\src\autofit\afws-iter.h", "C++", 0, 4, 0, 0, 0, 0, 0, 0, 0, 0, 0, 0, 0, 0, 0, 0, 0, 0, 0, 0, 0, 0, 0, 0, 21, 7, 32
"c:\ws-code\ws-kwik\kwik-ui\third_party\freetype\src\autofit\autofit.c", "C", 0, 0, 16, 0, 0, 0, 0, 0, 0, 0, 0, 0, 0, 0, 0, 0, 0, 0, 0, 0, 0, 0, 0, 0, 17, 6, 39
"c:\ws-code\ws-kwik\kwik-ui\third_party\freetype\src\autofit\ft-hb-decls.h", "C++", 0, 115, 0, 0, 0, 0, 0, 0, 0, 0, 0, 0, 0, 0, 0, 0, 0, 0, 0, 0, 0, 0, 0, 0, 36, 53, 204
"c:\ws-code\ws-kwik\kwik-ui\third_party\freetype\src\autofit\ft-hb-ft.c", "C", 0, 0, 62, 0, 0, 0, 0, 0, 0, 0, 0, 0, 0, 0, 0, 0, 0, 0, 0, 0, 0, 0, 0, 0, 31, 25, 118
"c:\ws-code\ws-kwik\kwik-ui\third_party\freetype\src\autofit\ft-hb-ft.h", "C++", 0, 9, 0, 0, 0, 0, 0, 0, 0, 0, 0, 0, 0, 0, 0, 0, 0, 0, 0, 0, 0, 0, 0, 0, 26, 12, 47
"c:\ws-code\ws-kwik\kwik-ui\third_party\freetype\src\autofit\ft-hb-types.h", "C++", 0, 80, 0, 0, 0, 0, 0, 0, 0, 0, 0, 0, 0, 0, 0, 0, 0, 0, 0, 0, 0, 0, 0, 0, 31, 19, 130
"c:\ws-code\ws-kwik\kwik-ui\third_party\freetype\src\autofit\ft-hb.c", "C", 0, 0, 121, 0, 0, 0, 0, 0, 0, 0, 0, 0, 0, 0, 0, 0, 0, 0, 0, 0, 0, 0, 0, 0, 31, 46, 198
"c:\ws-code\ws-kwik\kwik-ui\third_party\freetype\src\autofit\ft-hb.h", "C++", 0, 38, 0, 0, 0, 0, 0, 0, 0, 0, 0, 0, 0, 0, 0, 0, 0, 0, 0, 0, 0, 0, 0, 0, 17, 28, 83
"c:\ws-code\ws-kwik\kwik-ui\third_party\freetype\src\autofit\hb-script-list.h", "C++", 0, 189, 0, 0, 0, 0, 0, 0, 0, 0, 0, 0, 0, 0, 0, 0, 0, 0, 0, 0, 0, 0, 0, 0, 259, 37, 485
"c:\ws-code\ws-kwik\kwik-ui\third_party\freetype\src\autofit\module.mk", "Makefile", 0, 0, 0, 0, 0, 0, 0, 0, 0, 0, 0, 0, 0, 0, 5, 0, 0, 0, 0, 0, 0, 0, 0, 0, 12, 7, 24
"c:\ws-code\ws-kwik\kwik-ui\third_party\freetype\src\autofit\rules.mk", "Makefile", 0, 0, 0, 0, 0, 0, 0, 0, 0, 0, 0, 0, 0, 0, 39, 0, 0, 0, 0, 0, 0, 0, 0, 0, 33, 21, 93
"c:\ws-code\ws-kwik\kwik-ui\third_party\freetype\src\base\ftadvanc.c", "C", 0, 0, 110, 0, 0, 0, 0, 0, 0, 0, 0, 0, 0, 0, 0, 0, 0, 0, 0, 0, 0, 0, 0, 0, 33, 52, 195
"c:\ws-code\ws-kwik\kwik-ui\third_party\freetype\src\base\ftbase.c", "C", 0, 0, 19, 0, 0, 0, 0, 0, 0, 0, 0, 0, 0, 0, 0, 0, 0, 0, 0, 0, 0, 0, 0, 0, 17, 6, 42
"c:\ws-code\ws-kwik\kwik-ui\third_party\freetype\src\base\ftbase.h", "C++", 0, 31, 0, 0, 0, 0, 0, 0, 0, 0, 0, 0, 0, 0, 0, 0, 0, 0, 0, 0, 0, 0, 0, 0, 28, 24, 83
"c:\ws-code\ws-kwik\kwik-ui\third_party\freetype\src\base\ftbbox.c", "C", 0, 0, 240, 0, 0, 0, 0, 0, 0, 0, 0, 0, 0, 0, 0, 0, 0, 0, 0, 0, 0, 0, 0, 0, 219, 84, 543
"c:\ws-code\ws-kwik\kwik-ui\third_party\freetype\src\base\ftbdf.c", "C", 0, 0, 44, 0, 0, 0, 0, 0, 0, 0, 0, 0, 0, 0, 0, 0, 0, 0, 0, 0, 0, 0, 0, 0, 19, 28, 91
"c:\ws-code\ws-kwik\kwik-ui\third_party\freetype\src\base\ftbitmap.c", "C", 0, 0, 727, 0, 0, 0, 0, 0, 0, 0, 0, 0, 0, 0, 0, 0, 0, 0, 0, 0, 0, 0, 0, 0, 111, 260, 1098
"c:\ws-code\ws-kwik\kwik-ui\third_party\freetype\src\base\ftcalc.c", "C", 0, 0, 581, 0, 0, 0, 0, 0, 0, 0, 0, 0, 0, 0, 0, 0, 0, 0, 0, 0, 0, 0, 0, 0, 198, 270, 1049
"c:\ws-code\ws-kwik\kwik-ui\third_party\freetype\src\base\ftcid.c", "C", 0, 0, 64, 0, 0, 0, 0, 0, 0, 0, 0, 0, 0, 0, 0, 0, 0, 0, 0, 0, 0, 0, 0, 0, 18, 36, 118
"c:\ws-code\ws-kwik\kwik-ui\third_party\freetype\src\base\ftcolor.c", "C", 0, 0, 90, 0, 0, 0, 0, 0, 0, 0, 0, 0, 0, 0, 0, 0, 0, 0, 0, 0, 0, 0, 0, 0, 20, 48, 158
"c:\ws-code\ws-kwik\kwik-ui\third_party\freetype\src\base\ftdbgmem.c", "C", 0, 0, 660, 0, 0, 0, 0, 0, 0, 0, 0, 0, 0, 0, 0, 0, 0, 0, 0, 0, 0, 0, 0, 0, 71, 240, 971
"c:\ws-code\ws-kwik\kwik-ui\third_party\freetype\src\base\ftdebug.c", "C", 0, 0, 352, 0, 0, 0, 0, 0, 0, 0, 0, 0, 0, 0, 0, 0, 0, 0, 0, 0, 0, 0, 0, 0, 137, 156, 645
"c:\ws-code\ws-kwik\kwik-ui\third_party\freetype\src\base\fterrors.c", "C", 0, 0, 18, 0, 0, 0, 0, 0, 0, 0, 0, 0, 0, 0, 0, 0, 0, 0, 0, 0, 0, 0, 0, 0, 17, 11, 46
"c:\ws-code\ws-kwik\kwik-ui\third_party\freetype\src\base\ftfntfmt.c", "C", 0, 0, 19, 0, 0, 0, 0, 0, 0, 0, 0, 0, 0, 0, 0, 0, 0, 0, 0, 0, 0, 0, 0, 0, 19, 17, 55
"c:\ws-code\ws-kwik\kwik-ui\third_party\freetype\src\base\ftfstype.c", "C", 0, 0, 25, 0, 0, 0, 0, 0, 0, 0, 0, 0, 0, 0, 0, 0, 0, 0, 0, 0, 0, 0, 0, 0, 20, 17, 62
"c:\ws-code\ws-kwik\kwik-ui\third_party\freetype\src\base\ftgasp.c", "C", 0, 0, 28, 0, 0, 0, 0, 0, 0, 0, 0, 0, 0, 0, 0, 0, 0, 0, 0, 0, 0, 0, 0, 0, 18, 15, 61
"c:\ws-code\ws-kwik\kwik-ui\third_party\freetype\src\base\ftgloadr.c", "C", 0, 0, 221, 0, 0, 0, 0, 0, 0, 0, 0, 0, 0, 0, 0, 0, 0, 0, 0, 0, 0, 0, 0, 0, 75, 88, 384
"c:\ws-code\ws-kwik\kwik-ui\third_party\freetype\src\base\ftglyph.c", "C", 0, 0, 569, 0, 0, 0, 0, 0, 0, 0, 0, 0, 0, 0, 0, 0, 0, 0, 0, 0, 0, 0, 0, 0, 100, 234, 903
"c:\ws-code\ws-kwik\kwik-ui\third_party\freetype\src\base\ftgxval.c", "C", 0, 0, 79, 0, 0, 0, 0, 0, 0, 0, 0, 0, 0, 0, 0, 0, 0, 0, 0, 0, 0, 0, 0, 0, 26, 37, 142
"c:\ws-code\ws-kwik\kwik-ui\third_party\freetype\src\base\fthash.c", "C", 0, 0, 275, 0, 0, 0, 0, 0, 0, 0, 0, 0, 0, 0, 0, 0, 0, 0, 0, 0, 0, 0, 0, 0, 41, 119, 435
"c:\ws-code\ws-kwik\kwik-ui\third_party\freetype\src\base\ftinit.c", "C", 0, 0, 138, 0, 0, 0, 0, 0, 0, 0, 0, 0, 0, 0, 0, 0, 0, 0, 0, 0, 0, 0, 0, 0, 64, 62, 264
"c:\ws-code\ws-kwik\kwik-ui\third_party\freetype\src\base\ftlcdfil.c", "C", 0, 0, 123, 0, 0, 0, 0, 0, 0, 0, 0, 0, 0, 0, 0, 0, 0, 0, 0, 0, 0, 0, 0, 0, 23, 45, 191
"c:\ws-code\ws-kwik\kwik-ui\third_party\freetype\src\base\ftmac.c", "C", 0, 0, 697, 0, 0, 0, 0, 0, 0, 0, 0, 0, 0, 0, 0, 0, 0, 0, 0, 0, 0, 0, 0, 0, 169, 234, 1100
"c:\ws-code\ws-kwik\kwik-ui\third_party\freetype\src\base\ftmm.c", "C", 0, 0, 463, 0, 0, 0, 0, 0, 0, 0, 0, 0, 0, 0, 0, 0, 0, 0, 0, 0, 0, 0, 0, 0, 74, 183, 720
"c:\ws-code\ws-kwik\kwik-ui\third_party\freetype\src\base\ftobjs.c", "C", 0, 0, 3946, 0, 0, 0, 0, 0, 0, 0, 0, 0, 0, 0, 0, 0, 0, 0, 0, 0, 0, 0, 0, 0, 590, 1358, 5894
"c:\ws-code\ws-kwik\kwik-ui\third_party\freetype\src\base\ftotval.c", "C", 0, 0, 53, 0, 0, 0, 0, 0, 0, 0, 0, 0, 0, 0, 0, 0, 0, 0, 0, 0, 0, 0, 0, 0, 18, 20, 91
"c:\ws-code\ws-kwik\kwik-ui\third_party\freetype\src\base\ftoutln.c", "C", 0, 0, 756, 0, 0, 0, 0, 0, 0, 0, 0, 0, 0, 0, 0, 0, 0, 0, 0, 0, 0, 0, 0, 0, 89, 276, 1121
"c:\ws-code\ws-kwik\kwik-ui\third_party\freetype\src\base\ftpatent.c", "C", 0, 0, 20, 0, 0, 0, 0, 0, 0, 0, 0, 0, 0, 0, 0, 0, 0, 0, 0, 0, 0, 0, 0, 0, 20, 11, 51
"c:\ws-code\ws-kwik\kwik-ui\third_party\freetype\src\base\ftpfr.c", "C", 0, 0, 90, 0, 0, 0, 0, 0, 0, 0, 0, 0, 0, 0, 0, 0, 0, 0, 0, 0, 0, 0, 0, 0, 23, 40, 153
"c:\ws-code\ws-kwik\kwik-ui\third_party\freetype\src\base\ftpsprop.c", "C", 0, 0, 194, 0, 0, 0, 0, 0, 0, 0, 0, 0, 0, 0, 0, 0, 0, 0, 0, 0, 0, 0, 0, 0, 25, 66, 285
"c:\ws-code\ws-kwik\kwik-ui\third_party\freetype\src\base\ftrfork.c", "C", 0, 0, 634, 0, 0, 0, 0, 0, 0, 0, 0, 0, 0, 0, 0, 0, 0, 0, 0, 0, 0, 0, 0, 0, 100, 195, 929
"c:\ws-code\ws-kwik\kwik-ui\third_party\freetype\src\base\ftsnames.c", "C", 0, 0, 108, 0, 0, 0, 0, 0, 0, 0, 0, 0, 0, 0, 0, 0, 0, 0, 0, 0, 0, 0, 0, 0, 25, 53, 186
"c:\ws-code\ws-kwik\kwik-ui\third_party\freetype\src\base\ftstream.c", "C", 0, 0, 613, 0, 0, 0, 0, 0, 0, 0, 0, 0, 0, 0, 0, 0, 0, 0, 0, 0, 0, 0, 0, 0, 47, 213, 873
"c:\ws-code\ws-kwik\kwik-ui\third_party\freetype\src\base\ftstroke.c", "C", 0, 0, 1647, 0, 0, 0, 0, 0, 0, 0, 0, 0, 0, 0, 0, 0, 0, 0, 0, 0, 0, 0, 0, 0, 207, 556, 2410
"c:\ws-code\ws-kwik\kwik-ui\third_party\freetype\src\base\ftsynth.c", "C", 0, 0, 86, 0, 0, 0, 0, 0, 0, 0, 0, 0, 0, 0, 0, 0, 0, 0, 0, 0, 0, 0, 0, 0, 53, 42, 181
"c:\ws-code\ws-kwik\kwik-ui\third_party\freetype\src\base\ftsystem.c", "C", 0, 0, 129, 0, 0, 0, 0, 0, 0, 0, 0, 0, 0, 0, 0, 0, 0, 0, 0, 0, 0, 0, 0, 0, 150, 60, 339
"c:\ws-code\ws-kwik\kwik-ui\third_party\freetype\src\base\fttrigon.c", "C", 0, 0, 327, 0, 0, 0, 0, 0, 0, 0, 0, 0, 0, 0, 0, 0, 0, 0, 0, 0, 0, 0, 0, 0, 62, 129, 518
"c:\ws-code\ws-kwik\kwik-ui\third_party\freetype\src\base\fttype1.c", "C", 0, 0, 69, 0, 0, 0, 0, 0, 0, 0, 0, 0, 0, 0, 0, 0, 0, 0, 0, 0, 0, 0, 0, 0, 21, 37, 127
"c:\ws-code\ws-kwik\kwik-ui\third_party\freetype\src\base\ftutil.c", "C", 0, 0, 270, 0, 0, 0, 0, 0, 0, 0, 0, 0, 0, 0, 0, 0, 0, 0, 0, 0, 0, 0, 0, 0, 59, 113, 442
"c:\ws-code\ws-kwik\kwik-ui\third_party\freetype\src\base\ftwinfnt.c", "C", 0, 0, 21, 0, 0, 0, 0, 0, 0, 0, 0, 0, 0, 0, 0, 0, 0, 0, 0, 0, 0, 0, 0, 0, 18, 14, 53
"c:\ws-code\ws-kwik\kwik-ui\third_party\freetype\src\base\md5.c", "C", 0, 0, 182, 0, 0, 0, 0, 0, 0, 0, 0, 0, 0, 0, 0, 0, 0, 0, 0, 0, 0, 0, 0, 0, 69, 41, 292
"c:\ws-code\ws-kwik\kwik-ui\third_party\freetype\src\base\md5.h", "C++", 0, 15, 0, 0, 0, 0, 0, 0, 0, 0, 0, 0, 0, 0, 0, 0, 0, 0, 0, 0, 0, 0, 0, 0, 25, 6, 46
"c:\ws-code\ws-kwik\kwik-ui\third_party\freetype\src\base\rules.mk", "Makefile", 0, 0, 0, 0, 0, 0, 0, 0, 0, 0, 0, 0, 0, 0, 36, 0, 0, 0, 0, 0, 0, 0, 0, 0, 50, 23, 109
"c:\ws-code\ws-kwik\kwik-ui\third_party\freetype\src\bdf\bdf.c", "C", 0, 0, 3, 0, 0, 0, 0, 0, 0, 0, 0, 0, 0, 0, 0, 0, 0, 0, 0, 0, 0, 0, 0, 0, 26, 6, 35
"c:\ws-code\ws-kwik\kwik-ui\third_party\freetype\src\bdf\bdf.h", "C++", 0, 103, 0, 0, 0, 0, 0, 0, 0, 0, 0, 0, 0, 0, 0, 0, 0, 0, 0, 0, 0, 0, 0, 0, 56, 66, 225
"c:\ws-code\ws-kwik\kwik-ui\third_party\freetype\src\bdf\bdfdrivr.c", "C", 0, 0, 741, 0, 0, 0, 0, 0, 0, 0, 0, 0, 0, 0, 0, 0, 0, 0, 0, 0, 0, 0, 0, 0, 82, 205, 1028
"c:\ws-code\ws-kwik\kwik-ui\third_party\freetype\src\bdf\bdfdrivr.h", "C++", 0, 22, 0, 0, 0, 0, 0, 0, 0, 0, 0, 0, 0, 0, 0, 0, 0, 0, 0, 0, 0, 0, 0, 0, 26, 25, 73
"c:\ws-code\ws-kwik\kwik-ui\third_party\freetype\src\bdf\bdferror.h", "C++", 0, 9, 0, 0, 0, 0, 0, 0, 0, 0, 0, 0, 0, 0, 0, 0, 0, 0, 0, 0, 0, 0, 0, 0, 27, 10, 46
"c:\ws-code\ws-kwik\kwik-ui\third_party\freetype\src\bdf\bdflib.c", "C", 0, 0, 1220, 0, 0, 0, 0, 0, 0, 0, 0, 0, 0, 0, 0, 0, 0, 0, 0, 0, 0, 0, 0, 0, 189, 370, 1779
"c:\ws-code\ws-kwik\kwik-ui\third_party\freetype\src\bdf\module.mk", "Makefile", 0, 0, 0, 0, 0, 0, 0, 0, 0, 0, 0, 0, 0, 0, 5, 0, 0, 0, 0, 0, 0, 0, 0, 0, 24, 6, 35
"c:\ws-code\ws-kwik\kwik-ui\third_party\freetype\src\bdf\rules.mk", "Makefile", 0, 0, 0, 0, 0, 0, 0, 0, 0, 0, 0, 0, 0, 0, 19, 0, 0, 0, 0, 0, 0, 0, 0, 0, 43, 23, 85
"c:\ws-code\ws-kwik\kwik-ui\third_party\freetype\src\bzip2\ftbzip2.c", "C", 0, 0, 339, 0, 0, 0, 0, 0, 0, 0, 0, 0, 0, 0, 0, 0, 0, 0, 0, 0, 0, 0, 0, 0, 62, 135, 536
"c:\ws-code\ws-kwik\kwik-ui\third_party\freetype\src\bzip2\rules.mk", "Makefile", 0, 0, 0, 0, 0, 0, 0, 0, 0, 0, 0, 0, 0, 0, 14, 0, 0, 0, 0, 0, 0, 0, 0, 0, 33, 18, 65
"c:\ws-code\ws-kwik\kwik-ui\third_party\freetype\src\cache\ftcache.c", "C", 0, 0, 9, 0, 0, 0, 0, 0, 0, 0, 0, 0, 0, 0, 0, 0, 0, 0, 0, 0, 0, 0, 0, 0, 17, 6, 32
"c:\ws-code\ws-kwik\kwik-ui\third_party\freetype\src\cache\ftcbasic.c", "C", 0, 0, 413, 0, 0, 0, 0, 0, 0, 0, 0, 0, 0, 0, 0, 0, 0, 0, 0, 0, 0, 0, 0, 0, 60, 126, 599
"c:\ws-code\ws-kwik\kwik-ui\third_party\freetype\src\cache\ftccache.c", "C", 0, 0, 356, 0, 0, 0, 0, 0, 0, 0, 0, 0, 0, 0, 0, 0, 0, 0, 0, 0, 0, 0, 0, 0, 77, 152, 585
"c:\ws-code\ws-kwik\kwik-ui\third_party\freetype\src\cache\ftccache.h", "C++", 0, 213, 0, 0, 0, 0, 0, 0, 0, 0, 0, 0, 0, 0, 0, 0, 0, 0, 0, 0, 0, 0, 0, 0, 85, 62, 360
"c:\ws-code\ws-kwik\kwik-ui\third_party\freetype\src\cache\ftccback.h", "C++", 0, 45, 0, 0, 0, 0, 0, 0, 0, 0, 0, 0, 0, 0, 0, 0, 0, 0, 0, 0, 0, 0, 0, 0, 17, 24, 86
"c:\ws-code\ws-kwik\kwik-ui\third_party\freetype\src\cache\ftccmap.c", "C", 0, 0, 189, 0, 0, 0, 0, 0, 0, 0, 0, 0, 0, 0, 0, 0, 0, 0, 0, 0, 0, 0, 0, 0, 59, 76, 324
"c:\ws-code\ws-kwik\kwik-ui\third_party\freetype\src\cache\ftcerror.h", "C++", 0, 9, 0, 0, 0, 0, 0, 0, 0, 0, 0, 0, 0, 0, 0, 0, 0, 0, 0, 0, 0, 0, 0, 0, 23, 11, 43
"c:\ws-code\ws-kwik\kwik-ui\third_party\freetype\src\cache\ftcglyph.c", "C", 0, 0, 122, 0, 0, 0, 0, 0, 0, 0, 0, 0, 0, 0, 0, 0, 0, 0, 0, 0, 0, 0, 0, 0, 28, 55, 205
"c:\ws-code\ws-kwik\kwik-ui\third_party\freetype\src\cache\ftcglyph.h", "C++", 0, 120, 0, 0, 0, 0, 0, 0, 0, 0, 0, 0, 0, 0, 0, 0, 0, 0, 0, 0, 0, 0, 0, 0, 130, 65, 315
"c:\ws-code\ws-kwik\kwik-ui\third_party\freetype\src\cache\ftcimage.c", "C", 0, 0, 97, 0, 0, 0, 0, 0, 0, 0, 0, 0, 0, 0, 0, 0, 0, 0, 0, 0, 0, 0, 0, 0, 21, 41, 159
"c:\ws-code\ws-kwik\kwik-ui\third_party\freetype\src\cache\ftcimage.h", "C++", 0, 40, 0, 0, 0, 0, 0, 0, 0, 0, 0, 0, 0, 0, 0, 0, 0, 0, 0, 0, 0, 0, 0, 0, 37, 30, 107
"c:\ws-code\ws-kwik\kwik-ui\third_party\freetype\src\cache\ftcmanag.c", "C", 0, 0, 431, 0, 0, 0, 0, 0, 0, 0, 0, 0, 0, 0, 0, 0, 0, 0, 0, 0, 0, 0, 0, 0, 62, 185, 678
"c:\ws-code\ws-kwik\kwik-ui\third_party\freetype\src\cache\ftcmanag.h", "C++", 0, 48, 0, 0, 0, 0, 0, 0, 0, 0, 0, 0, 0, 0, 0, 0, 0, 0, 0, 0, 0, 0, 0, 0, 91, 37, 176
"c:\ws-code\ws-kwik\kwik-ui\third_party\freetype\src\cache\ftcmru.c", "C", 0, 0, 237, 0, 0, 0, 0, 0, 0, 0, 0, 0, 0, 0, 0, 0, 0, 0, 0, 0, 0, 0, 0, 0, 18, 87, 342
"c:\ws-code\ws-kwik\kwik-ui\third_party\freetype\src\cache\ftcmru.h", "C++", 0, 144, 0, 0, 0, 0, 0, 0, 0, 0, 0, 0, 0, 0, 0, 0, 0, 0, 0, 0, 0, 0, 0, 0, 40, 59, 243
"c:\ws-code\ws-kwik\kwik-ui\third_party\freetype\src\cache\ftcsbits.c", "C", 0, 0, 250, 0, 0, 0, 0, 0, 0, 0, 0, 0, 0, 0, 0, 0, 0, 0, 0, 0, 0, 0, 0, 0, 80, 84, 414
"c:\ws-code\ws-kwik\kwik-ui\third_party\freetype\src\cache\ftcsbits.h", "C++", 0, 46, 0, 0, 0, 0, 0, 0, 0, 0, 0, 0, 0, 0, 0, 0, 0, 0, 0, 0, 0, 0, 0, 0, 18, 28, 92
"c:\ws-code\ws-kwik\kwik-ui\third_party\freetype\src\cache\rules.mk", "Makefile", 0, 0, 0, 0, 0, 0, 0, 0, 0, 0, 0, 0, 0, 0, 31, 0, 0, 0, 0, 0, 0, 0, 0, 0, 33, 22, 86
"c:\ws-code\ws-kwik\kwik-ui\third_party\freetype\src\cff\cff.c", "C", 0, 0, 7, 0, 0, 0, 0, 0, 0, 0, 0, 0, 0, 0, 0, 0, 0, 0, 0, 0, 0, 0, 0, 0, 17, 5, 29
"c:\ws-code\ws-kwik\kwik-ui\third_party\freetype\src\cff\cffcmap.c", "C", 0, 0, 137, 0, 0, 0, 0, 0, 0, 0, 0, 0, 0, 0, 0, 0, 0, 0, 0, 0, 0, 0, 0, 0, 33, 61, 231
"c:\ws-code\ws-kwik\kwik-ui\third_party\freetype\src\cff\cffcmap.h", "C++", 0, 14, 0, 0, 0, 0, 0, 0, 0, 0, 0, 0, 0, 0, 0, 0, 0, 0, 0, 0, 0, 0, 0, 0, 33, 21, 68
"c:\ws-code\ws-kwik\kwik-ui\third_party\freetype\src\cff\cffdrivr.c", "C", 0, 0, 755, 0, 0, 0, 0, 0, 0, 0, 0, 0, 0, 0, 0, 0, 0, 0, 0, 0, 0, 0, 0, 0, 203, 266, 1224
"c:\ws-code\ws-kwik\kwik-ui\third_party\freetype\src\cff\cffdrivr.h", "C++", 0, 7, 0, 0, 0, 0, 0, 0, 0, 0, 0, 0, 0, 0, 0, 0, 0, 0, 0, 0, 0, 0, 0, 0, 17, 12, 36
"c:\ws-code\ws-kwik\kwik-ui\third_party\freetype\src\cff\cfferrs.h", "C++", 0, 9, 0, 0, 0, 0, 0, 0, 0, 0, 0, 0, 0, 0, 0, 0, 0, 0, 0, 0, 0, 0, 0, 0, 22, 12, 43
"c:\ws-code\ws-kwik\kwik-ui\third_party\freetype\src\cff\cffgload.c", "C", 0, 0, 491, 0, 0, 0, 0, 0, 0, 0, 0, 0, 0, 0, 0, 0, 0, 0, 0, 0, 0, 0, 0, 0, 105, 155, 751
"c:\ws-code\ws-kwik\kwik-ui\third_party\freetype\src\cff\cffgload.h", "C++", 0, 26, 0, 0, 0, 0, 0, 0, 0, 0, 0, 0, 0, 0, 0, 0, 0, 0, 0, 0, 0, 0, 0, 0, 18, 19, 63
"c:\ws-code\ws-kwik\kwik-ui\third_party\freetype\src\cff\cffload.c", "C", 0, 0, 1763, 0, 0, 0, 0, 0, 0, 0, 0, 0, 0, 0, 0, 0, 0, 0, 0, 0, 0, 0, 0, 0, 310, 498, 2571
"c:\ws-code\ws-kwik\kwik-ui\third_party\freetype\src\cff\cffload.h", "C++", 0, 74, 0, 0, 0, 0, 0, 0, 0, 0, 0, 0, 0, 0, 0, 0, 0, 0, 0, 0, 0, 0, 0, 0, 17, 34, 125
"c:\ws-code\ws-kwik\kwik-ui\third_party\freetype\src\cff\cffobjs.c", "C", 0, 0, 779, 0, 0, 0, 0, 0, 0, 0, 0, 0, 0, 0, 0, 0, 0, 0, 0, 0, 0, 0, 0, 0, 128, 269, 1176
"c:\ws-code\ws-kwik\kwik-ui\third_party\freetype\src\cff\cffobjs.h", "C++", 0, 33, 0, 0, 0, 0, 0, 0, 0, 0, 0, 0, 0, 0, 0, 0, 0, 0, 0, 0, 0, 0, 0, 0, 25, 25, 83
"c:\ws-code\ws-kwik\kwik-ui\third_party\freetype\src\cff\cffparse.c", "C", 0, 0, 1135, 0, 0, 0, 0, 0, 0, 0, 0, 0, 0, 0, 0, 0, 0, 0, 0, 0, 0, 0, 0, 0, 113, 303, 1551
"c:\ws-code\ws-kwik\kwik-ui\third_party\freetype\src\cff\cffparse.h", "C++", 0, 80, 0, 0, 0, 0, 0, 0, 0, 0, 0, 0, 0, 0, 0, 0, 0, 0, 0, 0, 0, 0, 0, 0, 27, 38, 145
"c:\ws-code\ws-kwik\kwik-ui\third_party\freetype\src\cff\cfftoken.h", "C++", 0, 109, 0, 0, 0, 0, 0, 0, 0, 0, 0, 0, 0, 0, 0, 0, 0, 0, 0, 0, 0, 0, 0, 0, 19, 23, 151
"c:\ws-code\ws-kwik\kwik-ui\third_party\freetype\src\cff\module.mk", "Makefile", 0, 0, 0, 0, 0, 0, 0, 0, 0, 0, 0, 0, 0, 0, 5, 0, 0, 0, 0, 0, 0, 0, 0, 0, 12, 7, 24
"c:\ws-code\ws-kwik\kwik-ui\third_party\freetype\src\cff\rules.mk", "Makefile", 0, 0, 0, 0, 0, 0, 0, 0, 0, 0, 0, 0, 0, 0, 23, 0, 0, 0, 0, 0, 0, 0, 0, 0, 31, 22, 76
"c:\ws-code\ws-kwik\kwik-ui\third_party\freetype\src\cid\ciderrs.h", "C++", 0, 9, 0, 0, 0, 0, 0, 0, 0, 0, 0, 0, 0, 0, 0, 0, 0, 0, 0, 0, 0, 0, 0, 0, 22, 11, 42
"c:\ws-code\ws-kwik\kwik-ui\third_party\freetype\src\cid\cidgload.c", "C", 0, 0, 408, 0, 0, 0, 0, 0, 0, 0, 0, 0, 0, 0, 0, 0, 0, 0, 0, 0, 0, 0, 0, 0, 101, 135, 644
"c:\ws-code\ws-kwik\kwik-ui\third_party\freetype\src\cid\cidgload.h", "C++", 0, 22, 0, 0, 0, 0, 0, 0, 0, 0, 0, 0, 0, 0, 0, 0, 0, 0, 0, 0, 0, 0, 0, 0, 18, 19, 59
"c:\ws-code\ws-kwik\kwik-ui\third_party\freetype\src\cid\cidload.c", "C", 0, 0, 654, 0, 0, 0, 0, 0, 0, 0, 0, 0, 0, 0, 0, 0, 0, 0, 0, 0, 0, 0, 0, 0, 84, 200, 938
"c:\ws-code\ws-kwik\kwik-ui\third_party\freetype\src\cid\cidload.h", "C++", 0, 18, 0, 0, 0, 0, 0, 0, 0, 0, 0, 0, 0, 0, 0, 0, 0, 0, 0, 0, 0, 0, 0, 0, 17, 18, 53
"c:\ws-code\ws-kwik\kwik-ui\third_party\freetype\src\cid\cidobjs.c", "C", 0, 0, 295, 0, 0, 0, 0, 0, 0, 0, 0, 0, 0, 0, 0, 0, 0, 0, 0, 0, 0, 0, 0, 0, 133, 116, 544
"c:\ws-code\ws-kwik\kwik-ui\third_party\freetype\src\cid\cidobjs.h", "C++", 0, 51, 0, 0, 0, 0, 0, 0, 0, 0, 0, 0, 0, 0, 0, 0, 0, 0, 0, 0, 0, 0, 0, 0, 60, 44, 155
"c:\ws-code\ws-kwik\kwik-ui\third_party\freetype\src\cid\cidparse.c", "C", 0, 0, 187, 0, 0, 0, 0, 0, 0, 0, 0, 0, 0, 0, 0, 0, 0, 0, 0, 0, 0, 0, 0, 0, 66, 59, 312
"c:\ws-code\ws-kwik\kwik-ui\third_party\freetype\src\cid\cidparse.h", "C++", 0, 44, 0, 0, 0, 0, 0, 0, 0, 0, 0, 0, 0, 0, 0, 0, 0, 0, 0, 0, 0, 0, 0, 0, 59, 28, 131
"c:\ws-code\ws-kwik\kwik-ui\third_party\freetype\src\cid\cidriver.c", "C", 0, 0, 149, 0, 0, 0, 0, 0, 0, 0, 0, 0, 0, 0, 0, 0, 0, 0, 0, 0, 0, 0, 0, 0, 61, 65, 275
"c:\ws-code\ws-kwik\kwik-ui\third_party\freetype\src\cid\cidriver.h", "C++", 0, 8, 0, 0, 0, 0, 0, 0, 0, 0, 0, 0, 0, 0, 0, 0, 0, 0, 0, 0, 0, 0, 0, 0, 17, 12, 37
"c:\ws-code\ws-kwik\kwik-ui\third_party\freetype\src\cid\cidtoken.h", "C++", 0, 72, 0, 0, 0, 0, 0, 0, 0, 0, 0, 0, 0, 0, 0, 0, 0, 0, 0, 0, 0, 0, 0, 0, 17, 27, 116
"c:\ws-code\ws-kwik\kwik-ui\third_party\freetype\src\cid\module.mk", "Makefile", 0, 0, 0, 0, 0, 0, 0, 0, 0, 0, 0, 0, 0, 0, 5, 0, 0, 0, 0, 0, 0, 0, 0, 0, 12, 7, 24
"c:\ws-code\ws-kwik\kwik-ui\third_party\freetype\src\cid\rules.mk", "Makefile", 0, 0, 0, 0, 0, 0, 0, 0, 0, 0, 0, 0, 0, 0, 22, 0, 0, 0, 0, 0, 0, 0, 0, 0, 31, 21, 74
"c:\ws-code\ws-kwik\kwik-ui\third_party\freetype\src\cid\type1cid.c", "C", 0, 0, 6, 0, 0, 0, 0, 0, 0, 0, 0, 0, 0, 0, 0, 0, 0, 0, 0, 0, 0, 0, 0, 0, 17, 6, 29
"c:\ws-code\ws-kwik\kwik-ui\third_party\freetype\src\dlg\dlgwrap.c", "C", 0, 0, 8, 0, 0, 0, 0, 0, 0, 0, 0, 0, 0, 0, 0, 0, 0, 0, 0, 0, 0, 0, 0, 0, 18, 7, 33
"c:\ws-code\ws-kwik\kwik-ui\third_party\freetype\src\dlg\rules.mk", "Makefile", 0, 0, 0, 0, 0, 0, 0, 0, 0, 0, 0, 0, 0, 0, 17, 0, 0, 0, 0, 0, 0, 0, 0, 0, 33, 21, 71
"c:\ws-code\ws-kwik\kwik-ui\third_party\freetype\src\gxvalid\gxvalid.c", "C", 0, 0, 23, 0, 0, 0, 0, 0, 0, 0, 0, 0, 0, 0, 0, 0, 0, 0, 0, 0, 0, 0, 0, 0, 18, 6, 47
"c:\ws-code\ws-kwik\kwik-ui\third_party\freetype\src\gxvalid\gxvalid.h", "C++", 0, 54, 0, 0, 0, 0, 0, 0, 0, 0, 0, 0, 0, 0, 0, 0, 0, 0, 0, 0, 0, 0, 0, 0, 25, 29, 108
"c:\ws-code\ws-kwik\kwik-ui\third_party\freetype\src\gxvalid\gxvbsln.c", "C", 0, 0, 159, 0, 0, 0, 0, 0, 0, 0, 0, 0, 0, 0, 0, 0, 0, 0, 0, 0, 0, 0, 0, 0, 91, 85, 335
"c:\ws-code\ws-kwik\kwik-ui\third_party\freetype\src\gxvalid\gxvcommn.c", "C", 0, 0, 1180, 0, 0, 0, 0, 0, 0, 0, 0, 0, 0, 0, 0, 0, 0, 0, 0, 0, 0, 0, 0, 0, 193, 375, 1748
"c:\ws-code\ws-kwik\kwik-ui\third_party\freetype\src\gxvalid\gxvcommn.h", "C++", 0, 326, 0, 0, 0, 0, 0, 0, 0, 0, 0, 0, 0, 0, 0, 0, 0, 0, 0, 0, 0, 0, 0, 0, 114, 142, 582
"c:\ws-code\ws-kwik\kwik-ui\third_party\freetype\src\gxvalid\gxverror.h", "C++", 0, 9, 0, 0, 0, 0, 0, 0, 0, 0, 0, 0, 0, 0, 0, 0, 0, 0, 0, 0, 0, 0, 0, 0, 31, 12, 52
"c:\ws-code\ws-kwik\kwik-ui\third_party\freetype\src\gxvalid\gxvfeat.c", "C", 0, 0, 195, 0, 0, 0, 0, 0, 0, 0, 0, 0, 0, 0, 0, 0, 0, 0, 0, 0, 0, 0, 0, 0, 58, 87, 340
"c:\ws-code\ws-kwik\kwik-ui\third_party\freetype\src\gxvalid\gxvfeat.h", "C++", 0, 122, 0, 0, 0, 0, 0, 0, 0, 0, 0, 0, 0, 0, 0, 0, 0, 0, 0, 0, 0, 0, 0, 0, 34, 18, 174
"c:\ws-code\ws-kwik\kwik-ui\third_party\freetype\src\gxvalid\gxvfgen.c", "C", 0, 0, 370, 0, 0, 0, 0, 0, 0, 0, 0, 0, 0, 0, 0, 0, 0, 0, 0, 0, 0, 0, 0, 0, 83, 32, 485
"c:\ws-code\ws-kwik\kwik-ui\third_party\freetype\src\gxvalid\gxvjust.c", "C", 0, 0, 492, 0, 0, 0, 0, 0, 0, 0, 0, 0, 0, 0, 0, 0, 0, 0, 0, 0, 0, 0, 0, 0, 61, 169, 722
"c:\ws-code\ws-kwik\kwik-ui\third_party\freetype\src\gxvalid\gxvkern.c", "C", 0, 0, 609, 0, 0, 0, 0, 0, 0, 0, 0, 0, 0, 0, 0, 0, 0, 0, 0, 0, 0, 0, 0, 0, 99, 213, 921
"c:\ws-code\ws-kwik\kwik-ui\third_party\freetype\src\gxvalid\gxvlcar.c", "C", 0, 0, 91, 0, 0, 0, 0, 0, 0, 0, 0, 0, 0, 0, 0, 0, 0, 0, 0, 0, 0, 0, 0, 0, 87, 47, 225
"c:\ws-code\ws-kwik\kwik-ui\third_party\freetype\src\gxvalid\gxvmod.c", "C", 0, 0, 195, 0, 0, 0, 0, 0, 0, 0, 0, 0, 0, 0, 0, 0, 0, 0, 0, 0, 0, 0, 0, 0, 37, 57, 289
"c:\ws-code\ws-kwik\kwik-ui\third_party\freetype\src\gxvalid\gxvmod.h", "C++", 0, 7, 0, 0, 0, 0, 0, 0, 0, 0, 0, 0, 0, 0, 0, 0, 0, 0, 0, 0, 0, 0, 0, 0, 26, 14, 47
"c:\ws-code\ws-kwik\kwik-ui\third_party\freetype\src\gxvalid\gxvmort.c", "C", 0, 0, 199, 0, 0, 0, 0, 0, 0, 0, 0, 0, 0, 0, 0, 0, 0, 0, 0, 0, 0, 0, 0, 0, 39, 64, 302
"c:\ws-code\ws-kwik\kwik-ui\third_party\freetype\src\gxvalid\gxvmort.h", "C++", 0, 49, 0, 0, 0, 0, 0, 0, 0, 0, 0, 0, 0, 0, 0, 0, 0, 0, 0, 0, 0, 0, 0, 0, 25, 26, 100
"c:\ws-code\ws-kwik\kwik-ui\third_party\freetype\src\gxvalid\gxvmort0.c", "C", 0, 0, 91, 0, 0, 0, 0, 0, 0, 0, 0, 0, 0, 0, 0, 0, 0, 0, 0, 0, 0, 0, 0, 0, 32, 30, 153
"c:\ws-code\ws-kwik\kwik-ui\third_party\freetype\src\gxvalid\gxvmort1.c", "C", 0, 0, 163, 0, 0, 0, 0, 0, 0, 0, 0, 0, 0, 0, 0, 0, 0, 0, 0, 0, 0, 0, 0, 0, 39, 59, 261
"c:\ws-code\ws-kwik\kwik-ui\third_party\freetype\src\gxvalid\gxvmort2.c", "C", 0, 0, 211, 0, 0, 0, 0, 0, 0, 0, 0, 0, 0, 0, 0, 0, 0, 0, 0, 0, 0, 0, 0, 0, 38, 64, 313
"c:\ws-code\ws-kwik\kwik-ui\third_party\freetype\src\gxvalid\gxvmort4.c", "C", 0, 0, 44, 0, 0, 0, 0, 0, 0, 0, 0, 0, 0, 0, 0, 0, 0, 0, 0, 0, 0, 0, 0, 0, 59, 24, 127
"c:\ws-code\ws-kwik\kwik-ui\third_party\freetype\src\gxvalid\gxvmort5.c", "C", 0, 0, 147, 0, 0, 0, 0, 0, 0, 0, 0, 0, 0, 0, 0, 0, 0, 0, 0, 0, 0, 0, 0, 0, 43, 45, 235
"c:\ws-code\ws-kwik\kwik-ui\third_party\freetype\src\gxvalid\gxvmorx.c", "C", 0, 0, 118, 0, 0, 0, 0, 0, 0, 0, 0, 0, 0, 0, 0, 0, 0, 0, 0, 0, 0, 0, 0, 0, 35, 47, 200
"c:\ws-code\ws-kwik\kwik-ui\third_party\freetype\src\gxvalid\gxvmorx.h", "C++", 0, 29, 0, 0, 0, 0, 0, 0, 0, 0, 0, 0, 0, 0, 0, 0, 0, 0, 0, 0, 0, 0, 0, 0, 25, 20, 74
"c:\ws-code\ws-kwik\kwik-ui\third_party\freetype\src\gxvalid\gxvmorx0.c", "C", 0, 0, 58, 0, 0, 0, 0, 0, 0, 0, 0, 0, 0, 0, 0, 0, 0, 0, 0, 0, 0, 0, 0, 0, 32, 23, 113
"c:\ws-code\ws-kwik\kwik-ui\third_party\freetype\src\gxvalid\gxvmorx1.c", "C", 0, 0, 168, 0, 0, 0, 0, 0, 0, 0, 0, 0, 0, 0, 0, 0, 0, 0, 0, 0, 0, 0, 0, 0, 43, 68, 279
"c:\ws-code\ws-kwik\kwik-ui\third_party\freetype\src\gxvalid\gxvmorx2.c", "C", 0, 0, 225, 0, 0, 0, 0, 0, 0, 0, 0, 0, 0, 0, 0, 0, 0, 0, 0, 0, 0, 0, 0, 0, 37, 70, 332
"c:\ws-code\ws-kwik\kwik-ui\third_party\freetype\src\gxvalid\gxvmorx4.c", "C", 0, 0, 13, 0, 0, 0, 0, 0, 0, 0, 0, 0, 0, 0, 0, 0, 0, 0, 0, 0, 0, 0, 0, 0, 32, 12, 57
"c:\ws-code\ws-kwik\kwik-ui\third_party\freetype\src\gxvalid\gxvmorx5.c", "C", 0, 0, 136, 0, 0, 0, 0, 0, 0, 0, 0, 0, 0, 0, 0, 0, 0, 0, 0, 0, 0, 0, 0, 0, 40, 51, 227
"c:\ws-code\ws-kwik\kwik-ui\third_party\freetype\src\gxvalid\gxvopbd.c", "C", 0, 0, 88, 0, 0, 0, 0, 0, 0, 0, 0, 0, 0, 0, 0, 0, 0, 0, 0, 0, 0, 0, 0, 0, 87, 44, 219
"c:\ws-code\ws-kwik\kwik-ui\third_party\freetype\src\gxvalid\gxvprop.c", "C", 0, 0, 179, 0, 0, 0, 0, 0, 0, 0, 0, 0, 0, 0, 0, 0, 0, 0, 0, 0, 0, 0, 0, 0, 89, 63, 331
"c:\ws-code\ws-kwik\kwik-ui\third_party\freetype\src\gxvalid\gxvtrak.c", "C", 0, 0, 144, 0, 0, 0, 0, 0, 0, 0, 0, 0, 0, 0, 0, 0, 0, 0, 0, 0, 0, 0, 0, 0, 84, 61, 289
"c:\ws-code\ws-kwik\kwik-ui\third_party\freetype\src\gxvalid\module.mk", "Makefile", 0, 0, 0, 0, 0, 0, 0, 0, 0, 0, 0, 0, 0, 0, 5, 0, 0, 0, 0, 0, 0, 0, 0, 0, 13, 6, 24
"c:\ws-code\ws-kwik\kwik-ui\third_party\freetype\src\gxvalid\rules.mk", "Makefile", 0, 0, 0, 0, 0, 0, 0, 0, 0, 0, 0, 0, 0, 0, 44, 0, 0, 0, 0, 0, 0, 0, 0, 0, 34, 21, 99
"c:\ws-code\ws-kwik\kwik-ui\third_party\freetype\src\gzip\adler32.c", "C", 0, 0, 124, 0, 0, 0, 0, 0, 0, 0, 0, 0, 0, 0, 0, 0, 0, 0, 0, 0, 0, 0, 0, 0, 23, 22, 169
"c:\ws-code\ws-kwik\kwik-ui\third_party\freetype\src\gzip\crc32.c", "C", 0, 0, 709, 0, 0, 0, 0, 0, 0, 0, 0, 0, 0, 0, 0, 0, 0, 0, 0, 0, 0, 0, 0, 0, 241, 112, 1062
"c:\ws-code\ws-kwik\kwik-ui\third_party\freetype\src\gzip\crc32.h", "C++", 0, 9380, 0, 0, 0, 0, 0, 0, 0, 0, 0, 0, 0, 0, 0, 0, 0, 0, 0, 0, 0, 0, 0, 0, 3, 64, 9447
"c:\ws-code\ws-kwik\kwik-ui\third_party\freetype\src\gzip\ftgzip.c", "C", 0, 0, 504, 0, 0, 0, 0, 0, 0, 0, 0, 0, 0, 0, 0, 0, 0, 0, 0, 0, 0, 0, 0, 0, 102, 200, 806
"c:\ws-code\ws-kwik\kwik-ui\third_party\freetype\src\gzip\ftzconf.h", "C++", 0, 437, 0, 0, 0, 0, 0, 0, 0, 0, 0, 0, 0, 0, 0, 0, 0, 0, 0, 0, 0, 0, 0, 0, 62, 45, 544
"c:\ws-code\ws-kwik\kwik-ui\third_party\freetype\src\gzip\gzguts.h", "C++", 0, 153, 0, 0, 0, 0, 0, 0, 0, 0, 0, 0, 0, 0, 0, 0, 0, 0, 0, 0, 0, 0, 0, 0, 36, 26, 215
"c:\ws-code\ws-kwik\kwik-ui\third_party\freetype\src\gzip\inffast.c", "C", 0, 0, 253, 0, 0, 0, 0, 0, 0, 0, 0, 0, 0, 0, 0, 0, 0, 0, 0, 0, 0, 0, 0, 0, 58, 10, 321
"c:\ws-code\ws-kwik\kwik-ui\third_party\freetype\src\gzip\inffast.h", "C++", 0, 1, 0, 0, 0, 0, 0, 0, 0, 0, 0, 0, 0, 0, 0, 0, 0, 0, 0, 0, 0, 0, 0, 0, 8, 3, 12
"c:\ws-code\ws-kwik\kwik-ui\third_party\freetype\src\gzip\inffixed.h", "C++", 0, 84, 0, 0, 0, 0, 0, 0, 0, 0, 0, 0, 0, 0, 0, 0, 0, 0, 0, 0, 0, 0, 0, 0, 7, 4, 95
"c:\ws-code\ws-kwik\kwik-ui\third_party\freetype\src\gzip\inflate.c", "C", 0, 0, 1153, 0, 0, 0, 0, 0, 0, 0, 0, 0, 0, 0, 0, 0, 0, 0, 0, 0, 0, 0, 0, 0, 295, 87, 1535
"c:\ws-code\ws-kwik\kwik-ui\third_party\freetype\src\gzip\inflate.h", "C++", 0, 77, 0, 0, 0, 0, 0, 0, 0, 0, 0, 0, 0, 0, 0, 0, 0, 0, 0, 0, 0, 0, 0, 0, 47, 8, 132
"c:\ws-code\ws-kwik\kwik-ui\third_party\freetype\src\gzip\inftrees.c", "C", 0, 0, 169, 0, 0, 0, 0, 0, 0, 0, 0, 0, 0, 0, 0, 0, 0, 0, 0, 0, 0, 0, 0, 0, 105, 26, 300
"c:\ws-code\ws-kwik\kwik-ui\third_party\freetype\src\gzip\inftrees.h", "C++", 0, 19, 0, 0, 0, 0, 0, 0, 0, 0, 0, 0, 0, 0, 0, 0, 0, 0, 0, 0, 0, 0, 0, 0, 40, 9, 68
"c:\ws-code\ws-kwik\kwik-ui\third_party\freetype\src\gzip\patches\freetype-zlib.diff", "Diff", 0, 0, 0, 0, 0, 0, 0, 0, 351, 0, 0, 0, 0, 0, 0, 0, 0, 0, 0, 0, 0, 0, 0, 0, 41, 60, 452
"c:\ws-code\ws-kwik\kwik-ui\third_party\freetype\src\gzip\rules.mk", "Makefile", 0, 0, 0, 0, 0, 0, 0, 0, 0, 0, 0, 0, 0, 0, 33, 0, 0, 0, 0, 0, 0, 0, 0, 0, 31, 18, 82
"c:\ws-code\ws-kwik\kwik-ui\third_party\freetype\src\gzip\zlib.h", "C++", 0, 335, 0, 0, 0, 0, 0, 0, 0, 0, 0, 0, 0, 0, 0, 0, 0, 0, 0, 0, 0, 0, 0, 0, 1497, 141, 1973
"c:\ws-code\ws-kwik\kwik-ui\third_party\freetype\src\gzip\zutil.c", "C", 0, 0, 218, 0, 0, 0, 0, 0, 0, 0, 0, 0, 0, 0, 0, 0, 0, 0, 0, 0, 0, 0, 0, 0, 36, 52, 306
"c:\ws-code\ws-kwik\kwik-ui\third_party\freetype\src\gzip\zutil.h", "C++", 0, 185, 0, 0, 0, 0, 0, 0, 0, 0, 0, 0, 0, 0, 0, 0, 0, 0, 0, 0, 0, 0, 0, 0, 30, 46, 261
"c:\ws-code\ws-kwik\kwik-ui\third_party\freetype\src\hvf\hvf.c", "C", 0, 0, 4, 0, 0, 0, 0, 0, 0, 0, 0, 0, 0, 0, 0, 0, 0, 0, 0, 0, 0, 0, 0, 0, 18, 6, 28
"c:\ws-code\ws-kwik\kwik-ui\third_party\freetype\src\hvf\hvfdrv.c", "C", 0, 0, 432, 0, 0, 0, 0, 0, 0, 0, 0, 0, 0, 0, 0, 0, 0, 0, 0, 0, 0, 0, 0, 0, 127, 165, 724
"c:\ws-code\ws-kwik\kwik-ui\third_party\freetype\src\hvf\hvfdrv.h", "C++", 0, 7, 0, 0, 0, 0, 0, 0, 0, 0, 0, 0, 0, 0, 0, 0, 0, 0, 0, 0, 0, 0, 0, 0, 19, 12, 38
"c:\ws-code\ws-kwik\kwik-ui\third_party\freetype\src\hvf\hvferror.h", "C++", 0, 9, 0, 0, 0, 0, 0, 0, 0, 0, 0, 0, 0, 0, 0, 0, 0, 0, 0, 0, 0, 0, 0, 0, 23, 12, 44
"c:\ws-code\ws-kwik\kwik-ui\third_party\freetype\src\hvf\hvfload.c", "C", 0, 0, 362, 0, 0, 0, 0, 0, 0, 0, 0, 0, 0, 0, 0, 0, 0, 0, 0, 0, 0, 0, 0, 0, 117, 100, 579
"c:\ws-code\ws-kwik\kwik-ui\third_party\freetype\src\hvf\hvfload.h", "C++", 0, 12, 0, 0, 0, 0, 0, 0, 0, 0, 0, 0, 0, 0, 0, 0, 0, 0, 0, 0, 0, 0, 0, 0, 18, 13, 43
"c:\ws-code\ws-kwik\kwik-ui\third_party\freetype\src\hvf\hvfobjs.c", "C", 0, 0, 312, 0, 0, 0, 0, 0, 0, 0, 0, 0, 0, 0, 0, 0, 0, 0, 0, 0, 0, 0, 0, 0, 110, 89, 511
"c:\ws-code\ws-kwik\kwik-ui\third_party\freetype\src\hvf\hvfobjs.h", "C++", 0, 51, 0, 0, 0, 0, 0, 0, 0, 0, 0, 0, 0, 0, 0, 0, 0, 0, 0, 0, 0, 0, 0, 0, 65, 41, 157
"c:\ws-code\ws-kwik\kwik-ui\third_party\freetype\src\hvf\module.mk", "Makefile", 0, 0, 0, 0, 0, 0, 0, 0, 0, 0, 0, 0, 0, 0, 5, 0, 0, 0, 0, 0, 0, 0, 0, 0, 13, 6, 24
"c:\ws-code\ws-kwik\kwik-ui\third_party\freetype\src\hvf\rules.mk", "Makefile", 0, 0, 0, 0, 0, 0, 0, 0, 0, 0, 0, 0, 0, 0, 19, 0, 0, 0, 0, 0, 0, 0, 0, 0, 34, 21, 74
"c:\ws-code\ws-kwik\kwik-ui\third_party\freetype\src\lzw\ftlzw.c", "C", 0, 0, 242, 0, 0, 0, 0, 0, 0, 0, 0, 0, 0, 0, 0, 0, 0, 0, 0, 0, 0, 0, 0, 0, 66, 108, 416
"c:\ws-code\ws-kwik\kwik-ui\third_party\freetype\src\lzw\ftzopen.c", "C", 0, 0, 286, 0, 0, 0, 0, 0, 0, 0, 0, 0, 0, 0, 0, 0, 0, 0, 0, 0, 0, 0, 0, 0, 42, 102, 430
"c:\ws-code\ws-kwik\kwik-ui\third_party\freetype\src\lzw\ftzopen.h", "C++", 0, 61, 0, 0, 0, 0, 0, 0, 0, 0, 0, 0, 0, 0, 0, 0, 0, 0, 0, 0, 0, 0, 0, 0, 80, 34, 175
"c:\ws-code\ws-kwik\kwik-ui\third_party\freetype\src\lzw\rules.mk", "Makefile", 0, 0, 0, 0, 0, 0, 0, 0, 0, 0, 0, 0, 0, 0, 17, 0, 0, 0, 0, 0, 0, 0, 0, 0, 35, 21, 73
"c:\ws-code\ws-kwik\kwik-ui\third_party\freetype\src\otvalid\module.mk", "Makefile", 0, 0, 0, 0, 0, 0, 0, 0, 0, 0, 0, 0, 0, 0, 5, 0, 0, 0, 0, 0, 0, 0, 0, 0, 12, 7, 24
"c:\ws-code\ws-kwik\kwik-ui\third_party\freetype\src\otvalid\otvalid.c", "C", 0, 0, 9, 0, 0, 0, 0, 0, 0, 0, 0, 0, 0, 0, 0, 0, 0, 0, 0, 0, 0, 0, 0, 0, 17, 6, 32
"c:\ws-code\ws-kwik\kwik-ui\third_party\freetype\src\otvalid\otvalid.h", "C++", 0, 36, 0, 0, 0, 0, 0, 0, 0, 0, 0, 0, 0, 0, 0, 0, 0, 0, 0, 0, 0, 0, 0, 0, 21, 21, 78
"c:\ws-code\ws-kwik\kwik-ui\third_party\freetype\src\otvalid\otvbase.c", "C", 0, 0, 211, 0, 0, 0, 0, 0, 0, 0, 0, 0, 0, 0, 0, 0, 0, 0, 0, 0, 0, 0, 0, 0, 30, 105, 346
"c:\ws-code\ws-kwik\kwik-ui\third_party\freetype\src\otvalid\otvcommn.c", "C", 0, 0, 623, 0, 0, 0, 0, 0, 0, 0, 0, 0, 0, 0, 0, 0, 0, 0, 0, 0, 0, 0, 0, 0, 135, 342, 1100
"c:\ws-code\ws-kwik\kwik-ui\third_party\freetype\src\otvalid\otvcommn.h", "C++", 0, 280, 0, 0, 0, 0, 0, 0, 0, 0, 0, 0, 0, 0, 0, 0, 0, 0, 0, 0, 0, 0, 0, 0, 86, 103, 469
"c:\ws-code\ws-kwik\kwik-ui\third_party\freetype\src\otvalid\otverror.h", "C++", 0, 9, 0, 0, 0, 0, 0, 0, 0, 0, 0, 0, 0, 0, 0, 0, 0, 0, 0, 0, 0, 0, 0, 0, 23, 11, 43
"c:\ws-code\ws-kwik\kwik-ui\third_party\freetype\src\otvalid\otvgdef.c", "C", 0, 0, 168, 0, 0, 0, 0, 0, 0, 0, 0, 0, 0, 0, 0, 0, 0, 0, 0, 0, 0, 0, 0, 0, 60, 76, 304
"c:\ws-code\ws-kwik\kwik-ui\third_party\freetype\src\otvalid\otvgpos.c", "C", 0, 0, 606, 0, 0, 0, 0, 0, 0, 0, 0, 0, 0, 0, 0, 0, 0, 0, 0, 0, 0, 0, 0, 0, 164, 282, 1052
"c:\ws-code\ws-kwik\kwik-ui\third_party\freetype\src\otvalid\otvgpos.h", "C++", 0, 8, 0, 0, 0, 0, 0, 0, 0, 0, 0, 0, 0, 0, 0, 0, 0, 0, 0, 0, 0, 0, 0, 0, 17, 12, 37
"c:\ws-code\ws-kwik\kwik-ui\third_party\freetype\src\otvalid\otvgsub.c", "C", 0, 0, 342, 0, 0, 0, 0, 0, 0, 0, 0, 0, 0, 0, 0, 0, 0, 0, 0, 0, 0, 0, 0, 0, 117, 169, 628
"c:\ws-code\ws-kwik\kwik-ui\third_party\freetype\src\otvalid\otvjstf.c", "C", 0, 0, 158, 0, 0, 0, 0, 0, 0, 0, 0, 0, 0, 0, 0, 0, 0, 0, 0, 0, 0, 0, 0, 0, 36, 66, 260
"c:\ws-code\ws-kwik\kwik-ui\third_party\freetype\src\otvalid\otvmath.c", "C", 0, 0, 258, 0, 0, 0, 0, 0, 0, 0, 0, 0, 0, 0, 0, 0, 0, 0, 0, 0, 0, 0, 0, 0, 78, 118, 454
"c:\ws-code\ws-kwik\kwik-ui\third_party\freetype\src\otvalid\otvmod.c", "C", 0, 0, 200, 0, 0, 0, 0, 0, 0, 0, 0, 0, 0, 0, 0, 0, 0, 0, 0, 0, 0, 0, 0, 0, 29, 53, 282
"c:\ws-code\ws-kwik\kwik-ui\third_party\freetype\src\otvalid\otvmod.h", "C++", 0, 7, 0, 0, 0, 0, 0, 0, 0, 0, 0, 0, 0, 0, 0, 0, 0, 0, 0, 0, 0, 0, 0, 0, 18, 14, 39
"c:\ws-code\ws-kwik\kwik-ui\third_party\freetype\src\otvalid\rules.mk", "Makefile", 0, 0, 0, 0, 0, 0, 0, 0, 0, 0, 0, 0, 0, 0, 28, 0, 0, 0, 0, 0, 0, 0, 0, 0, 33, 21, 82
"c:\ws-code\ws-kwik\kwik-ui\third_party\freetype\src\pcf\module.mk", "Makefile", 0, 0, 0, 0, 0, 0, 0, 0, 0, 0, 0, 0, 0, 0, 5, 0, 0, 0, 0, 0, 0, 0, 0, 0, 24, 6, 35
"c:\ws-code\ws-kwik\kwik-ui\third_party\freetype\src\pcf\pcf.c", "C", 0, 0, 4, 0, 0, 0, 0, 0, 0, 0, 0, 0, 0, 0, 0, 0, 0, 0, 0, 0, 0, 0, 0, 0, 26, 6, 36
"c:\ws-code\ws-kwik\kwik-ui\third_party\freetype\src\pcf\pcf.h", "C++", 0, 156, 0, 0, 0, 0, 0, 0, 0, 0, 0, 0, 0, 0, 0, 0, 0, 0, 0, 0, 0, 0, 0, 0, 31, 65, 252
"c:\ws-code\ws-kwik\kwik-ui\third_party\freetype\src\pcf\pcfdrivr.c", "C", 0, 0, 563, 0, 0, 0, 0, 0, 0, 0, 0, 0, 0, 0, 0, 0, 0, 0, 0, 0, 0, 0, 0, 0, 77, 206, 846
"c:\ws-code\ws-kwik\kwik-ui\third_party\freetype\src\pcf\pcfdrivr.h", "C++", 0, 7, 0, 0, 0, 0, 0, 0, 0, 0, 0, 0, 0, 0, 0, 0, 0, 0, 0, 0, 0, 0, 0, 0, 26, 12, 45
"c:\ws-code\ws-kwik\kwik-ui\third_party\freetype\src\pcf\pcferror.h", "C++", 0, 9, 0, 0, 0, 0, 0, 0, 0, 0, 0, 0, 0, 0, 0, 0, 0, 0, 0, 0, 0, 0, 0, 0, 22, 11, 42
"c:\ws-code\ws-kwik\kwik-ui\third_party\freetype\src\pcf\pcfread.c", "C", 0, 0, 1243, 0, 0, 0, 0, 0, 0, 0, 0, 0, 0, 0, 0, 0, 0, 0, 0, 0, 0, 0, 0, 0, 154, 319, 1716
"c:\ws-code\ws-kwik\kwik-ui\third_party\freetype\src\pcf\pcfread.h", "C++", 0, 8, 0, 0, 0, 0, 0, 0, 0, 0, 0, 0, 0, 0, 0, 0, 0, 0, 0, 0, 0, 0, 0, 0, 26, 11, 45
"c:\ws-code\ws-kwik\kwik-ui\third_party\freetype\src\pcf\pcfutil.c", "C", 0, 0, 50, 0, 0, 0, 0, 0, 0, 0, 0, 0, 0, 0, 0, 0, 0, 0, 0, 0, 0, 0, 0, 0, 40, 30, 120
"c:\ws-code\ws-kwik\kwik-ui\third_party\freetype\src\pcf\pcfutil.h", "C++", 0, 17, 0, 0, 0, 0, 0, 0, 0, 0, 0, 0, 0, 0, 0, 0, 0, 0, 0, 0, 0, 0, 0, 0, 26, 13, 56
"c:\ws-code\ws-kwik\kwik-ui\third_party\freetype\src\pcf\rules.mk", "Makefile", 0, 0, 0, 0, 0, 0, 0, 0, 0, 0, 0, 0, 0, 0, 20, 0, 0, 0, 0, 0, 0, 0, 0, 0, 43, 20, 83
"c:\ws-code\ws-kwik\kwik-ui\third_party\freetype\src\pfr\module.mk", "Makefile", 0, 0, 0, 0, 0, 0, 0, 0, 0, 0, 0, 0, 0, 0, 5, 0, 0, 0, 0, 0, 0, 0, 0, 0, 12, 7, 24
"c:\ws-code\ws-kwik\kwik-ui\third_party\freetype\src\pfr\pfr.c", "C", 0, 0, 7, 0, 0, 0, 0, 0, 0, 0, 0, 0, 0, 0, 0, 0, 0, 0, 0, 0, 0, 0, 0, 0, 17, 6, 30
"c:\ws-code\ws-kwik\kwik-ui\third_party\freetype\src\pfr\pfrcmap.c", "C", 0, 0, 124, 0, 0, 0, 0, 0, 0, 0, 0, 0, 0, 0, 0, 0, 0, 0, 0, 0, 0, 0, 0, 0, 22, 43, 189
"c:\ws-code\ws-kwik\kwik-ui\third_party\freetype\src\pfr\pfrcmap.h", "C++", 0, 14, 0, 0, 0, 0, 0, 0, 0, 0, 0, 0, 0, 0, 0, 0, 0, 0, 0, 0, 0, 0, 0, 0, 17, 15, 46
"c:\ws-code\ws-kwik\kwik-ui\third_party\freetype\src\pfr\pfrdrivr.c", "C", 0, 0, 133, 0, 0, 0, 0, 0, 0, 0, 0, 0, 0, 0, 0, 0, 0, 0, 0, 0, 0, 0, 0, 0, 26, 54, 213
"c:\ws-code\ws-kwik\kwik-ui\third_party\freetype\src\pfr\pfrdrivr.h", "C++", 0, 7, 0, 0, 0, 0, 0, 0, 0, 0, 0, 0, 0, 0, 0, 0, 0, 0, 0, 0, 0, 0, 0, 0, 17, 13, 37
"c:\ws-code\ws-kwik\kwik-ui\third_party\freetype\src\pfr\pfrerror.h", "C++", 0, 9, 0, 0, 0, 0, 0, 0, 0, 0, 0, 0, 0, 0, 0, 0, 0, 0, 0, 0, 0, 0, 0, 0, 22, 11, 42
"c:\ws-code\ws-kwik\kwik-ui\third_party\freetype\src\pfr\pfrgload.c", "C", 0, 0, 576, 0, 0, 0, 0, 0, 0, 0, 0, 0, 0, 0, 0, 0, 0, 0, 0, 0, 0, 0, 0, 0, 90, 184, 850
"c:\ws-code\ws-kwik\kwik-ui\third_party\freetype\src\pfr\pfrgload.h", "C++", 0, 17, 0, 0, 0, 0, 0, 0, 0, 0, 0, 0, 0, 0, 0, 0, 0, 0, 0, 0, 0, 0, 0, 0, 17, 16, 50
"c:\ws-code\ws-kwik\kwik-ui\third_party\freetype\src\pfr\pfrload.c", "C", 0, 0, 654, 0, 0, 0, 0, 0, 0, 0, 0, 0, 0, 0, 0, 0, 0, 0, 0, 0, 0, 0, 0, 0, 179, 230, 1063
"c:\ws-code\ws-kwik\kwik-ui\third_party\freetype\src\pfr\pfrload.h", "C++", 0, 64, 0, 0, 0, 0, 0, 0, 0, 0, 0, 0, 0, 0, 0, 0, 0, 0, 0, 0, 0, 0, 0, 0, 28, 32, 124
"c:\ws-code\ws-kwik\kwik-ui\third_party\freetype\src\pfr\pfrobjs.c", "C", 0, 0, 388, 0, 0, 0, 0, 0, 0, 0, 0, 0, 0, 0, 0, 0, 0, 0, 0, 0, 0, 0, 0, 0, 74, 138, 600
"c:\ws-code\ws-kwik\kwik-ui\third_party\freetype\src\pfr\pfrobjs.h", "C++", 0, 47, 0, 0, 0, 0, 0, 0, 0, 0, 0, 0, 0, 0, 0, 0, 0, 0, 0, 0, 0, 0, 0, 0, 17, 33, 97
"c:\ws-code\ws-kwik\kwik-ui\third_party\freetype\src\pfr\pfrsbit.c", "C", 0, 0, 573, 0, 0, 0, 0, 0, 0, 0, 0, 0, 0, 0, 0, 0, 0, 0, 0, 0, 0, 0, 0, 0, 89, 147, 809
"c:\ws-code\ws-kwik\kwik-ui\third_party\freetype\src\pfr\pfrsbit.h", "C++", 0, 11, 0, 0, 0, 0, 0, 0, 0, 0, 0, 0, 0, 0, 0, 0, 0, 0, 0, 0, 0, 0, 0, 0, 17, 10, 38
"c:\ws-code\ws-kwik\kwik-ui\third_party\freetype\src\pfr\pfrtypes.h", "C++", 0, 201, 0, 0, 0, 0, 0, 0, 0, 0, 0, 0, 0, 0, 0, 0, 0, 0, 0, 0, 0, 0, 0, 0, 31, 100, 332
"c:\ws-code\ws-kwik\kwik-ui\third_party\freetype\src\pfr\rules.mk", "Makefile", 0, 0, 0, 0, 0, 0, 0, 0, 0, 0, 0, 0, 0, 0, 23, 0, 0, 0, 0, 0, 0, 0, 0, 0, 33, 21, 77
"c:\ws-code\ws-kwik\kwik-ui\third_party\freetype\src\psaux\afmparse.c", "C", 0, 0, 813, 0, 0, 0, 0, 0, 0, 0, 0, 0, 0, 0, 0, 0, 0, 0, 0, 0, 0, 0, 0, 0, 61, 221, 1095
"c:\ws-code\ws-kwik\kwik-ui\third_party\freetype\src\psaux\afmparse.h", "C++", 0, 45, 0, 0, 0, 0, 0, 0, 0, 0, 0, 0, 0, 0, 0, 0, 0, 0, 0, 0, 0, 0, 0, 0, 18, 26, 89
"c:\ws-code\ws-kwik\kwik-ui\third_party\freetype\src\psaux\cffdecode.c", "C", 0, 0, 1622, 0, 0, 0, 0, 0, 0, 0, 0, 0, 0, 0, 0, 0, 0, 0, 0, 0, 0, 0, 0, 0, 307, 483, 2412
"c:\ws-code\ws-kwik\kwik-ui\third_party\freetype\src\psaux\cffdecode.h", "C++", 0, 29, 0, 0, 0, 0, 0, 0, 0, 0, 0, 0, 0, 0, 0, 0, 0, 0, 0, 0, 0, 0, 0, 0, 17, 18, 64
"c:\ws-code\ws-kwik\kwik-ui\third_party\freetype\src\psaux\module.mk", "Makefile", 0, 0, 0, 0, 0, 0, 0, 0, 0, 0, 0, 0, 0, 0, 5, 0, 0, 0, 0, 0, 0, 0, 0, 0, 12, 7, 24
"c:\ws-code\ws-kwik\kwik-ui\third_party\freetype\src\psaux\psarrst.c", "C", 0, 0, 124, 0, 0, 0, 0, 0, 0, 0, 0, 0, 0, 0, 0, 0, 0, 0, 0, 0, 0, 0, 0, 0, 60, 57, 241
"c:\ws-code\ws-kwik\kwik-ui\third_party\freetype\src\psaux\psarrst.h", "C++", 0, 38, 0, 0, 0, 0, 0, 0, 0, 0, 0, 0, 0, 0, 0, 0, 0, 0, 0, 0, 0, 0, 0, 0, 39, 23, 100
"c:\ws-code\ws-kwik\kwik-ui\third_party\freetype\src\psaux\psaux.c", "C", 0, 0, 17, 0, 0, 0, 0, 0, 0, 0, 0, 0, 0, 0, 0, 0, 0, 0, 0, 0, 0, 0, 0, 0, 17, 7, 41
"c:\ws-code\ws-kwik\kwik-ui\third_party\freetype\src\psaux\psauxerr.h", "C++", 0, 9, 0, 0, 0, 0, 0, 0, 0, 0, 0, 0, 0, 0, 0, 0, 0, 0, 0, 0, 0, 0, 0, 0, 23, 11, 43
"c:\ws-code\ws-kwik\kwik-ui\third_party\freetype\src\psaux\psauxmod.c", "C", 0, 0, 134, 0, 0, 0, 0, 0, 0, 0, 0, 0, 0, 0, 0, 0, 0, 0, 0, 0, 0, 0, 0, 0, 17, 40, 191
"c:\ws-code\ws-kwik\kwik-ui\third_party\freetype\src\psaux\psauxmod.h", "C++", 0, 20, 0, 0, 0, 0, 0, 0, 0, 0, 0, 0, 0, 0, 0, 0, 0, 0, 0, 0, 0, 0, 0, 0, 17, 21, 58
"c:\ws-code\ws-kwik\kwik-ui\third_party\freetype\src\psaux\psblues.c", "C", 0, 0, 325, 0, 0, 0, 0, 0, 0, 0, 0, 0, 0, 0, 0, 0, 0, 0, 0, 0, 0, 0, 0, 0, 152, 95, 572
"c:\ws-code\ws-kwik\kwik-ui\third_party\freetype\src\psaux\psblues.h", "C++", 0, 63, 0, 0, 0, 0, 0, 0, 0, 0, 0, 0, 0, 0, 0, 0, 0, 0, 0, 0, 0, 0, 0, 0, 86, 37, 186
"c:\ws-code\ws-kwik\kwik-ui\third_party\freetype\src\psaux\psconv.c", "C", 0, 0, 412, 0, 0, 0, 0, 0, 0, 0, 0, 0, 0, 0, 0, 0, 0, 0, 0, 0, 0, 0, 0, 0, 42, 157, 611
"c:\ws-code\ws-kwik\kwik-ui\third_party\freetype\src\psaux\psconv.h", "C++", 0, 35, 0, 0, 0, 0, 0, 0, 0, 0, 0, 0, 0, 0, 0, 0, 0, 0, 0, 0, 0, 0, 0, 0, 17, 19, 71
"c:\ws-code\ws-kwik\kwik-ui\third_party\freetype\src\psaux\pserror.c", "C", 0, 0, 9, 0, 0, 0, 0, 0, 0, 0, 0, 0, 0, 0, 0, 0, 0, 0, 0, 0, 0, 0, 0, 0, 37, 7, 53
"c:\ws-code\ws-kwik\kwik-ui\third_party\freetype\src\psaux\pserror.h", "C++", 0, 18, 0, 0, 0, 0, 0, 0, 0, 0, 0, 0, 0, 0, 0, 0, 0, 0, 0, 0, 0, 0, 0, 0, 80, 23, 121
"c:\ws-code\ws-kwik\kwik-ui\third_party\freetype\src\psaux\psfixed.h", "C++", 0, 33, 0, 0, 0, 0, 0, 0, 0, 0, 0, 0, 0, 0, 0, 0, 0, 0, 0, 0, 0, 0, 0, 0, 41, 21, 95
"c:\ws-code\ws-kwik\kwik-ui\third_party\freetype\src\psaux\psfont.c", "C", 0, 0, 276, 0, 0, 0, 0, 0, 0, 0, 0, 0, 0, 0, 0, 0, 0, 0, 0, 0, 0, 0, 0, 0, 186, 105, 567
"c:\ws-code\ws-kwik\kwik-ui\third_party\freetype\src\psaux\psfont.h", "C++", 0, 49, 0, 0, 0, 0, 0, 0, 0, 0, 0, 0, 0, 0, 0, 0, 0, 0, 0, 0, 0, 0, 0, 0, 54, 32, 135
"c:\ws-code\ws-kwik\kwik-ui\third_party\freetype\src\psaux\psft.c", "C", 0, 0, 563, 0, 0, 0, 0, 0, 0, 0, 0, 0, 0, 0, 0, 0, 0, 0, 0, 0, 0, 0, 0, 0, 118, 215, 896
"c:\ws-code\ws-kwik\kwik-ui\third_party\freetype\src\psaux\psft.h", "C++", 0, 91, 0, 0, 0, 0, 0, 0, 0, 0, 0, 0, 0, 0, 0, 0, 0, 0, 0, 0, 0, 0, 0, 0, 43, 34, 168
"c:\ws-code\ws-kwik\kwik-ui\third_party\freetype\src\psaux\psglue.h", "C++", 0, 53, 0, 0, 0, 0, 0, 0, 0, 0, 0, 0, 0, 0, 0, 0, 0, 0, 0, 0, 0, 0, 0, 0, 55, 37, 145
"c:\ws-code\ws-kwik\kwik-ui\third_party\freetype\src\psaux\pshints.c", "C", 0, 0, 1194, 0, 0, 0, 0, 0, 0, 0, 0, 0, 0, 0, 0, 0, 0, 0, 0, 0, 0, 0, 0, 0, 455, 304, 1953
"c:\ws-code\ws-kwik\kwik-ui\third_party\freetype\src\psaux\pshints.h", "C++", 0, 134, 0, 0, 0, 0, 0, 0, 0, 0, 0, 0, 0, 0, 0, 0, 0, 0, 0, 0, 0, 0, 0, 0, 95, 60, 289
"c:\ws-code\ws-kwik\kwik-ui\third_party\freetype\src\psaux\psintrp.c", "C", 0, 0, 2028, 0, 0, 0, 0, 0, 0, 0, 0, 0, 0, 0, 0, 0, 0, 0, 0, 0, 0, 0, 0, 0, 379, 644, 3051
"c:\ws-code\ws-kwik\kwik-ui\third_party\freetype\src\psaux\psintrp.h", "C++", 0, 31, 0, 0, 0, 0, 0, 0, 0, 0, 0, 0, 0, 0, 0, 0, 0, 0, 0, 0, 0, 0, 0, 0, 37, 16, 84
"c:\ws-code\ws-kwik\kwik-ui\third_party\freetype\src\psaux\psobjs.c", "C", 0, 0, 1610, 0, 0, 0, 0, 0, 0, 0, 0, 0, 0, 0, 0, 0, 0, 0, 0, 0, 0, 0, 0, 0, 432, 522, 2564
"c:\ws-code\ws-kwik\kwik-ui\third_party\freetype\src\psaux\psobjs.h", "C++", 0, 173, 0, 0, 0, 0, 0, 0, 0, 0, 0, 0, 0, 0, 0, 0, 0, 0, 0, 0, 0, 0, 0, 0, 59, 81, 313
"c:\ws-code\ws-kwik\kwik-ui\third_party\freetype\src\psaux\psread.c", "C", 0, 0, 44, 0, 0, 0, 0, 0, 0, 0, 0, 0, 0, 0, 0, 0, 0, 0, 0, 0, 0, 0, 0, 0, 49, 20, 113
"c:\ws-code\ws-kwik\kwik-ui\third_party\freetype\src\psaux\psread.h", "C++", 0, 16, 0, 0, 0, 0, 0, 0, 0, 0, 0, 0, 0, 0, 0, 0, 0, 0, 0, 0, 0, 0, 0, 0, 37, 16, 69
"c:\ws-code\ws-kwik\kwik-ui\third_party\freetype\src\psaux\psstack.c", "C", 0, 0, 192, 0, 0, 0, 0, 0, 0, 0, 0, 0, 0, 0, 0, 0, 0, 0, 0, 0, 0, 0, 0, 0, 78, 60, 330
"c:\ws-code\ws-kwik\kwik-ui\third_party\freetype\src\psaux\psstack.h", "C++", 0, 58, 0, 0, 0, 0, 0, 0, 0, 0, 0, 0, 0, 0, 0, 0, 0, 0, 0, 0, 0, 0, 0, 0, 38, 27, 123
"c:\ws-code\ws-kwik\kwik-ui\third_party\freetype\src\psaux\pstypes.h", "C++", 0, 9, 0, 0, 0, 0, 0, 0, 0, 0, 0, 0, 0, 0, 0, 0, 0, 0, 0, 0, 0, 0, 0, 0, 51, 18, 78
"c:\ws-code\ws-kwik\kwik-ui\third_party\freetype\src\psaux\rules.mk", "Makefile", 0, 0, 0, 0, 0, 0, 0, 0, 0, 0, 0, 0, 0, 0, 36, 0, 0, 0, 0, 0, 0, 0, 0, 0, 33, 21, 90
"c:\ws-code\ws-kwik\kwik-ui\third_party\freetype\src\psaux\t1cmap.c", "C", 0, 0, 249, 0, 0, 0, 0, 0, 0, 0, 0, 0, 0, 0, 0, 0, 0, 0, 0, 0, 0, 0, 0, 0, 40, 105, 394
"c:\ws-code\ws-kwik\kwik-ui\third_party\freetype\src\psaux\t1cmap.h", "C++", 0, 32, 0, 0, 0, 0, 0, 0, 0, 0, 0, 0, 0, 0, 0, 0, 0, 0, 0, 0, 0, 0, 0, 0, 41, 32, 105
"c:\ws-code\ws-kwik\kwik-ui\third_party\freetype\src\psaux\t1decode.c", "C", 0, 0, 1397, 0, 0, 0, 0, 0, 0, 0, 0, 0, 0, 0, 0, 0, 0, 0, 0, 0, 0, 0, 0, 0, 351, 425, 2173
"c:\ws-code\ws-kwik\kwik-ui\third_party\freetype\src\psaux\t1decode.h", "C++", 0, 38, 0, 0, 0, 0, 0, 0, 0, 0, 0, 0, 0, 0, 0, 0, 0, 0, 0, 0, 0, 0, 0, 0, 17, 19, 74
"c:\ws-code\ws-kwik\kwik-ui\third_party\freetype\src\pshinter\module.mk", "Makefile", 0, 0, 0, 0, 0, 0, 0, 0, 0, 0, 0, 0, 0, 0, 5, 0, 0, 0, 0, 0, 0, 0, 0, 0, 12, 7, 24
"c:\ws-code\ws-kwik\kwik-ui\third_party\freetype\src\pshinter\pshalgo.c", "C", 0, 0, 1322, 0, 0, 0, 0, 0, 0, 0, 0, 0, 0, 0, 0, 0, 0, 0, 0, 0, 0, 0, 0, 0, 225, 449, 1996
"c:\ws-code\ws-kwik\kwik-ui\third_party\freetype\src\pshinter\pshalgo.h", "C++", 0, 146, 0, 0, 0, 0, 0, 0, 0, 0, 0, 0, 0, 0, 0, 0, 0, 0, 0, 0, 0, 0, 0, 0, 26, 62, 234
"c:\ws-code\ws-kwik\kwik-ui\third_party\freetype\src\pshinter\pshglob.c", "C", 0, 0, 521, 0, 0, 0, 0, 0, 0, 0, 0, 0, 0, 0, 0, 0, 0, 0, 0, 0, 0, 0, 0, 0, 103, 160, 784
"c:\ws-code\ws-kwik\kwik-ui\third_party\freetype\src\pshinter\pshglob.h", "C++", 0, 90, 0, 0, 0, 0, 0, 0, 0, 0, 0, 0, 0, 0, 0, 0, 0, 0, 0, 0, 0, 0, 0, 0, 53, 54, 197
"c:\ws-code\ws-kwik\kwik-ui\third_party\freetype\src\pshinter\pshinter.c", "C", 0, 0, 5, 0, 0, 0, 0, 0, 0, 0, 0, 0, 0, 0, 0, 0, 0, 0, 0, 0, 0, 0, 0, 0, 17, 6, 28
"c:\ws-code\ws-kwik\kwik-ui\third_party\freetype\src\pshinter\pshmod.c", "C", 0, 0, 67, 0, 0, 0, 0, 0, 0, 0, 0, 0, 0, 0, 0, 0, 0, 0, 0, 0, 0, 0, 0, 0, 23, 36, 126
"c:\ws-code\ws-kwik\kwik-ui\third_party\freetype\src\pshinter\pshmod.h", "C++", 0, 7, 0, 0, 0, 0, 0, 0, 0, 0, 0, 0, 0, 0, 0, 0, 0, 0, 0, 0, 0, 0, 0, 0, 17, 15, 39
"c:\ws-code\ws-kwik\kwik-ui\third_party\freetype\src\pshinter\pshnterr.h", "C++", 0, 9, 0, 0, 0, 0, 0, 0, 0, 0, 0, 0, 0, 0, 0, 0, 0, 0, 0, 0, 0, 0, 0, 0, 22, 11, 42
"c:\ws-code\ws-kwik\kwik-ui\third_party\freetype\src\pshinter\pshrec.c", "C", 0, 0, 819, 0, 0, 0, 0, 0, 0, 0, 0, 0, 0, 0, 0, 0, 0, 0, 0, 0, 0, 0, 0, 0, 140, 266, 1225
"c:\ws-code\ws-kwik\kwik-ui\third_party\freetype\src\pshinter\pshrec.h", "C++", 0, 71, 0, 0, 0, 0, 0, 0, 0, 0, 0, 0, 0, 0, 0, 0, 0, 0, 0, 0, 0, 0, 0, 0, 51, 50, 172
"c:\ws-code\ws-kwik\kwik-ui\third_party\freetype\src\pshinter\rules.mk", "Makefile", 0, 0, 0, 0, 0, 0, 0, 0, 0, 0, 0, 0, 0, 0, 21, 0, 0, 0, 0, 0, 0, 0, 0, 0, 33, 22, 76
"c:\ws-code\ws-kwik\kwik-ui\third_party\freetype\src\psnames\module.mk", "Makefile", 0, 0, 0, 0, 0, 0, 0, 0, 0, 0, 0, 0, 0, 0, 5, 0, 0, 0, 0, 0, 0, 0, 0, 0, 12, 7, 24
"c:\ws-code\ws-kwik\kwik-ui\third_party\freetype\src\psnames\psmodule.c", "C", 0, 0, 412, 0, 0, 0, 0, 0, 0, 0, 0, 0, 0, 0, 0, 0, 0, 0, 0, 0, 0, 0, 0, 0, 71, 139, 622
"c:\ws-code\ws-kwik\kwik-ui\third_party\freetype\src\psnames\psmodule.h", "C++", 0, 7, 0, 0, 0, 0, 0, 0, 0, 0, 0, 0, 0, 0, 0, 0, 0, 0, 0, 0, 0, 0, 0, 0, 17, 14, 38
"c:\ws-code\ws-kwik\kwik-ui\third_party\freetype\src\psnames\psnamerr.h", "C++", 0, 9, 0, 0, 0, 0, 0, 0, 0, 0, 0, 0, 0, 0, 0, 0, 0, 0, 0, 0, 0, 0, 0, 0, 23, 11, 43
"c:\ws-code\ws-kwik\kwik-ui\third_party\freetype\src\psnames\psnames.c", "C", 0, 0, 2, 0, 0, 0, 0, 0, 0, 0, 0, 0, 0, 0, 0, 0, 0, 0, 0, 0, 0, 0, 0, 0, 17, 6, 25
"c:\ws-code\ws-kwik\kwik-ui\third_party\freetype\src\psnames\pstables.h", "C++", 0, 4161, 0, 0, 0, 0, 0, 0, 0, 0, 0, 0, 0, 0, 0, 0, 0, 0, 0, 0, 0, 0, 0, 0, 34, 44, 4239
"c:\ws-code\ws-kwik\kwik-ui\third_party\freetype\src\psnames\rules.mk", "Makefile", 0, 0, 0, 0, 0, 0, 0, 0, 0, 0, 0, 0, 0, 0, 19, 0, 0, 0, 0, 0, 0, 0, 0, 0, 33, 22, 74
"c:\ws-code\ws-kwik\kwik-ui\third_party\freetype\src\raster\ftmisc.h", "C++", 0, 52, 0, 0, 0, 0, 0, 0, 0, 0, 0, 0, 0, 0, 0, 0, 0, 0, 0, 0, 0, 0, 0, 0, 28, 39, 119
"c:\ws-code\ws-kwik\kwik-ui\third_party\freetype\src\raster\ftraster.c", "C", 0, 0, 1457, 0, 0, 0, 0, 0, 0, 0, 0, 0, 0, 0, 0, 0, 0, 0, 0, 0, 0, 0, 0, 0, 731, 545, 2733
"c:\ws-code\ws-kwik\kwik-ui\third_party\freetype\src\raster\ftraster.h", "C++", 0, 10, 0, 0, 0, 0, 0, 0, 0, 0, 0, 0, 0, 0, 0, 0, 0, 0, 0, 0, 0, 0, 0, 0, 23, 15, 48
"c:\ws-code\ws-kwik\kwik-ui\third_party\freetype\src\raster\ftrend1.c", "C", 0, 0, 128, 0, 0, 0, 0, 0, 0, 0, 0, 0, 0, 0, 0, 0, 0, 0, 0, 0, 0, 0, 0, 0, 32, 50, 210
"c:\ws-code\ws-kwik\kwik-ui\third_party\freetype\src\raster\ftrend1.h", "C++", 0, 7, 0, 0, 0, 0, 0, 0, 0, 0, 0, 0, 0, 0, 0, 0, 0, 0, 0, 0, 0, 0, 0, 0, 17, 14, 38
"c:\ws-code\ws-kwik\kwik-ui\third_party\freetype\src\raster\module.mk", "Makefile", 0, 0, 0, 0, 0, 0, 0, 0, 0, 0, 0, 0, 0, 0, 5, 0, 0, 0, 0, 0, 0, 0, 0, 0, 12, 7, 24
"c:\ws-code\ws-kwik\kwik-ui\third_party\freetype\src\raster\raster.c", "C", 0, 0, 3, 0, 0, 0, 0, 0, 0, 0, 0, 0, 0, 0, 0, 0, 0, 0, 0, 0, 0, 0, 0, 0, 17, 6, 26
"c:\ws-code\ws-kwik\kwik-ui\third_party\freetype\src\raster\rasterrs.h", "C++", 0, 9, 0, 0, 0, 0, 0, 0, 0, 0, 0, 0, 0, 0, 0, 0, 0, 0, 0, 0, 0, 0, 0, 0, 23, 11, 43
"c:\ws-code\ws-kwik\kwik-ui\third_party\freetype\src\raster\rules.mk", "Makefile", 0, 0, 0, 0, 0, 0, 0, 0, 0, 0, 0, 0, 0, 0, 19, 0, 0, 0, 0, 0, 0, 0, 0, 0, 33, 21, 73
"c:\ws-code\ws-kwik\kwik-ui\third_party\freetype\src\sdf\ftbsdf.c", "C", 0, 0, 590, 0, 0, 0, 0, 0, 0, 0, 0, 0, 0, 0, 0, 0, 0, 0, 0, 0, 0, 0, 0, 0, 562, 212, 1364
"c:\ws-code\ws-kwik\kwik-ui\third_party\freetype\src\sdf\ftsdf.c", "C", 0, 0, 1792, 0, 0, 0, 0, 0, 0, 0, 0, 0, 0, 0, 0, 0, 0, 0, 0, 0, 0, 0, 0, 0, 1440, 673, 3905
"c:\ws-code\ws-kwik\kwik-ui\third_party\freetype\src\sdf\ftsdf.h", "C++", 0, 19, 0, 0, 0, 0, 0, 0, 0, 0, 0, 0, 0, 0, 0, 0, 0, 0, 0, 0, 0, 0, 0, 0, 64, 15, 98
"c:\ws-code\ws-kwik\kwik-ui\third_party\freetype\src\sdf\ftsdfcommon.c", "C", 0, 0, 24, 0, 0, 0, 0, 0, 0, 0, 0, 0, 0, 0, 0, 0, 0, 0, 0, 0, 0, 0, 0, 0, 64, 17, 105
"c:\ws-code\ws-kwik\kwik-ui\third_party\freetype\src\sdf\ftsdfcommon.h", "C++", 0, 42, 0, 0, 0, 0, 0, 0, 0, 0, 0, 0, 0, 0, 0, 0, 0, 0, 0, 0, 0, 0, 0, 0, 65, 34, 141
"c:\ws-code\ws-kwik\kwik-ui\third_party\freetype\src\sdf\ftsdferrs.h", "C++", 0, 9, 0, 0, 0, 0, 0, 0, 0, 0, 0, 0, 0, 0, 0, 0, 0, 0, 0, 0, 0, 0, 0, 0, 19, 10, 38
"c:\ws-code\ws-kwik\kwik-ui\third_party\freetype\src\sdf\ftsdfrend.c", "C", 0, 0, 366, 0, 0, 0, 0, 0, 0, 0, 0, 0, 0, 0, 0, 0, 0, 0, 0, 0, 0, 0, 0, 0, 89, 149, 604
"c:\ws-code\ws-kwik\kwik-ui\third_party\freetype\src\sdf\ftsdfrend.h", "C++", 0, 18, 0, 0, 0, 0, 0, 0, 0, 0, 0, 0, 0, 0, 0, 0, 0, 0, 0, 0, 0, 0, 0, 0, 84, 17, 119
"c:\ws-code\ws-kwik\kwik-ui\third_party\freetype\src\sdf\module.mk", "Makefile", 0, 0, 0, 0, 0, 0, 0, 0, 0, 0, 0, 0, 0, 0, 10, 0, 0, 0, 0, 0, 0, 0, 0, 0, 12, 8, 30
"c:\ws-code\ws-kwik\kwik-ui\third_party\freetype\src\sdf\rules.mk", "Makefile", 0, 0, 0, 0, 0, 0, 0, 0, 0, 0, 0, 0, 0, 0, 23, 0, 0, 0, 0, 0, 0, 0, 0, 0, 33, 23, 79
"c:\ws-code\ws-kwik\kwik-ui\third_party\freetype\src\sdf\sdf.c", "C", 0, 0, 5, 0, 0, 0, 0, 0, 0, 0, 0, 0, 0, 0, 0, 0, 0, 0, 0, 0, 0, 0, 0, 0, 19, 6, 30
"c:\ws-code\ws-kwik\kwik-ui\third_party\freetype\src\sfnt\module.mk", "Makefile", 0, 0, 0, 0, 0, 0, 0, 0, 0, 0, 0, 0, 0, 0, 5, 0, 0, 0, 0, 0, 0, 0, 0, 0, 12, 7, 24
"c:\ws-code\ws-kwik\kwik-ui\third_party\freetype\src\sfnt\pngshim.c", "C", 0, 0, 304, 0, 0, 0, 0, 0, 0, 0, 0, 0, 0, 0, 0, 0, 0, 0, 0, 0, 0, 0, 0, 0, 53, 103, 460
"c:\ws-code\ws-kwik\kwik-ui\third_party\freetype\src\sfnt\pngshim.h", "C++", 0, 19, 0, 0, 0, 0, 0, 0, 0, 0, 0, 0, 0, 0, 0, 0, 0, 0, 0, 0, 0, 0, 0, 0, 18, 14, 51
"c:\ws-code\ws-kwik\kwik-ui\third_party\freetype\src\sfnt\rules.mk", "Makefile", 0, 0, 0, 0, 0, 0, 0, 0, 0, 0, 0, 0, 0, 0, 34, 0, 0, 0, 0, 0, 0, 0, 0, 0, 33, 21, 88
"c:\ws-code\ws-kwik\kwik-ui\third_party\freetype\src\sfnt\sfdriver.c", "C", 0, 0, 910, 0, 0, 0, 0, 0, 0, 0, 0, 0, 0, 0, 0, 0, 0, 0, 0, 0, 0, 0, 0, 0, 155, 315, 1380
"c:\ws-code\ws-kwik\kwik-ui\third_party\freetype\src\sfnt\sfdriver.h", "C++", 0, 7, 0, 0, 0, 0, 0, 0, 0, 0, 0, 0, 0, 0, 0, 0, 0, 0, 0, 0, 0, 0, 0, 0, 17, 12, 36
"c:\ws-code\ws-kwik\kwik-ui\third_party\freetype\src\sfnt\sferrors.h", "C++", 0, 9, 0, 0, 0, 0, 0, 0, 0, 0, 0, 0, 0, 0, 0, 0, 0, 0, 0, 0, 0, 0, 0, 0, 22, 11, 42
"c:\ws-code\ws-kwik\kwik-ui\third_party\freetype\src\sfnt\sfnt.c", "C", 0, 0, 18, 0, 0, 0, 0, 0, 0, 0, 0, 0, 0, 0, 0, 0, 0, 0, 0, 0, 0, 0, 0, 0, 17, 7, 42
"c:\ws-code\ws-kwik\kwik-ui\third_party\freetype\src\sfnt\sfobjs.c", "C", 0, 0, 989, 0, 0, 0, 0, 0, 0, 0, 0, 0, 0, 0, 0, 0, 0, 0, 0, 0, 0, 0, 0, 0, 259, 309, 1557
"c:\ws-code\ws-kwik\kwik-ui\third_party\freetype\src\sfnt\sfobjs.h", "C++", 0, 25, 0, 0, 0, 0, 0, 0, 0, 0, 0, 0, 0, 0, 0, 0, 0, 0, 0, 0, 0, 0, 0, 0, 17, 17, 59
"c:\ws-code\ws-kwik\kwik-ui\third_party\freetype\src\sfnt\sfwoff.c", "C", 0, 0, 277, 0, 0, 0, 0, 0, 0, 0, 0, 0, 0, 0, 0, 0, 0, 0, 0, 0, 0, 0, 0, 0, 56, 94, 427
"c:\ws-code\ws-kwik\kwik-ui\third_party\freetype\src\sfnt\sfwoff.h", "C++", 0, 12, 0, 0, 0, 0, 0, 0, 0, 0, 0, 0, 0, 0, 0, 0, 0, 0, 0, 0, 0, 0, 0, 0, 17, 15, 44
"c:\ws-code\ws-kwik\kwik-ui\third_party\freetype\src\sfnt\sfwoff2.c", "C", 0, 0, 1735, 0, 0, 0, 0, 0, 0, 0, 0, 0, 0, 0, 0, 0, 0, 0, 0, 0, 0, 0, 0, 0, 156, 488, 2379
"c:\ws-code\ws-kwik\kwik-ui\third_party\freetype\src\sfnt\sfwoff2.h", "C++", 0, 33, 0, 0, 0, 0, 0, 0, 0, 0, 0, 0, 0, 0, 0, 0, 0, 0, 0, 0, 0, 0, 0, 0, 24, 22, 79
"c:\ws-code\ws-kwik\kwik-ui\third_party\freetype\src\sfnt\ttbdf.c", "C", 0, 0, 167, 0, 0, 0, 0, 0, 0, 0, 0, 0, 0, 0, 0, 0, 0, 0, 0, 0, 0, 0, 0, 0, 34, 61, 262
"c:\ws-code\ws-kwik\kwik-ui\third_party\freetype\src\sfnt\ttbdf.h", "C++", 0, 15, 0, 0, 0, 0, 0, 0, 0, 0, 0, 0, 0, 0, 0, 0, 0, 0, 0, 0, 0, 0, 0, 0, 17, 18, 50
"c:\ws-code\ws-kwik\kwik-ui\third_party\freetype\src\sfnt\ttcmap.c", "C", 0, 0, 2431, 0, 0, 0, 0, 0, 0, 0, 0, 0, 0, 0, 0, 0, 0, 0, 0, 0, 0, 0, 0, 0, 605, 867, 3903
"c:\ws-code\ws-kwik\kwik-ui\third_party\freetype\src\sfnt\ttcmap.h", "C++", 0, 76, 0, 0, 0, 0, 0, 0, 0, 0, 0, 0, 0, 0, 0, 0, 0, 0, 0, 0, 0, 0, 0, 0, 18, 33, 127
"c:\ws-code\ws-kwik\kwik-ui\third_party\freetype\src\sfnt\ttcmapc.h", "C++", 0, 27, 0, 0, 0, 0, 0, 0, 0, 0, 0, 0, 0, 0, 0, 0, 0, 0, 0, 0, 0, 0, 0, 0, 17, 13, 57
"c:\ws-code\ws-kwik\kwik-ui\third_party\freetype\src\sfnt\ttcolr.c", "C", 0, 0, 1334, 0, 0, 0, 0, 0, 0, 0, 0, 0, 0, 0, 0, 0, 0, 0, 0, 0, 0, 0, 0, 0, 170, 407, 1911
"c:\ws-code\ws-kwik\kwik-ui\third_party\freetype\src\sfnt\ttcolr.h", "C++", 0, 43, 0, 0, 0, 0, 0, 0, 0, 0, 0, 0, 0, 0, 0, 0, 0, 0, 0, 0, 0, 0, 0, 0, 19, 22, 84
"c:\ws-code\ws-kwik\kwik-ui\third_party\freetype\src\sfnt\ttcpal.c", "C", 0, 0, 183, 0, 0, 0, 0, 0, 0, 0, 0, 0, 0, 0, 0, 0, 0, 0, 0, 0, 0, 0, 0, 0, 41, 87, 311
"c:\ws-code\ws-kwik\kwik-ui\third_party\freetype\src\sfnt\ttcpal.h", "C++", 0, 14, 0, 0, 0, 0, 0, 0, 0, 0, 0, 0, 0, 0, 0, 0, 0, 0, 0, 0, 0, 0, 0, 0, 19, 16, 49
"c:\ws-code\ws-kwik\kwik-ui\third_party\freetype\src\sfnt\ttgpos.c", "C", 0, 0, 657, 0, 0, 0, 0, 0, 0, 0, 0, 0, 0, 0, 0, 0, 0, 0, 0, 0, 0, 0, 0, 0, 71, 265, 993
"c:\ws-code\ws-kwik\kwik-ui\third_party\freetype\src\sfnt\ttgpos.h", "C++", 0, 18, 0, 0, 0, 0, 0, 0, 0, 0, 0, 0, 0, 0, 0, 0, 0, 0, 0, 0, 0, 0, 0, 0, 17, 18, 53
"c:\ws-code\ws-kwik\kwik-ui\third_party\freetype\src\sfnt\ttkern.c", "C", 0, 0, 200, 0, 0, 0, 0, 0, 0, 0, 0, 0, 0, 0, 0, 0, 0, 0, 0, 0, 0, 0, 0, 0, 34, 83, 317
"c:\ws-code\ws-kwik\kwik-ui\third_party\freetype\src\sfnt\ttkern.h", "C++", 0, 16, 0, 0, 0, 0, 0, 0, 0, 0, 0, 0, 0, 0, 0, 0, 0, 0, 0, 0, 0, 0, 0, 0, 18, 16, 50
"c:\ws-code\ws-kwik\kwik-ui\third_party\freetype\src\sfnt\ttload.c", "C", 0, 0, 889, 0, 0, 0, 0, 0, 0, 0, 0, 0, 0, 0, 0, 0, 0, 0, 0, 0, 0, 0, 0, 0, 394, 234, 1517
"c:\ws-code\ws-kwik\kwik-ui\third_party\freetype\src\sfnt\ttload.h", "C++", 0, 55, 0, 0, 0, 0, 0, 0, 0, 0, 0, 0, 0, 0, 0, 0, 0, 0, 0, 0, 0, 0, 0, 0, 18, 39, 112
"c:\ws-code\ws-kwik\kwik-ui\third_party\freetype\src\sfnt\ttmtx.c", "C", 0, 0, 189, 0, 0, 0, 0, 0, 0, 0, 0, 0, 0, 0, 0, 0, 0, 0, 0, 0, 0, 0, 0, 0, 100, 50, 339
"c:\ws-code\ws-kwik\kwik-ui\third_party\freetype\src\sfnt\ttmtx.h", "C++", 0, 21, 0, 0, 0, 0, 0, 0, 0, 0, 0, 0, 0, 0, 0, 0, 0, 0, 0, 0, 0, 0, 0, 0, 17, 17, 55
"c:\ws-code\ws-kwik\kwik-ui\third_party\freetype\src\sfnt\ttpost.c", "C", 0, 0, 271, 0, 0, 0, 0, 0, 0, 0, 0, 0, 0, 0, 0, 0, 0, 0, 0, 0, 0, 0, 0, 0, 107, 107, 485
"c:\ws-code\ws-kwik\kwik-ui\third_party\freetype\src\sfnt\ttpost.h", "C++", 0, 14, 0, 0, 0, 0, 0, 0, 0, 0, 0, 0, 0, 0, 0, 0, 0, 0, 0, 0, 0, 0, 0, 0, 18, 15, 47
"c:\ws-code\ws-kwik\kwik-ui\third_party\freetype\src\sfnt\ttsbit.c", "C", 0, 0, 1226, 0, 0, 0, 0, 0, 0, 0, 0, 0, 0, 0, 0, 0, 0, 0, 0, 0, 0, 0, 0, 0, 136, 356, 1718
"c:\ws-code\ws-kwik\kwik-ui\third_party\freetype\src\sfnt\ttsbit.h", "C++", 0, 27, 0, 0, 0, 0, 0, 0, 0, 0, 0, 0, 0, 0, 0, 0, 0, 0, 0, 0, 0, 0, 0, 0, 17, 19, 63
"c:\ws-code\ws-kwik\kwik-ui\third_party\freetype\src\sfnt\ttsvg.c", "C", 0, 0, 275, 0, 0, 0, 0, 0, 0, 0, 0, 0, 0, 0, 0, 0, 0, 0, 0, 0, 0, 0, 0, 0, 44, 105, 424
"c:\ws-code\ws-kwik\kwik-ui\third_party\freetype\src\sfnt\ttsvg.h", "C++", 0, 15, 0, 0, 0, 0, 0, 0, 0, 0, 0, 0, 0, 0, 0, 0, 0, 0, 0, 0, 0, 0, 0, 0, 17, 12, 44
"c:\ws-code\ws-kwik\kwik-ui\third_party\freetype\src\sfnt\woff2tags.c", "C", 0, 0, 79, 0, 0, 0, 0, 0, 0, 0, 0, 0, 0, 0, 0, 0, 0, 0, 0, 0, 0, 0, 0, 0, 27, 14, 120
"c:\ws-code\ws-kwik\kwik-ui\third_party\freetype\src\sfnt\woff2tags.h", "C++", 0, 11, 0, 0, 0, 0, 0, 0, 0, 0, 0, 0, 0, 0, 0, 0, 0, 0, 0, 0, 0, 0, 0, 0, 17, 14, 42
"c:\ws-code\ws-kwik\kwik-ui\third_party\freetype\src\smooth\ftgrays.c", "C", 0, 0, 1343, 0, 0, 0, 0, 0, 0, 0, 0, 0, 0, 0, 0, 0, 0, 0, 0, 0, 0, 0, 0, 0, 346, 463, 2152
"c:\ws-code\ws-kwik\kwik-ui\third_party\freetype\src\smooth\ftgrays.h", "C++", 0, 15, 0, 0, 0, 0, 0, 0, 0, 0, 0, 0, 0, 0, 0, 0, 0, 0, 0, 0, 0, 0, 0, 0, 25, 11, 51
"c:\ws-code\ws-kwik\kwik-ui\third_party\freetype\src\smooth\ftsmerrs.h", "C++", 0, 9, 0, 0, 0, 0, 0, 0, 0, 0, 0, 0, 0, 0, 0, 0, 0, 0, 0, 0, 0, 0, 0, 0, 23, 11, 43
"c:\ws-code\ws-kwik\kwik-ui\third_party\freetype\src\smooth\ftsmooth.c", "C", 0, 0, 485, 0, 0, 0, 0, 0, 0, 0, 0, 0, 0, 0, 0, 0, 0, 0, 0, 0, 0, 0, 0, 0, 62, 146, 693
"c:\ws-code\ws-kwik\kwik-ui\third_party\freetype\src\smooth\ftsmooth.h", "C++", 0, 7, 0, 0, 0, 0, 0, 0, 0, 0, 0, 0, 0, 0, 0, 0, 0, 0, 0, 0, 0, 0, 0, 0, 17, 14, 38
"c:\ws-code\ws-kwik\kwik-ui\third_party\freetype\src\smooth\module.mk", "Makefile", 0, 0, 0, 0, 0, 0, 0, 0, 0, 0, 0, 0, 0, 0, 5, 0, 0, 0, 0, 0, 0, 0, 0, 0, 12, 7, 24
"c:\ws-code\ws-kwik\kwik-ui\third_party\freetype\src\smooth\rules.mk", "Makefile", 0, 0, 0, 0, 0, 0, 0, 0, 0, 0, 0, 0, 0, 0, 19, 0, 0, 0, 0, 0, 0, 0, 0, 0, 33, 22, 74
"c:\ws-code\ws-kwik\kwik-ui\third_party\freetype\src\smooth\smooth.c", "C", 0, 0, 3, 0, 0, 0, 0, 0, 0, 0, 0, 0, 0, 0, 0, 0, 0, 0, 0, 0, 0, 0, 0, 0, 17, 6, 26
"c:\ws-code\ws-kwik\kwik-ui\third_party\freetype\src\svg\ftsvg.c", "C", 0, 0, 231, 0, 0, 0, 0, 0, 0, 0, 0, 0, 0, 0, 0, 0, 0, 0, 0, 0, 0, 0, 0, 0, 26, 97, 354
"c:\ws-code\ws-kwik\kwik-ui\third_party\freetype\src\svg\ftsvg.h", "C++", 0, 9, 0, 0, 0, 0, 0, 0, 0, 0, 0, 0, 0, 0, 0, 0, 0, 0, 0, 0, 0, 0, 0, 0, 17, 10, 36
"c:\ws-code\ws-kwik\kwik-ui\third_party\freetype\src\svg\module.mk", "Makefile", 0, 0, 0, 0, 0, 0, 0, 0, 0, 0, 0, 0, 0, 0, 5, 0, 0, 0, 0, 0, 0, 0, 0, 0, 12, 7, 24
"c:\ws-code\ws-kwik\kwik-ui\third_party\freetype\src\svg\rules.mk", "Makefile", 0, 0, 0, 0, 0, 0, 0, 0, 0, 0, 0, 0, 0, 0, 18, 0, 0, 0, 0, 0, 0, 0, 0, 0, 33, 20, 71
"c:\ws-code\ws-kwik\kwik-ui\third_party\freetype\src\svg\svg.c", "C", 0, 0, 3, 0, 0, 0, 0, 0, 0, 0, 0, 0, 0, 0, 0, 0, 0, 0, 0, 0, 0, 0, 0, 0, 17, 5, 25
"c:\ws-code\ws-kwik\kwik-ui\third_party\freetype\src\svg\svgtypes.h", "C++", 0, 16, 0, 0, 0, 0, 0, 0, 0, 0, 0, 0, 0, 0, 0, 0, 0, 0, 0, 0, 0, 0, 0, 0, 17, 10, 43
"c:\ws-code\ws-kwik\kwik-ui\third_party\freetype\src\tools\afblue.pl", "Perl", 0, 0, 0, 0, 0, 0, 0, 0, 0, 0, 0, 0, 0, 0, 0, 0, 0, 0, 0, 0, 0, 0, 340, 0, 68, 144, 552
"c:\ws-code\ws-kwik\kwik-ui\third_party\freetype\src\tools\apinames.c", "C", 0, 0, 388, 0, 0, 0, 0, 0, 0, 0, 0, 0, 0, 0, 0, 0, 0, 0, 0, 0, 0, 0, 0, 0, 34, 148, 570
"c:\ws-code\ws-kwik\kwik-ui\third_party\freetype\src\tools\chktrcmp.py", "Python", 0, 0, 0, 0, 0, 0, 0, 0, 0, 0, 0, 0, 0, 0, 0, 0, 84, 0, 0, 0, 0, 0, 0, 0, 18, 18, 120
"c:\ws-code\ws-kwik\kwik-ui\third_party\freetype\src\tools\cordic.py", "Python", 0, 0, 0, 0, 0, 0, 0, 0, 0, 0, 0, 0, 0, 0, 0, 0, 20, 0, 0, 0, 0, 0, 0, 0, 3, 10, 33
"c:\ws-code\ws-kwik\kwik-ui\third_party\freetype\src\tools\ftrandom\Makefile", "Makefile", 0, 0, 0, 0, 0, 0, 0, 0, 0, 0, 0, 0, 0, 0, 29, 0, 0, 0, 0, 0, 0, 0, 0, 0, 6, 11, 46
"c:\ws-code\ws-kwik\kwik-ui\third_party\freetype\src\tools\ftrandom\ftrandom.c", "C", 0, 0, 544, 0, 0, 0, 0, 0, 0, 0, 0, 0, 0, 0, 0, 0, 0, 0, 0, 0, 0, 0, 0, 0, 41, 136, 721
"c:\ws-code\ws-kwik\kwik-ui\third_party\freetype\src\tools\glnames.py", "Python", 0, 0, 0, 0, 0, 0, 0, 0, 0, 0, 0, 0, 0, 0, 0, 0, 5139, 0, 0, 0, 0, 0, 0, 0, 220, 175, 5534
"c:\ws-code\ws-kwik\kwik-ui\third_party\freetype\src\tools\make_distribution_archives.py", "Python", 0, 0, 0, 0, 0, 0, 0, 0, 0, 0, 0, 0, 0, 0, 0, 0, 151, 0, 0, 0, 0, 0, 0, 0, 19, 39, 209
"c:\ws-code\ws-kwik\kwik-ui\third_party\freetype\src\tools\test_afm.c", "C", 0, 0, 114, 0, 0, 0, 0, 0, 0, 0, 0, 0, 0, 0, 0, 0, 0, 0, 0, 0, 0, 0, 0, 0, 4, 39, 157
"c:\ws-code\ws-kwik\kwik-ui\third_party\freetype\src\tools\test_bbox.c", "C", 0, 0, 142, 0, 0, 0, 0, 0, 0, 0, 0, 0, 0, 0, 0, 0, 0, 0, 0, 0, 0, 0, 0, 0, 8, 38, 188
"c:\ws-code\ws-kwik\kwik-ui\third_party\freetype\src\tools\test_trig.c", "C", 0, 0, 188, 0, 0, 0, 0, 0, 0, 0, 0, 0, 0, 0, 0, 0, 0, 0, 0, 0, 0, 0, 0, 0, 2, 68, 258
"c:\ws-code\ws-kwik\kwik-ui\third_party\freetype\src\tools\vms_shorten_symbol.c", "C", 0, 0, 141, 0, 0, 0, 0, 0, 0, 0, 0, 0, 0, 0, 0, 0, 0, 0, 0, 0, 0, 0, 0, 0, 81, 29, 251
"c:\ws-code\ws-kwik\kwik-ui\third_party\freetype\src\truetype\module.mk", "Makefile", 0, 0, 0, 0, 0, 0, 0, 0, 0, 0, 0, 0, 0, 0, 5, 0, 0, 0, 0, 0, 0, 0, 0, 0, 12, 7, 24
"c:\ws-code\ws-kwik\kwik-ui\third_party\freetype\src\truetype\rules.mk", "Makefile", 0, 0, 0, 0, 0, 0, 0, 0, 0, 0, 0, 0, 0, 0, 22, 0, 0, 0, 0, 0, 0, 0, 0, 0, 33, 21, 76
"c:\ws-code\ws-kwik\kwik-ui\third_party\freetype\src\truetype\truetype.c", "C", 0, 0, 7, 0, 0, 0, 0, 0, 0, 0, 0, 0, 0, 0, 0, 0, 0, 0, 0, 0, 0, 0, 0, 0, 17, 6, 30
"c:\ws-code\ws-kwik\kwik-ui\third_party\freetype\src\truetype\ttdriver.c", "C", 0, 0, 398, 0, 0, 0, 0, 0, 0, 0, 0, 0, 0, 0, 0, 0, 0, 0, 0, 0, 0, 0, 0, 0, 148, 150, 696
"c:\ws-code\ws-kwik\kwik-ui\third_party\freetype\src\truetype\ttdriver.h", "C++", 0, 7, 0, 0, 0, 0, 0, 0, 0, 0, 0, 0, 0, 0, 0, 0, 0, 0, 0, 0, 0, 0, 0, 0, 17, 12, 36
"c:\ws-code\ws-kwik\kwik-ui\third_party\freetype\src\truetype\tterrors.h", "C++", 0, 9, 0, 0, 0, 0, 0, 0, 0, 0, 0, 0, 0, 0, 0, 0, 0, 0, 0, 0, 0, 0, 0, 0, 23, 11, 43
"c:\ws-code\ws-kwik\kwik-ui\third_party\freetype\src\truetype\ttgload.c", "C", 0, 0, 1674, 0, 0, 0, 0, 0, 0, 0, 0, 0, 0, 0, 0, 0, 0, 0, 0, 0, 0, 0, 0, 0, 440, 528, 2642
"c:\ws-code\ws-kwik\kwik-ui\third_party\freetype\src\truetype\ttgload.h", "C++", 0, 27, 0, 0, 0, 0, 0, 0, 0, 0, 0, 0, 0, 0, 0, 0, 0, 0, 0, 0, 0, 0, 0, 0, 17, 18, 62
"c:\ws-code\ws-kwik\kwik-ui\third_party\freetype\src\truetype\ttgxvar.c", "C", 0, 0, 3220, 0, 0, 0, 0, 0, 0, 0, 0, 0, 0, 0, 0, 0, 0, 0, 0, 0, 0, 0, 0, 0, 721, 954, 4895
"c:\ws-code\ws-kwik\kwik-ui\third_party\freetype\src\truetype\ttgxvar.h", "C++", 0, 206, 0, 0, 0, 0, 0, 0, 0, 0, 0, 0, 0, 0, 0, 0, 0, 0, 0, 0, 0, 0, 0, 0, 170, 83, 459
"c:\ws-code\ws-kwik\kwik-ui\third_party\freetype\src\truetype\ttinterp.c", "C", 0, 0, 4473, 0, 0, 0, 0, 0, 0, 0, 0, 0, 0, 0, 0, 0, 0, 0, 0, 0, 0, 0, 0, 0, 1772, 1315, 7560
"c:\ws-code\ws-kwik\kwik-ui\third_party\freetype\src\truetype\ttinterp.h", "C++", 0, 169, 0, 0, 0, 0, 0, 0, 0, 0, 0, 0, 0, 0, 0, 0, 0, 0, 0, 0, 0, 0, 0, 0, 228, 91, 488
"c:\ws-code\ws-kwik\kwik-ui\third_party\freetype\src\truetype\ttobjs.c", "C", 0, 0, 796, 0, 0, 0, 0, 0, 0, 0, 0, 0, 0, 0, 0, 0, 0, 0, 0, 0, 0, 0, 0, 0, 351, 232, 1379
"c:\ws-code\ws-kwik\kwik-ui\third_party\freetype\src\truetype\ttobjs.h", "C++", 0, 109, 0, 0, 0, 0, 0, 0, 0, 0, 0, 0, 0, 0, 0, 0, 0, 0, 0, 0, 0, 0, 0, 0, 151, 78, 338
"c:\ws-code\ws-kwik\kwik-ui\third_party\freetype\src\truetype\ttpload.c", "C", 0, 0, 377, 0, 0, 0, 0, 0, 0, 0, 0, 0, 0, 0, 0, 0, 0, 0, 0, 0, 0, 0, 0, 0, 157, 132, 666
"c:\ws-code\ws-kwik\kwik-ui\third_party\freetype\src\truetype\ttpload.h", "C++", 0, 33, 0, 0, 0, 0, 0, 0, 0, 0, 0, 0, 0, 0, 0, 0, 0, 0, 0, 0, 0, 0, 0, 0, 17, 25, 75
"c:\ws-code\ws-kwik\kwik-ui\third_party\freetype\src\type1\module.mk", "Makefile", 0, 0, 0, 0, 0, 0, 0, 0, 0, 0, 0, 0, 0, 0, 5, 0, 0, 0, 0, 0, 0, 0, 0, 0, 12, 7, 24
"c:\ws-code\ws-kwik\kwik-ui\third_party\freetype\src\type1\rules.mk", "Makefile", 0, 0, 0, 0, 0, 0, 0, 0, 0, 0, 0, 0, 0, 0, 23, 0, 0, 0, 0, 0, 0, 0, 0, 0, 33, 21, 77
"c:\ws-code\ws-kwik\kwik-ui\third_party\freetype\src\type1\t1afm.c", "C", 0, 0, 266, 0, 0, 0, 0, 0, 0, 0, 0, 0, 0, 0, 0, 0, 0, 0, 0, 0, 0, 0, 0, 0, 56, 92, 414
"c:\ws-code\ws-kwik\kwik-ui\third_party\freetype\src\type1\t1afm.h", "C++", 0, 23, 0, 0, 0, 0, 0, 0, 0, 0, 0, 0, 0, 0, 0, 0, 0, 0, 0, 0, 0, 0, 0, 0, 17, 14, 54
"c:\ws-code\ws-kwik\kwik-ui\third_party\freetype\src\type1\t1driver.c", "C", 0, 0, 578, 0, 0, 0, 0, 0, 0, 0, 0, 0, 0, 0, 0, 0, 0, 0, 0, 0, 0, 0, 0, 0, 86, 144, 808
"c:\ws-code\ws-kwik\kwik-ui\third_party\freetype\src\type1\t1driver.h", "C++", 0, 7, 0, 0, 0, 0, 0, 0, 0, 0, 0, 0, 0, 0, 0, 0, 0, 0, 0, 0, 0, 0, 0, 0, 17, 12, 36
"c:\ws-code\ws-kwik\kwik-ui\third_party\freetype\src\type1\t1errors.h", "C++", 0, 9, 0, 0, 0, 0, 0, 0, 0, 0, 0, 0, 0, 0, 0, 0, 0, 0, 0, 0, 0, 0, 0, 0, 22, 11, 42
"c:\ws-code\ws-kwik\kwik-ui\third_party\freetype\src\type1\t1gload.c", "C", 0, 0, 411, 0, 0, 0, 0, 0, 0, 0, 0, 0, 0, 0, 0, 0, 0, 0, 0, 0, 0, 0, 0, 0, 72, 126, 609
"c:\ws-code\ws-kwik\kwik-ui\third_party\freetype\src\type1\t1gload.h", "C++", 0, 20, 0, 0, 0, 0, 0, 0, 0, 0, 0, 0, 0, 0, 0, 0, 0, 0, 0, 0, 0, 0, 0, 0, 17, 16, 53
"c:\ws-code\ws-kwik\kwik-ui\third_party\freetype\src\type1\t1load.c", "C", 0, 0, 1854, 0, 0, 0, 0, 0, 0, 0, 0, 0, 0, 0, 0, 0, 0, 0, 0, 0, 0, 0, 0, 0, 350, 552, 2756
"c:\ws-code\ws-kwik\kwik-ui\third_party\freetype\src\type1\t1load.h", "C++", 0, 69, 0, 0, 0, 0, 0, 0, 0, 0, 0, 0, 0, 0, 0, 0, 0, 0, 0, 0, 0, 0, 0, 0, 20, 38, 127
"c:\ws-code\ws-kwik\kwik-ui\third_party\freetype\src\type1\t1objs.c", "C", 0, 0, 376, 0, 0, 0, 0, 0, 0, 0, 0, 0, 0, 0, 0, 0, 0, 0, 0, 0, 0, 0, 0, 0, 137, 143, 656
"c:\ws-code\ws-kwik\kwik-ui\third_party\freetype\src\type1\t1objs.h", "C++", 0, 51, 0, 0, 0, 0, 0, 0, 0, 0, 0, 0, 0, 0, 0, 0, 0, 0, 0, 0, 0, 0, 0, 0, 68, 42, 161
"c:\ws-code\ws-kwik\kwik-ui\third_party\freetype\src\type1\t1parse.c", "C", 0, 0, 278, 0, 0, 0, 0, 0, 0, 0, 0, 0, 0, 0, 0, 0, 0, 0, 0, 0, 0, 0, 0, 0, 114, 93, 485
"c:\ws-code\ws-kwik\kwik-ui\third_party\freetype\src\type1\t1parse.h", "C++", 0, 52, 0, 0, 0, 0, 0, 0, 0, 0, 0, 0, 0, 0, 0, 0, 0, 0, 0, 0, 0, 0, 0, 0, 56, 30, 138
"c:\ws-code\ws-kwik\kwik-ui\third_party\freetype\src\type1\t1tokens.h", "C++", 0, 95, 0, 0, 0, 0, 0, 0, 0, 0, 0, 0, 0, 0, 0, 0, 0, 0, 0, 0, 0, 0, 0, 0, 18, 31, 144
"c:\ws-code\ws-kwik\kwik-ui\third_party\freetype\src\type1\type1.c", "C", 0, 0, 7, 0, 0, 0, 0, 0, 0, 0, 0, 0, 0, 0, 0, 0, 0, 0, 0, 0, 0, 0, 0, 0, 17, 6, 30
"c:\ws-code\ws-kwik\kwik-ui\third_party\freetype\src\type42\module.mk", "Makefile", 0, 0, 0, 0, 0, 0, 0, 0, 0, 0, 0, 0, 0, 0, 5, 0, 0, 0, 0, 0, 0, 0, 0, 0, 12, 7, 24
"c:\ws-code\ws-kwik\kwik-ui\third_party\freetype\src\type42\rules.mk", "Makefile", 0, 0, 0, 0, 0, 0, 0, 0, 0, 0, 0, 0, 0, 0, 20, 0, 0, 0, 0, 0, 0, 0, 0, 0, 33, 21, 74
"c:\ws-code\ws-kwik\kwik-ui\third_party\freetype\src\type42\t42drivr.c", "C", 0, 0, 132, 0, 0, 0, 0, 0, 0, 0, 0, 0, 0, 0, 0, 0, 0, 0, 0, 0, 0, 0, 0, 0, 57, 60, 249
"c:\ws-code\ws-kwik\kwik-ui\third_party\freetype\src\type42\t42drivr.h", "C++", 0, 7, 0, 0, 0, 0, 0, 0, 0, 0, 0, 0, 0, 0, 0, 0, 0, 0, 0, 0, 0, 0, 0, 0, 17, 13, 37
"c:\ws-code\ws-kwik\kwik-ui\third_party\freetype\src\type42\t42error.h", "C++", 0, 9, 0, 0, 0, 0, 0, 0, 0, 0, 0, 0, 0, 0, 0, 0, 0, 0, 0, 0, 0, 0, 0, 0, 22, 11, 42
"c:\ws-code\ws-kwik\kwik-ui\third_party\freetype\src\type42\t42objs.c", "C", 0, 0, 470, 0, 0, 0, 0, 0, 0, 0, 0, 0, 0, 0, 0, 0, 0, 0, 0, 0, 0, 0, 0, 0, 74, 156, 700
"c:\ws-code\ws-kwik\kwik-ui\third_party\freetype\src\type42\t42objs.h", "C++", 0, 59, 0, 0, 0, 0, 0, 0, 0, 0, 0, 0, 0, 0, 0, 0, 0, 0, 0, 0, 0, 0, 0, 0, 22, 43, 124
"c:\ws-code\ws-kwik\kwik-ui\third_party\freetype\src\type42\t42parse.c", "C", 0, 0, 934, 0, 0, 0, 0, 0, 0, 0, 0, 0, 0, 0, 0, 0, 0, 0, 0, 0, 0, 0, 0, 0, 152, 266, 1352
"c:\ws-code\ws-kwik\kwik-ui\third_party\freetype\src\type42\t42parse.h", "C++", 0, 42, 0, 0, 0, 0, 0, 0, 0, 0, 0, 0, 0, 0, 0, 0, 0, 0, 0, 0, 0, 0, 0, 0, 19, 31, 92
"c:\ws-code\ws-kwik\kwik-ui\third_party\freetype\src\type42\t42types.h", "C++", 0, 25, 0, 0, 0, 0, 0, 0, 0, 0, 0, 0, 0, 0, 0, 0, 0, 0, 0, 0, 0, 0, 0, 0, 17, 15, 57
"c:\ws-code\ws-kwik\kwik-ui\third_party\freetype\src\type42\type42.c", "C", 0, 0, 4, 0, 0, 0, 0, 0, 0, 0, 0, 0, 0, 0, 0, 0, 0, 0, 0, 0, 0, 0, 0, 0, 17, 6, 27
"c:\ws-code\ws-kwik\kwik-ui\third_party\freetype\src\winfonts\fnterrs.h", "C++", 0, 9, 0, 0, 0, 0, 0, 0, 0, 0, 0, 0, 0, 0, 0, 0, 0, 0, 0, 0, 0, 0, 0, 0, 23, 11, 43
"c:\ws-code\ws-kwik\kwik-ui\third_party\freetype\src\winfonts\module.mk", "Makefile", 0, 0, 0, 0, 0, 0, 0, 0, 0, 0, 0, 0, 0, 0, 5, 0, 0, 0, 0, 0, 0, 0, 0, 0, 12, 7, 24
"c:\ws-code\ws-kwik\kwik-ui\third_party\freetype\src\winfonts\rules.mk", "Makefile", 0, 0, 0, 0, 0, 0, 0, 0, 0, 0, 0, 0, 0, 0, 17, 0, 0, 0, 0, 0, 0, 0, 0, 0, 31, 21, 69
"c:\ws-code\ws-kwik\kwik-ui\third_party\freetype\src\winfonts\winfnt.c", "C", 0, 0, 878, 0, 0, 0, 0, 0, 0, 0, 0, 0, 0, 0, 0, 0, 0, 0, 0, 0, 0, 0, 0, 0, 77, 265, 1220
"c:\ws-code\ws-kwik\kwik-ui\third_party\freetype\src\winfonts\winfnt.h", "C++", 0, 87, 0, 0, 0, 0, 0, 0, 0, 0, 0, 0, 0, 0, 0, 0, 0, 0, 0, 0, 0, 0, 0, 0, 26, 52, 165
"c:\ws-code\ws-kwik\kwik-ui\third_party\freetype\tests\README.md", "Markdown", 0, 0, 0, 0, 0, 13, 0, 0, 0, 0, 0, 0, 0, 0, 0, 0, 0, 0, 0, 0, 0, 0, 0, 0, 0, 10, 23
"c:\ws-code\ws-kwik\kwik-ui\third_party\freetype\tests\issue-1063\main.c", "C", 0, 0, 28, 0, 0, 0, 0, 0, 0, 0, 0, 0, 0, 0, 0, 0, 0, 0, 0, 0, 0, 0, 0, 0, 8, 13, 49
"c:\ws-code\ws-kwik\kwik-ui\third_party\freetype\tests\scripts\download-test-fonts.py", "Python", 0, 0, 0, 0, 0, 0, 0, 0, 0, 0, 0, 0, 0, 0, 0, 0, 143, 0, 0, 0, 0, 0, 0, 0, 117, 43, 303
"c:\ws-code\ws-kwik\kwik-ui\third_party\harfbuzz\.ci\build-win.sh", "Shell Script", 0, 0, 0, 0, 0, 0, 0, 0, 0, 0, 0, 0, 41, 0, 0, 0, 0, 0, 0, 0, 0, 0, 0, 0, 2, 7, 50
"c:\ws-code\ws-kwik\kwik-ui\third_party\harfbuzz\.ci\deploy-docs.sh", "Shell Script", 0, 0, 0, 0, 0, 0, 0, 0, 0, 0, 0, 0, 24, 0, 0, 0, 0, 0, 0, 0, 0, 0, 0, 0, 2, 8, 34
"c:\ws-code\ws-kwik\kwik-ui\third_party\harfbuzz\.codecov.yml", "YAML", 0, 0, 0, 0, 0, 0, 0, 0, 0, 9, 0, 0, 0, 0, 0, 0, 0, 0, 0, 0, 0, 0, 0, 0, 0, 2, 11
"c:\ws-code\ws-kwik\kwik-ui\third_party\harfbuzz\.github\dependabot.yml", "YAML", 0, 0, 0, 0, 0, 0, 0, 0, 0, 10, 0, 0, 0, 0, 0, 0, 0, 0, 0, 0, 0, 0, 0, 0, 0, 1, 11
"c:\ws-code\ws-kwik\kwik-ui\third_party\harfbuzz\.github\workflows\arm.yml", "YAML", 0, 0, 0, 0, 0, 0, 0, 0, 0, 22, 0, 0, 0, 0, 0, 0, 0, 0, 0, 0, 0, 0, 0, 0, 0, 4, 26
"c:\ws-code\ws-kwik\kwik-ui\third_party\harfbuzz\.github\workflows\c++-versions.yml", "YAML", 0, 0, 0, 0, 0, 0, 0, 0, 0, 41, 0, 0, 0, 0, 0, 0, 0, 0, 0, 0, 0, 0, 0, 0, 0, 5, 46
"c:\ws-code\ws-kwik\kwik-ui\third_party\harfbuzz\.github\workflows\cifuzz.yml", "YAML", 0, 0, 0, 0, 0, 0, 0, 0, 0, 26, 0, 0, 0, 0, 0, 0, 0, 0, 0, 0, 0, 0, 0, 0, 0, 3, 29
"c:\ws-code\ws-kwik\kwik-ui\third_party\harfbuzz\.github\workflows\configs-build.yml", "YAML", 0, 0, 0, 0, 0, 0, 0, 0, 0, 33, 0, 0, 0, 0, 0, 0, 0, 0, 0, 0, 0, 0, 0, 0, 1, 6, 40
"c:\ws-code\ws-kwik\kwik-ui\third_party\harfbuzz\.github\workflows\coverity-scan.yml", "YAML", 0, 0, 0, 0, 0, 0, 0, 0, 0, 33, 0, 0, 0, 0, 0, 0, 0, 0, 0, 0, 0, 0, 0, 0, 1, 9, 43
"c:\ws-code\ws-kwik\kwik-ui\third_party\harfbuzz\.github\workflows\crossbuild-mingw.yml", "YAML", 0, 0, 0, 0, 0, 0, 0, 0, 0, 80, 0, 0, 0, 0, 0, 0, 0, 0, 0, 0, 0, 0, 0, 0, 0, 6, 86
"c:\ws-code\ws-kwik\kwik-ui\third_party\harfbuzz\.github\workflows\docs.yml", "YAML", 0, 0, 0, 0, 0, 0, 0, 0, 0, 75, 0, 0, 0, 0, 0, 0, 0, 0, 0, 0, 0, 0, 0, 0, 0, 5, 80
"c:\ws-code\ws-kwik\kwik-ui\third_party\harfbuzz\.github\workflows\linux.yml", "YAML", 0, 0, 0, 0, 0, 0, 0, 0, 0, 94, 0, 0, 0, 0, 0, 0, 0, 0, 0, 0, 0, 0, 0, 0, 0, 6, 100
"c:\ws-code\ws-kwik\kwik-ui\third_party\harfbuzz\.github\workflows\macos.yml", "YAML", 0, 0, 0, 0, 0, 0, 0, 0, 0, 59, 0, 0, 0, 0, 0, 0, 0, 0, 0, 0, 0, 0, 0, 0, 0, 5, 64
"c:\ws-code\ws-kwik\kwik-ui\third_party\harfbuzz\.github\workflows\msvc.yml", "YAML", 0, 0, 0, 0, 0, 0, 0, 0, 0, 56, 0, 0, 0, 0, 0, 0, 0, 0, 0, 0, 0, 0, 0, 0, 0, 6, 62
"c:\ws-code\ws-kwik\kwik-ui\third_party\harfbuzz\.github\workflows\msys2.yml", "YAML", 0, 0, 0, 0, 0, 0, 0, 0, 0, 69, 0, 0, 0, 0, 0, 0, 0, 0, 0, 0, 0, 0, 0, 0, 0, 6, 75
"c:\ws-code\ws-kwik\kwik-ui\third_party\harfbuzz\.github\workflows\rust.yml", "YAML", 0, 0, 0, 0, 0, 0, 0, 0, 0, 62, 0, 0, 0, 0, 0, 0, 0, 0, 0, 0, 0, 0, 0, 0, 0, 5, 67
"c:\ws-code\ws-kwik\kwik-ui\third_party\harfbuzz\.github\workflows\sanitizers.yml", "YAML", 0, 0, 0, 0, 0, 0, 0, 0, 0, 66, 0, 0, 0, 0, 0, 0, 0, 0, 0, 0, 0, 0, 0, 0, 0, 5, 71
"c:\ws-code\ws-kwik\kwik-ui\third_party\harfbuzz\.github\workflows\scorecard.yml", "YAML", 0, 0, 0, 0, 0, 0, 0, 0, 0, 36, 0, 0, 0, 0, 0, 0, 0, 0, 0, 0, 0, 0, 0, 0, 20, 9, 65
"c:\ws-code\ws-kwik\kwik-ui\third_party\harfbuzz\.github\workflows\valgrind.yml", "YAML", 0, 0, 0, 0, 0, 0, 0, 0, 0, 40, 0, 0, 0, 0, 0, 0, 0, 0, 0, 0, 0, 0, 0, 0, 0, 5, 45
"c:\ws-code\ws-kwik\kwik-ui\third_party\harfbuzz\AGENTS.md", "Markdown", 0, 0, 0, 0, 0, 87, 0, 0, 0, 0, 0, 0, 0, 0, 0, 0, 0, 0, 0, 0, 0, 0, 0, 0, 0, 27, 114
"c:\ws-code\ws-kwik\kwik-ui\third_party\harfbuzz\BUILD.md", "Markdown", 0, 0, 0, 0, 0, 44, 0, 0, 0, 0, 0, 0, 0, 0, 0, 0, 0, 0, 0, 0, 0, 0, 0, 0, 0, 24, 68
"c:\ws-code\ws-kwik\kwik-ui\third_party\harfbuzz\CLAUDE.md", "Markdown", 0, 0, 0, 0, 0, 1, 0, 0, 0, 0, 0, 0, 0, 0, 0, 0, 0, 0, 0, 0, 0, 0, 0, 0, 0, 0, 1
"c:\ws-code\ws-kwik\kwik-ui\third_party\harfbuzz\CMakeLists.txt", "CMake", 0, 0, 0, 0, 1122, 0, 0, 0, 0, 0, 0, 0, 0, 0, 0, 0, 0, 0, 0, 0, 0, 0, 0, 0, 0, 135, 1257
"c:\ws-code\ws-kwik\kwik-ui\third_party\harfbuzz\CODE_OF_AI_CONDUCT.md", "Markdown", 0, 0, 0, 0, 0, 40, 0, 0, 0, 0, 0, 0, 0, 0, 0, 0, 0, 0, 0, 0, 0, 0, 0, 0, 0, 11, 51
"c:\ws-code\ws-kwik\kwik-ui\third_party\harfbuzz\CONFIG.md", "Markdown", 0, 0, 0, 0, 0, 114, 0, 0, 0, 0, 0, 0, 0, 0, 0, 0, 0, 0, 0, 0, 0, 0, 0, 0, 0, 40, 154
"c:\ws-code\ws-kwik\kwik-ui\third_party\harfbuzz\README.md", "Markdown", 0, 0, 0, 0, 0, 163, 0, 0, 0, 0, 0, 0, 0, 0, 0, 0, 0, 0, 0, 0, 0, 0, 0, 0, 0, 58, 221
"c:\ws-code\ws-kwik\kwik-ui\third_party\harfbuzz\README.mingw.md", "Markdown", 0, 0, 0, 0, 0, 149, 0, 0, 0, 0, 0, 0, 0, 0, 0, 0, 0, 0, 0, 0, 0, 0, 0, 0, 0, 68, 217
"c:\ws-code\ws-kwik\kwik-ui\third_party\harfbuzz\README.python.md", "Markdown", 0, 0, 0, 0, 0, 25, 0, 0, 0, 0, 0, 0, 0, 0, 0, 0, 0, 0, 0, 0, 0, 0, 0, 0, 0, 11, 36
"c:\ws-code\ws-kwik\kwik-ui\third_party\harfbuzz\RELEASING.md", "Markdown", 0, 0, 0, 0, 0, 26, 0, 0, 0, 0, 0, 0, 0, 0, 0, 0, 0, 0, 0, 0, 0, 0, 0, 0, 0, 16, 42
"c:\ws-code\ws-kwik\kwik-ui\third_party\harfbuzz\SECURITY.md", "Markdown", 0, 0, 0, 0, 0, 14, 0, 0, 0, 0, 0, 0, 0, 0, 0, 0, 0, 0, 0, 0, 0, 0, 0, 0, 0, 7, 21
"c:\ws-code\ws-kwik\kwik-ui\third_party\harfbuzz\TESTING.md", "Markdown", 0, 0, 0, 0, 0, 32, 0, 0, 0, 0, 0, 0, 0, 0, 0, 0, 0, 0, 0, 0, 0, 0, 0, 0, 0, 16, 48
"c:\ws-code\ws-kwik\kwik-ui\third_party\harfbuzz\docs\HarfBuzz.svg", "XML", 0, 0, 0, 5, 0, 0, 0, 0, 0, 0, 0, 0, 0, 0, 0, 0, 0, 0, 0, 0, 0, 0, 0, 0, 3, 1, 9
"c:\ws-code\ws-kwik\kwik-ui\third_party\harfbuzz\docs\harfbuzz-docs.xml", "XML", 0, 0, 0, 206, 0, 0, 0, 0, 0, 0, 0, 0, 0, 0, 0, 0, 0, 0, 0, 0, 0, 0, 0, 0, 4, 15, 225
"c:\ws-code\ws-kwik\kwik-ui\third_party\harfbuzz\docs\repacker.md", "Markdown", 0, 0, 0, 0, 0, 212, 0, 0, 0, 0, 0, 0, 0, 0, 0, 0, 0, 0, 0, 0, 0, 0, 0, 0, 0, 83, 295
"c:\ws-code\ws-kwik\kwik-ui\third_party\harfbuzz\docs\serializer.md", "Markdown", 0, 0, 0, 0, 0, 131, 0, 0, 0, 0, 0, 0, 0, 0, 0, 0, 0, 0, 0, 0, 0, 0, 0, 0, 0, 48, 179
"c:\ws-code\ws-kwik\kwik-ui\third_party\harfbuzz\docs\subset-preprocessing.md", "Markdown", 0, 0, 0, 0, 0, 214, 0, 0, 0, 0, 0, 0, 0, 0, 0, 0, 0, 0, 0, 0, 0, 0, 0, 0, 0, 15, 229
"c:\ws-code\ws-kwik\kwik-ui\third_party\harfbuzz\docs\usermanual-buffers-language-script-and-direction.xml", "XML", 0, 0, 0, 407, 0, 0, 0, 0, 0, 0, 0, 0, 0, 0, 0, 0, 0, 0, 0, 0, 0, 0, 0, 0, 0, 6, 413
"c:\ws-code\ws-kwik\kwik-ui\third_party\harfbuzz\docs\usermanual-clusters.xml", "XML", 0, 0, 0, 699, 0, 0, 0, 0, 0, 0, 0, 0, 0, 0, 0, 0, 0, 0, 0, 0, 0, 0, 0, 0, 0, 3, 702
"c:\ws-code\ws-kwik\kwik-ui\third_party\harfbuzz\docs\usermanual-fonts-and-faces.xml", "XML", 0, 0, 0, 512, 0, 0, 0, 0, 0, 0, 0, 0, 0, 0, 0, 0, 0, 0, 0, 0, 0, 0, 0, 0, 0, 8, 520
"c:\ws-code\ws-kwik\kwik-ui\third_party\harfbuzz\docs\usermanual-getting-started.xml", "XML", 0, 0, 0, 298, 0, 0, 0, 0, 0, 0, 0, 0, 0, 0, 0, 0, 0, 0, 0, 0, 0, 0, 0, 0, 0, 18, 316
"c:\ws-code\ws-kwik\kwik-ui\third_party\harfbuzz\docs\usermanual-glyph-information.xml", "XML", 0, 0, 0, 14, 0, 0, 0, 0, 0, 0, 0, 0, 0, 0, 0, 0, 0, 0, 0, 0, 0, 0, 0, 0, 0, 1, 15
"c:\ws-code\ws-kwik\kwik-ui\third_party\harfbuzz\docs\usermanual-install-harfbuzz.xml", "XML", 0, 0, 0, 345, 0, 0, 0, 0, 0, 0, 0, 0, 0, 0, 0, 0, 0, 0, 0, 0, 0, 0, 0, 0, 0, 28, 373
"c:\ws-code\ws-kwik\kwik-ui\third_party\harfbuzz\docs\usermanual-integration.xml", "XML", 0, 0, 0, 635, 0, 0, 0, 0, 0, 0, 0, 0, 0, 0, 0, 0, 0, 0, 0, 0, 0, 0, 0, 0, 8, 10, 653
"c:\ws-code\ws-kwik\kwik-ui\third_party\harfbuzz\docs\usermanual-object-model.xml", "XML", 0, 0, 0, 255, 0, 0, 0, 0, 0, 0, 0, 0, 0, 0, 0, 0, 0, 0, 0, 0, 0, 0, 0, 0, 0, 12, 267
"c:\ws-code\ws-kwik\kwik-ui\third_party\harfbuzz\docs\usermanual-opentype-features.xml", "XML", 0, 0, 0, 331, 0, 0, 0, 0, 0, 0, 0, 0, 0, 0, 0, 0, 0, 0, 0, 0, 0, 0, 0, 0, 0, 6, 337
"c:\ws-code\ws-kwik\kwik-ui\third_party\harfbuzz\docs\usermanual-shaping-concepts.xml", "XML", 0, 0, 0, 342, 0, 0, 0, 0, 0, 0, 0, 0, 0, 0, 0, 0, 0, 0, 0, 0, 0, 0, 0, 0, 0, 27, 369
"c:\ws-code\ws-kwik\kwik-ui\third_party\harfbuzz\docs\usermanual-utilities.xml", "XML", 0, 0, 0, 237, 0, 0, 0, 0, 0, 0, 0, 0, 0, 0, 0, 0, 0, 0, 0, 0, 0, 0, 0, 0, 0, 11, 248
"c:\ws-code\ws-kwik\kwik-ui\third_party\harfbuzz\docs\usermanual-what-is-harfbuzz.xml", "XML", 0, 0, 0, 424, 0, 0, 0, 0, 0, 0, 0, 0, 0, 0, 0, 0, 0, 0, 0, 0, 0, 0, 0, 0, 0, 14, 438
"c:\ws-code\ws-kwik\kwik-ui\third_party\harfbuzz\docs\wasm-shaper.md", "Markdown", 0, 0, 0, 0, 0, 390, 0, 0, 0, 0, 0, 0, 0, 0, 0, 0, 0, 0, 0, 0, 0, 0, 0, 0, 0, 155, 545
"c:\ws-code\ws-kwik\kwik-ui\third_party\harfbuzz\perf\README.md", "Markdown", 0, 0, 0, 0, 0, 66, 0, 0, 0, 0, 0, 0, 0, 0, 0, 0, 0, 0, 0, 0, 0, 0, 0, 0, 0, 18, 84
"c:\ws-code\ws-kwik\kwik-ui\third_party\harfbuzz\perf\benchmark-font.cc", "C++", 0, 387, 0, 0, 0, 0, 0, 0, 0, 0, 0, 0, 0, 0, 0, 0, 0, 0, 0, 0, 0, 0, 0, 0, 0, 58, 445
"c:\ws-code\ws-kwik\kwik-ui\third_party\harfbuzz\perf\benchmark-gpu.cc", "C++", 0, 115, 0, 0, 0, 0, 0, 0, 0, 0, 0, 0, 0, 0, 0, 0, 0, 0, 0, 0, 0, 0, 0, 0, 25, 26, 166
"c:\ws-code\ws-kwik\kwik-ui\third_party\harfbuzz\perf\benchmark-map.cc", "C++", 0, 75, 0, 0, 0, 0, 0, 0, 0, 0, 0, 0, 0, 0, 0, 0, 0, 0, 0, 0, 0, 0, 0, 0, 5, 24, 104
"c:\ws-code\ws-kwik\kwik-ui\third_party\harfbuzz\perf\benchmark-ot.cc", "C++", 0, 33, 0, 0, 0, 0, 0, 0, 0, 0, 0, 0, 0, 0, 0, 0, 0, 0, 0, 0, 0, 0, 0, 0, 0, 7, 40
"c:\ws-code\ws-kwik\kwik-ui\third_party\harfbuzz\perf\benchmark-set.cc", "C++", 0, 113, 0, 0, 0, 0, 0, 0, 0, 0, 0, 0, 0, 0, 0, 0, 0, 0, 0, 0, 0, 0, 0, 0, 6, 26, 145
"c:\ws-code\ws-kwik\kwik-ui\third_party\harfbuzz\perf\benchmark-shape.cc", "C++", 0, 198, 0, 0, 0, 0, 0, 0, 0, 0, 0, 0, 0, 0, 0, 0, 0, 0, 0, 0, 0, 0, 0, 0, 2, 40, 240
"c:\ws-code\ws-kwik\kwik-ui\third_party\harfbuzz\perf\benchmark-subset.cc", "C++", 0, 228, 0, 0, 0, 0, 0, 0, 0, 0, 0, 0, 0, 0, 0, 0, 0, 0, 0, 0, 0, 0, 0, 0, 4, 45, 277
"c:\ws-code\ws-kwik\kwik-ui\third_party\harfbuzz\perf\hb-benchmark.hh", "C++", 0, 18, 0, 0, 0, 0, 0, 0, 0, 0, 0, 0, 0, 0, 0, 0, 0, 0, 0, 0, 0, 0, 0, 0, 25, 11, 54
"c:\ws-code\ws-kwik\kwik-ui\third_party\harfbuzz\replace-enum-strings.cmake", "CMake", 0, 0, 0, 0, 17, 0, 0, 0, 0, 0, 0, 0, 0, 0, 0, 0, 0, 0, 0, 0, 0, 0, 0, 0, 0, 4, 21
"c:\ws-code\ws-kwik\kwik-ui\third_party\harfbuzz\src\OT\Color\CBDT\CBDT.hh", "C++", 0, 837, 0, 0, 0, 0, 0, 0, 0, 0, 0, 0, 0, 0, 0, 0, 0, 0, 0, 0, 0, 0, 0, 0, 60, 137, 1034
"c:\ws-code\ws-kwik\kwik-ui\third_party\harfbuzz\src\OT\Color\COLR\COLR.hh", "C++", 0, 2336, 0, 0, 0, 0, 0, 0, 0, 0, 0, 0, 0, 0, 0, 0, 0, 0, 0, 0, 0, 0, 0, 0, 84, 437, 2857
"c:\ws-code\ws-kwik\kwik-ui\third_party\harfbuzz\src\OT\Color\COLR\colrv1-closure.hh", "C++", 0, 87, 0, 0, 0, 0, 0, 0, 0, 0, 0, 0, 0, 0, 0, 0, 0, 0, 0, 0, 0, 0, 0, 0, 29, 22, 138
"c:\ws-code\ws-kwik\kwik-ui\third_party\harfbuzz\src\OT\Color\CPAL\CPAL.hh", "C++", 0, 270, 0, 0, 0, 0, 0, 0, 0, 0, 0, 0, 0, 0, 0, 0, 0, 0, 0, 0, 0, 0, 0, 0, 44, 54, 368
"c:\ws-code\ws-kwik\kwik-ui\third_party\harfbuzz\src\OT\Color\sbix\sbix.hh", "C++", 0, 327, 0, 0, 0, 0, 0, 0, 0, 0, 0, 0, 0, 0, 0, 0, 0, 0, 0, 0, 0, 0, 0, 0, 51, 72, 450
"c:\ws-code\ws-kwik\kwik-ui\third_party\harfbuzz\src\OT\Color\svg\svg.hh", "C++", 0, 678, 0, 0, 0, 0, 0, 0, 0, 0, 0, 0, 0, 0, 0, 0, 0, 0, 0, 0, 0, 0, 0, 0, 33, 119, 830
"c:\ws-code\ws-kwik\kwik-ui\third_party\harfbuzz\src\OT\Layout\Common\Coverage.hh", "C++", 0, 334, 0, 0, 0, 0, 0, 0, 0, 0, 0, 0, 0, 0, 0, 0, 0, 0, 0, 0, 0, 0, 0, 0, 33, 28, 395
"c:\ws-code\ws-kwik\kwik-ui\third_party\harfbuzz\src\OT\Layout\Common\CoverageFormat1.hh", "C++", 0, 87, 0, 0, 0, 0, 0, 0, 0, 0, 0, 0, 0, 0, 0, 0, 0, 0, 0, 0, 0, 0, 0, 0, 28, 21, 136
"c:\ws-code\ws-kwik\kwik-ui\third_party\harfbuzz\src\OT\Layout\Common\CoverageFormat2.hh", "C++", 0, 179, 0, 0, 0, 0, 0, 0, 0, 0, 0, 0, 0, 0, 0, 0, 0, 0, 0, 0, 0, 0, 0, 0, 37, 26, 242
"c:\ws-code\ws-kwik\kwik-ui\third_party\harfbuzz\src\OT\Layout\Common\RangeRecord.hh", "C++", 0, 52, 0, 0, 0, 0, 0, 0, 0, 0, 0, 0, 0, 0, 0, 0, 0, 0, 0, 0, 0, 0, 0, 0, 31, 15, 98
"c:\ws-code\ws-kwik\kwik-ui\third_party\harfbuzz\src\OT\Layout\GDEF\GDEF.hh", "C++", 0, 858, 0, 0, 0, 0, 0, 0, 0, 0, 0, 0, 0, 0, 0, 0, 0, 0, 0, 0, 0, 0, 0, 0, 78, 125, 1061
"c:\ws-code\ws-kwik\kwik-ui\third_party\harfbuzz\src\OT\Layout\GPOS\Anchor.hh", "C++", 0, 73, 0, 0, 0, 0, 0, 0, 0, 0, 0, 0, 0, 0, 0, 0, 0, 0, 0, 0, 0, 0, 0, 0, 2, 10, 85
"c:\ws-code\ws-kwik\kwik-ui\third_party\harfbuzz\src\OT\Layout\GPOS\AnchorFormat1.hh", "C++", 0, 38, 0, 0, 0, 0, 0, 0, 0, 0, 0, 0, 0, 0, 0, 0, 0, 0, 0, 0, 0, 0, 0, 0, 0, 9, 47
"c:\ws-code\ws-kwik\kwik-ui\third_party\harfbuzz\src\OT\Layout\GPOS\AnchorFormat2.hh", "C++", 0, 47, 0, 0, 0, 0, 0, 0, 0, 0, 0, 0, 0, 0, 0, 0, 0, 0, 0, 0, 0, 0, 0, 0, 0, 12, 59
"c:\ws-code\ws-kwik\kwik-ui\third_party\harfbuzz\src\OT\Layout\GPOS\AnchorFormat3.hh", "C++", 0, 99, 0, 0, 0, 0, 0, 0, 0, 0, 0, 0, 0, 0, 0, 0, 0, 0, 0, 0, 0, 0, 0, 0, 4, 21, 124
"c:\ws-code\ws-kwik\kwik-ui\third_party\harfbuzz\src\OT\Layout\GPOS\AnchorMatrix.hh", "C++", 0, 77, 0, 0, 0, 0, 0, 0, 0, 0, 0, 0, 0, 0, 0, 0, 0, 0, 0, 0, 0, 0, 0, 0, 1, 17, 95
"c:\ws-code\ws-kwik\kwik-ui\third_party\harfbuzz\src\OT\Layout\GPOS\ChainContextPos.hh", "C++", 0, 10, 0, 0, 0, 0, 0, 0, 0, 0, 0, 0, 0, 0, 0, 0, 0, 0, 0, 0, 0, 0, 0, 0, 0, 5, 15
"c:\ws-code\ws-kwik\kwik-ui\third_party\harfbuzz\src\OT\Layout\GPOS\Common.hh", "C++", 0, 22, 0, 0, 0, 0, 0, 0, 0, 0, 0, 0, 0, 0, 0, 0, 0, 0, 0, 0, 0, 0, 0, 0, 3, 9, 34
"c:\ws-code\ws-kwik\kwik-ui\third_party\harfbuzz\src\OT\Layout\GPOS\ContextPos.hh", "C++", 0, 10, 0, 0, 0, 0, 0, 0, 0, 0, 0, 0, 0, 0, 0, 0, 0, 0, 0, 0, 0, 0, 0, 0, 0, 5, 15
"c:\ws-code\ws-kwik\kwik-ui\third_party\harfbuzz\src\OT\Layout\GPOS\CursivePos.hh", "C++", 0, 29, 0, 0, 0, 0, 0, 0, 0, 0, 0, 0, 0, 0, 0, 0, 0, 0, 0, 0, 0, 0, 0, 0, 0, 7, 36
"c:\ws-code\ws-kwik\kwik-ui\third_party\harfbuzz\src\OT\Layout\GPOS\CursivePosFormat1.hh", "C++", 0, 249, 0, 0, 0, 0, 0, 0, 0, 0, 0, 0, 0, 0, 0, 0, 0, 0, 0, 0, 0, 0, 0, 0, 26, 58, 333
"c:\ws-code\ws-kwik\kwik-ui\third_party\harfbuzz\src\OT\Layout\GPOS\ExtensionPos.hh", "C++", 0, 13, 0, 0, 0, 0, 0, 0, 0, 0, 0, 0, 0, 0, 0, 0, 0, 0, 0, 0, 0, 0, 0, 0, 0, 5, 18
"c:\ws-code\ws-kwik\kwik-ui\third_party\harfbuzz\src\OT\Layout\GPOS\GPOS.hh", "C++", 0, 154, 0, 0, 0, 0, 0, 0, 0, 0, 0, 0, 0, 0, 0, 0, 0, 0, 0, 0, 0, 0, 0, 0, 16, 37, 207
"c:\ws-code\ws-kwik\kwik-ui\third_party\harfbuzz\src\OT\Layout\GPOS\LigatureArray.hh", "C++", 0, 51, 0, 0, 0, 0, 0, 0, 0, 0, 0, 0, 0, 0, 0, 0, 0, 0, 0, 0, 0, 0, 0, 0, 4, 14, 69
"c:\ws-code\ws-kwik\kwik-ui\third_party\harfbuzz\src\OT\Layout\GPOS\MarkArray.hh", "C++", 0, 110, 0, 0, 0, 0, 0, 0, 0, 0, 0, 0, 0, 0, 0, 0, 0, 0, 0, 0, 0, 0, 0, 0, 2, 23, 135
"c:\ws-code\ws-kwik\kwik-ui\third_party\harfbuzz\src\OT\Layout\GPOS\MarkBasePos.hh", "C++", 0, 35, 0, 0, 0, 0, 0, 0, 0, 0, 0, 0, 0, 0, 0, 0, 0, 0, 0, 0, 0, 0, 0, 0, 0, 7, 42
"c:\ws-code\ws-kwik\kwik-ui\third_party\harfbuzz\src\OT\Layout\GPOS\MarkBasePosFormat1.hh", "C++", 0, 192, 0, 0, 0, 0, 0, 0, 0, 0, 0, 0, 0, 0, 0, 0, 0, 0, 0, 0, 0, 0, 0, 0, 17, 42, 251
"c:\ws-code\ws-kwik\kwik-ui\third_party\harfbuzz\src\OT\Layout\GPOS\MarkLigPos.hh", "C++", 0, 35, 0, 0, 0, 0, 0, 0, 0, 0, 0, 0, 0, 0, 0, 0, 0, 0, 0, 0, 0, 0, 0, 0, 0, 7, 42
"c:\ws-code\ws-kwik\kwik-ui\third_party\harfbuzz\src\OT\Layout\GPOS\MarkLigPosFormat1.hh", "C++", 0, 167, 0, 0, 0, 0, 0, 0, 0, 0, 0, 0, 0, 0, 0, 0, 0, 0, 0, 0, 0, 0, 0, 0, 13, 39, 219
"c:\ws-code\ws-kwik\kwik-ui\third_party\harfbuzz\src\OT\Layout\GPOS\MarkMarkPos.hh", "C++", 0, 35, 0, 0, 0, 0, 0, 0, 0, 0, 0, 0, 0, 0, 0, 0, 0, 0, 0, 0, 0, 0, 0, 0, 0, 8, 43
"c:\ws-code\ws-kwik\kwik-ui\third_party\harfbuzz\src\OT\Layout\GPOS\MarkMarkPosFormat1.hh", "C++", 0, 184, 0, 0, 0, 0, 0, 0, 0, 0, 0, 0, 0, 0, 0, 0, 0, 0, 0, 0, 0, 0, 0, 0, 13, 43, 240
"c:\ws-code\ws-kwik\kwik-ui\third_party\harfbuzz\src\OT\Layout\GPOS\MarkRecord.hh", "C++", 0, 40, 0, 0, 0, 0, 0, 0, 0, 0, 0, 0, 0, 0, 0, 0, 0, 0, 0, 0, 0, 0, 0, 0, 1, 11, 52
"c:\ws-code\ws-kwik\kwik-ui\third_party\harfbuzz\src\OT\Layout\GPOS\PairPos.hh", "C++", 0, 40, 0, 0, 0, 0, 0, 0, 0, 0, 0, 0, 0, 0, 0, 0, 0, 0, 0, 0, 0, 0, 0, 0, 0, 7, 47
"c:\ws-code\ws-kwik\kwik-ui\third_party\harfbuzz\src\OT\Layout\GPOS\PairPosFormat1.hh", "C++", 0, 198, 0, 0, 0, 0, 0, 0, 0, 0, 0, 0, 0, 0, 0, 0, 0, 0, 0, 0, 0, 0, 0, 0, 13, 44, 255
"c:\ws-code\ws-kwik\kwik-ui\third_party\harfbuzz\src\OT\Layout\GPOS\PairPosFormat2.hh", "C++", 0, 301, 0, 0, 0, 0, 0, 0, 0, 0, 0, 0, 0, 0, 0, 0, 0, 0, 0, 0, 0, 0, 0, 0, 30, 59, 390
"c:\ws-code\ws-kwik\kwik-ui\third_party\harfbuzz\src\OT\Layout\GPOS\PairSet.hh", "C++", 0, 171, 0, 0, 0, 0, 0, 0, 0, 0, 0, 0, 0, 0, 0, 0, 0, 0, 0, 0, 0, 0, 0, 0, 4, 36, 211
"c:\ws-code\ws-kwik\kwik-ui\third_party\harfbuzz\src\OT\Layout\GPOS\PairValueRecord.hh", "C++", 0, 76, 0, 0, 0, 0, 0, 0, 0, 0, 0, 0, 0, 0, 0, 0, 0, 0, 0, 0, 0, 0, 0, 0, 3, 21, 100
"c:\ws-code\ws-kwik\kwik-ui\third_party\harfbuzz\src\OT\Layout\GPOS\PosLookup.hh", "C++", 0, 61, 0, 0, 0, 0, 0, 0, 0, 0, 0, 0, 0, 0, 0, 0, 0, 0, 0, 0, 0, 0, 0, 0, 0, 19, 80
"c:\ws-code\ws-kwik\kwik-ui\third_party\harfbuzz\src\OT\Layout\GPOS\PosLookupSubTable.hh", "C++", 0, 70, 0, 0, 0, 0, 0, 0, 0, 0, 0, 0, 0, 0, 0, 0, 0, 0, 0, 0, 0, 0, 0, 0, 0, 10, 80
"c:\ws-code\ws-kwik\kwik-ui\third_party\harfbuzz\src\OT\Layout\GPOS\SinglePos.hh", "C++", 0, 83, 0, 0, 0, 0, 0, 0, 0, 0, 0, 0, 0, 0, 0, 0, 0, 0, 0, 0, 0, 0, 0, 0, 0, 16, 99
"c:\ws-code\ws-kwik\kwik-ui\third_party\harfbuzz\src\OT\Layout\GPOS\SinglePosFormat1.hh", "C++", 0, 141, 0, 0, 0, 0, 0, 0, 0, 0, 0, 0, 0, 0, 0, 0, 0, 0, 0, 0, 0, 0, 0, 0, 16, 34, 191
"c:\ws-code\ws-kwik\kwik-ui\third_party\harfbuzz\src\OT\Layout\GPOS\SinglePosFormat2.hh", "C++", 0, 170, 0, 0, 0, 0, 0, 0, 0, 0, 0, 0, 0, 0, 0, 0, 0, 0, 0, 0, 0, 0, 0, 0, 5, 39, 214
"c:\ws-code\ws-kwik\kwik-ui\third_party\harfbuzz\src\OT\Layout\GPOS\ValueFormat.hh", "C++", 0, 346, 0, 0, 0, 0, 0, 0, 0, 0, 0, 0, 0, 0, 0, 0, 0, 0, 0, 0, 0, 0, 0, 0, 28, 73, 447
"c:\ws-code\ws-kwik\kwik-ui\third_party\harfbuzz\src\OT\Layout\GSUB\AlternateSet.hh", "C++", 0, 108, 0, 0, 0, 0, 0, 0, 0, 0, 0, 0, 0, 0, 0, 0, 0, 0, 0, 0, 0, 0, 0, 0, 5, 27, 140
"c:\ws-code\ws-kwik\kwik-ui\third_party\harfbuzz\src\OT\Layout\GSUB\AlternateSubst.hh", "C++", 0, 50, 0, 0, 0, 0, 0, 0, 0, 0, 0, 0, 0, 0, 0, 0, 0, 0, 0, 0, 0, 0, 0, 0, 3, 10, 63
"c:\ws-code\ws-kwik\kwik-ui\third_party\harfbuzz\src\OT\Layout\GSUB\AlternateSubstFormat1.hh", "C++", 0, 117, 0, 0, 0, 0, 0, 0, 0, 0, 0, 0, 0, 0, 0, 0, 0, 0, 0, 0, 0, 0, 0, 0, 2, 23, 142
"c:\ws-code\ws-kwik\kwik-ui\third_party\harfbuzz\src\OT\Layout\GSUB\ChainContextSubst.hh", "C++", 0, 12, 0, 0, 0, 0, 0, 0, 0, 0, 0, 0, 0, 0, 0, 0, 0, 0, 0, 0, 0, 0, 0, 0, 1, 6, 19
"c:\ws-code\ws-kwik\kwik-ui\third_party\harfbuzz\src\OT\Layout\GSUB\Common.hh", "C++", 0, 14, 0, 0, 0, 0, 0, 0, 0, 0, 0, 0, 0, 0, 0, 0, 0, 0, 0, 0, 0, 0, 0, 0, 0, 6, 20
"c:\ws-code\ws-kwik\kwik-ui\third_party\harfbuzz\src\OT\Layout\GSUB\ContextSubst.hh", "C++", 0, 12, 0, 0, 0, 0, 0, 0, 0, 0, 0, 0, 0, 0, 0, 0, 0, 0, 0, 0, 0, 0, 0, 0, 1, 6, 19
"c:\ws-code\ws-kwik\kwik-ui\third_party\harfbuzz\src\OT\Layout\GSUB\ExtensionSubst.hh", "C++", 0, 16, 0, 0, 0, 0, 0, 0, 0, 0, 0, 0, 0, 0, 0, 0, 0, 0, 0, 0, 0, 0, 0, 0, 1, 6, 23
"c:\ws-code\ws-kwik\kwik-ui\third_party\harfbuzz\src\OT\Layout\GSUB\GSUB.hh", "C++", 0, 38, 0, 0, 0, 0, 0, 0, 0, 0, 0, 0, 0, 0, 0, 0, 0, 0, 0, 0, 0, 0, 0, 0, 4, 20, 62
"c:\ws-code\ws-kwik\kwik-ui\third_party\harfbuzz\src\OT\Layout\GSUB\Ligature.hh", "C++", 0, 156, 0, 0, 0, 0, 0, 0, 0, 0, 0, 0, 0, 0, 0, 0, 0, 0, 0, 0, 0, 0, 0, 0, 6, 39, 201
"c:\ws-code\ws-kwik\kwik-ui\third_party\harfbuzz\src\OT\Layout\GSUB\LigatureSet.hh", "C++", 0, 164, 0, 0, 0, 0, 0, 0, 0, 0, 0, 0, 0, 0, 0, 0, 0, 0, 0, 0, 0, 0, 0, 0, 8, 27, 199
"c:\ws-code\ws-kwik\kwik-ui\third_party\harfbuzz\src\OT\Layout\GSUB\LigatureSubst.hh", "C++", 0, 57, 0, 0, 0, 0, 0, 0, 0, 0, 0, 0, 0, 0, 0, 0, 0, 0, 0, 0, 0, 0, 0, 0, 4, 11, 72
"c:\ws-code\ws-kwik\kwik-ui\third_party\harfbuzz\src\OT\Layout\GSUB\LigatureSubstFormat1.hh", "C++", 0, 158, 0, 0, 0, 0, 0, 0, 0, 0, 0, 0, 0, 0, 0, 0, 0, 0, 0, 0, 0, 0, 0, 0, 8, 30, 196
"c:\ws-code\ws-kwik\kwik-ui\third_party\harfbuzz\src\OT\Layout\GSUB\MultipleSubst.hh", "C++", 0, 50, 0, 0, 0, 0, 0, 0, 0, 0, 0, 0, 0, 0, 0, 0, 0, 0, 0, 0, 0, 0, 0, 0, 1, 12, 63
"c:\ws-code\ws-kwik\kwik-ui\third_party\harfbuzz\src\OT\Layout\GSUB\MultipleSubstFormat1.hh", "C++", 0, 104, 0, 0, 0, 0, 0, 0, 0, 0, 0, 0, 0, 0, 0, 0, 0, 0, 0, 0, 0, 0, 0, 0, 2, 25, 131
"c:\ws-code\ws-kwik\kwik-ui\third_party\harfbuzz\src\OT\Layout\GSUB\ReverseChainSingleSubst.hh", "C++", 0, 30, 0, 0, 0, 0, 0, 0, 0, 0, 0, 0, 0, 0, 0, 0, 0, 0, 0, 0, 0, 0, 0, 0, 0, 7, 37
"c:\ws-code\ws-kwik\kwik-ui\third_party\harfbuzz\src\OT\Layout\GSUB\ReverseChainSingleSubstFormat1.hh", "C++", 0, 189, 0, 0, 0, 0, 0, 0, 0, 0, 0, 0, 0, 0, 0, 0, 0, 0, 0, 0, 0, 0, 0, 0, 9, 48, 246
"c:\ws-code\ws-kwik\kwik-ui\third_party\harfbuzz\src\OT\Layout\GSUB\Sequence.hh", "C++", 0, 127, 0, 0, 0, 0, 0, 0, 0, 0, 0, 0, 0, 0, 0, 0, 0, 0, 0, 0, 0, 0, 0, 0, 6, 33, 166
"c:\ws-code\ws-kwik\kwik-ui\third_party\harfbuzz\src\OT\Layout\GSUB\SingleSubst.hh", "C++", 0, 91, 0, 0, 0, 0, 0, 0, 0, 0, 0, 0, 0, 0, 0, 0, 0, 0, 0, 0, 0, 0, 0, 0, 0, 13, 104
"c:\ws-code\ws-kwik\kwik-ui\third_party\harfbuzz\src\OT\Layout\GSUB\SingleSubstFormat1.hh", "C++", 0, 166, 0, 0, 0, 0, 0, 0, 0, 0, 0, 0, 0, 0, 0, 0, 0, 0, 0, 0, 0, 0, 0, 0, 12, 42, 220
"c:\ws-code\ws-kwik\kwik-ui\third_party\harfbuzz\src\OT\Layout\GSUB\SingleSubstFormat2.hh", "C++", 0, 153, 0, 0, 0, 0, 0, 0, 0, 0, 0, 0, 0, 0, 0, 0, 0, 0, 0, 0, 0, 0, 0, 0, 2, 33, 188
"c:\ws-code\ws-kwik\kwik-ui\third_party\harfbuzz\src\OT\Layout\GSUB\SubstLookup.hh", "C++", 0, 179, 0, 0, 0, 0, 0, 0, 0, 0, 0, 0, 0, 0, 0, 0, 0, 0, 0, 0, 0, 0, 0, 0, 4, 38, 221
"c:\ws-code\ws-kwik\kwik-ui\third_party\harfbuzz\src\OT\Layout\GSUB\SubstLookupSubTable.hh", "C++", 0, 67, 0, 0, 0, 0, 0, 0, 0, 0, 0, 0, 0, 0, 0, 0, 0, 0, 0, 0, 0, 0, 0, 0, 0, 11, 78
"c:\ws-code\ws-kwik\kwik-ui\third_party\harfbuzz\src\OT\Layout\types.hh", "C++", 0, 37, 0, 0, 0, 0, 0, 0, 0, 0, 0, 0, 0, 0, 0, 0, 0, 0, 0, 0, 0, 0, 0, 0, 27, 9, 73
"c:\ws-code\ws-kwik\kwik-ui\third_party\harfbuzz\src\OT\Var\VARC\VARC.cc", "C++", 0, 332, 0, 0, 0, 0, 0, 0, 0, 0, 0, 0, 0, 0, 0, 0, 0, 0, 0, 0, 0, 0, 0, 0, 17, 73, 422
"c:\ws-code\ws-kwik\kwik-ui\third_party\harfbuzz\src\OT\Var\VARC\VARC.hh", "C++", 0, 220, 0, 0, 0, 0, 0, 0, 0, 0, 0, 0, 0, 0, 0, 0, 0, 0, 0, 0, 0, 0, 0, 0, 6, 43, 269
"c:\ws-code\ws-kwik\kwik-ui\third_party\harfbuzz\src\OT\Var\VARC\coord-setter.hh", "C++", 0, 46, 0, 0, 0, 0, 0, 0, 0, 0, 0, 0, 0, 0, 0, 0, 0, 0, 0, 0, 0, 0, 0, 0, 2, 16, 64
"c:\ws-code\ws-kwik\kwik-ui\third_party\harfbuzz\src\OT\glyf\CompositeGlyph.hh", "C++", 0, 359, 0, 0, 0, 0, 0, 0, 0, 0, 0, 0, 0, 0, 0, 0, 0, 0, 0, 0, 0, 0, 0, 0, 20, 57, 436
"c:\ws-code\ws-kwik\kwik-ui\third_party\harfbuzz\src\OT\glyf\Glyph.hh", "C++", 0, 477, 0, 0, 0, 0, 0, 0, 0, 0, 0, 0, 0, 0, 0, 0, 0, 0, 0, 0, 0, 0, 0, 0, 28, 78, 583
"c:\ws-code\ws-kwik\kwik-ui\third_party\harfbuzz\src\OT\glyf\GlyphHeader.hh", "C++", 0, 32, 0, 0, 0, 0, 0, 0, 0, 0, 0, 0, 0, 0, 0, 0, 0, 0, 0, 0, 0, 0, 0, 0, 6, 15, 53
"c:\ws-code\ws-kwik\kwik-ui\third_party\harfbuzz\src\OT\glyf\SimpleGlyph.hh", "C++", 0, 281, 0, 0, 0, 0, 0, 0, 0, 0, 0, 0, 0, 0, 0, 0, 0, 0, 0, 0, 0, 0, 0, 0, 8, 59, 348
"c:\ws-code\ws-kwik\kwik-ui\third_party\harfbuzz\src\OT\glyf\SubsetGlyph.hh", "C++", 0, 94, 0, 0, 0, 0, 0, 0, 0, 0, 0, 0, 0, 0, 0, 0, 0, 0, 0, 0, 0, 0, 0, 0, 13, 35, 142
"c:\ws-code\ws-kwik\kwik-ui\third_party\harfbuzz\src\OT\glyf\composite-iter.hh", "C++", 0, 52, 0, 0, 0, 0, 0, 0, 0, 0, 0, 0, 0, 0, 0, 0, 0, 0, 0, 0, 0, 0, 0, 0, 0, 17, 69
"c:\ws-code\ws-kwik\kwik-ui\third_party\harfbuzz\src\OT\glyf\glyf-helpers.hh", "C++", 0, 101, 0, 0, 0, 0, 0, 0, 0, 0, 0, 0, 0, 0, 0, 0, 0, 0, 0, 0, 0, 0, 0, 0, 0, 27, 128
"c:\ws-code\ws-kwik\kwik-ui\third_party\harfbuzz\src\OT\glyf\glyf.hh", "C++", 0, 513, 0, 0, 0, 0, 0, 0, 0, 0, 0, 0, 0, 0, 0, 0, 0, 0, 0, 0, 0, 0, 0, 0, 28, 102, 643
"c:\ws-code\ws-kwik\kwik-ui\third_party\harfbuzz\src\OT\glyf\loca.hh", "C++", 0, 23, 0, 0, 0, 0, 0, 0, 0, 0, 0, 0, 0, 0, 0, 0, 0, 0, 0, 0, 0, 0, 0, 0, 6, 15, 44
"c:\ws-code\ws-kwik\kwik-ui\third_party\harfbuzz\src\OT\glyf\path-builder.hh", "C++", 0, 162, 0, 0, 0, 0, 0, 0, 0, 0, 0, 0, 0, 0, 0, 0, 0, 0, 0, 0, 0, 0, 0, 0, 8, 23, 193
"c:\ws-code\ws-kwik\kwik-ui\third_party\harfbuzz\src\OT\name\name.hh", "C++", 0, 445, 0, 0, 0, 0, 0, 0, 0, 0, 0, 0, 0, 0, 0, 0, 0, 0, 0, 0, 0, 0, 0, 0, 43, 102, 590
"c:\ws-code\ws-kwik\kwik-ui\third_party\harfbuzz\src\addTable.py", "Python", 0, 0, 0, 0, 0, 0, 0, 0, 0, 0, 0, 0, 0, 0, 0, 0, 11, 0, 0, 0, 0, 0, 0, 0, 1, 7, 19
"c:\ws-code\ws-kwik\kwik-ui\third_party\harfbuzz\src\check-c-linkage-decls.py", "Python", 0, 0, 0, 0, 0, 0, 0, 0, 0, 0, 0, 0, 0, 0, 0, 0, 35, 0, 0, 0, 0, 0, 0, 0, 1, 11, 47
"c:\ws-code\ws-kwik\kwik-ui\third_party\harfbuzz\src\check-externs.py", "Python", 0, 0, 0, 0, 0, 0, 0, 0, 0, 0, 0, 0, 0, 0, 0, 0, 21, 0, 0, 0, 0, 0, 0, 0, 1, 8, 30
"c:\ws-code\ws-kwik\kwik-ui\third_party\harfbuzz\src\check-header-guards.py", "Python", 0, 0, 0, 0, 0, 0, 0, 0, 0, 0, 0, 0, 0, 0, 0, 0, 37, 0, 0, 0, 0, 0, 0, 0, 1, 12, 50
"c:\ws-code\ws-kwik\kwik-ui\third_party\harfbuzz\src\check-includes.py", "Python", 0, 0, 0, 0, 0, 0, 0, 0, 0, 0, 0, 0, 0, 0, 0, 0, 49, 0, 0, 0, 0, 0, 0, 0, 1, 15, 65
"c:\ws-code\ws-kwik\kwik-ui\third_party\harfbuzz\src\check-libstdc++.py", "Python", 0, 0, 0, 0, 0, 0, 0, 0, 0, 0, 0, 0, 0, 0, 0, 0, 34, 0, 0, 0, 0, 0, 0, 0, 1, 12, 47
"c:\ws-code\ws-kwik\kwik-ui\third_party\harfbuzz\src\check-release-notes.py", "Python", 0, 0, 0, 0, 0, 0, 0, 0, 0, 0, 0, 0, 0, 0, 0, 0, 17, 0, 0, 0, 0, 0, 0, 0, 1, 7, 25
"c:\ws-code\ws-kwik\kwik-ui\third_party\harfbuzz\src\check-static-inits.py", "Python", 0, 0, 0, 0, 0, 0, 0, 0, 0, 0, 0, 0, 0, 0, 0, 0, 46, 0, 0, 0, 0, 0, 0, 0, 4, 15, 65
"c:\ws-code\ws-kwik\kwik-ui\third_party\harfbuzz\src\check-symbols.py", "Python", 0, 0, 0, 0, 0, 0, 0, 0, 0, 0, 0, 0, 0, 0, 0, 0, 100, 0, 0, 0, 0, 0, 0, 0, 4, 20, 124
"c:\ws-code\ws-kwik\kwik-ui\third_party\harfbuzz\src\check_helpers.py", "Python", 0, 0, 0, 0, 0, 0, 0, 0, 0, 0, 0, 0, 0, 0, 0, 0, 11, 0, 0, 0, 0, 0, 0, 0, 1, 2, 14
"c:\ws-code\ws-kwik\kwik-ui\third_party\harfbuzz\src\failing-alloc.c", "C", 0, 0, 32, 0, 0, 0, 0, 0, 0, 0, 0, 0, 0, 0, 0, 0, 0, 0, 0, 0, 0, 0, 0, 0, 24, 10, 66
"c:\ws-code\ws-kwik\kwik-ui\third_party\harfbuzz\src\fix_get_types.py", "Python", 0, 0, 0, 0, 0, 0, 0, 0, 0, 0, 0, 0, 0, 0, 0, 0, 11, 0, 0, 0, 0, 0, 0, 0, 1, 4, 16
"c:\ws-code\ws-kwik\kwik-ui\third_party\harfbuzz\src\gen-arabic-joining-list.py", "Python", 0, 0, 0, 0, 0, 0, 0, 0, 0, 0, 0, 0, 0, 0, 0, 0, 75, 0, 0, 0, 0, 0, 0, 0, 7, 25, 107
"c:\ws-code\ws-kwik\kwik-ui\third_party\harfbuzz\src\gen-arabic-pua.py", "Python", 0, 0, 0, 0, 0, 0, 0, 0, 0, 0, 0, 0, 0, 0, 0, 0, 26, 0, 0, 0, 0, 0, 0, 0, 3, 9, 38
"c:\ws-code\ws-kwik\kwik-ui\third_party\harfbuzz\src\gen-arabic-table.py", "Python", 0, 0, 0, 0, 0, 0, 0, 0, 0, 0, 0, 0, 0, 0, 0, 0, 285, 0, 0, 0, 0, 0, 0, 0, 14, 49, 348
"c:\ws-code\ws-kwik\kwik-ui\third_party\harfbuzz\src\gen-def.py", "Python", 0, 0, 0, 0, 0, 0, 0, 0, 0, 0, 0, 0, 0, 0, 0, 0, 22, 0, 0, 0, 0, 0, 0, 0, 8, 7, 37
"c:\ws-code\ws-kwik\kwik-ui\third_party\harfbuzz\src\gen-emoji-table.py", "Python", 0, 0, 0, 0, 0, 0, 0, 0, 0, 0, 0, 0, 0, 0, 0, 0, 108, 0, 0, 0, 0, 0, 0, 0, 8, 19, 135
"c:\ws-code\ws-kwik\kwik-ui\third_party\harfbuzz\src\gen-gpu-shader-artifacts.py", "Python", 0, 0, 0, 0, 0, 0, 0, 0, 0, 0, 0, 0, 0, 0, 0, 0, 28, 0, 0, 0, 0, 0, 0, 0, 6, 11, 45
"c:\ws-code\ws-kwik\kwik-ui\third_party\harfbuzz\src\gen-harfbuzz-world.py", "Python", 0, 0, 0, 0, 0, 0, 0, 0, 0, 0, 0, 0, 0, 0, 0, 0, 45, 0, 0, 0, 0, 0, 0, 0, 13, 12, 70
"c:\ws-code\ws-kwik\kwik-ui\third_party\harfbuzz\src\gen-harfbuzzcc.py", "Python", 0, 0, 0, 0, 0, 0, 0, 0, 0, 0, 0, 0, 0, 0, 0, 0, 14, 0, 0, 0, 0, 0, 0, 0, 3, 8, 25
"c:\ws-code\ws-kwik\kwik-ui\third_party\harfbuzz\src\gen-hb-version.py", "Python", 0, 0, 0, 0, 0, 0, 0, 0, 0, 0, 0, 0, 0, 0, 0, 0, 30, 0, 0, 0, 0, 0, 0, 0, 2, 9, 41
"c:\ws-code\ws-kwik\kwik-ui\third_party\harfbuzz\src\gen-indic-table.py", "Python", 0, 0, 0, 0, 0, 0, 0, 0, 0, 0, 0, 0, 0, 0, 0, 0, 560, 0, 0, 0, 0, 0, 0, 0, 37, 89, 686
"c:\ws-code\ws-kwik\kwik-ui\third_party\harfbuzz\src\gen-os2-unicode-ranges.py", "Python", 0, 0, 0, 0, 0, 0, 0, 0, 0, 0, 0, 0, 0, 0, 0, 0, 32, 0, 0, 0, 0, 0, 0, 0, 5, 14, 51
"c:\ws-code\ws-kwik\kwik-ui\third_party\harfbuzz\src\gen-ragel-artifacts.py", "Python", 0, 0, 0, 0, 0, 0, 0, 0, 0, 0, 0, 0, 0, 0, 0, 0, 25, 0, 0, 0, 0, 0, 0, 0, 2, 8, 35
"c:\ws-code\ws-kwik\kwik-ui\third_party\harfbuzz\src\gen-tag-table.py", "Python", 0, 0, 0, 0, 0, 0, 0, 0, 0, 0, 0, 0, 0, 0, 0, 0, 1086, 0, 0, 0, 0, 0, 0, 0, 237, 102, 1425
"c:\ws-code\ws-kwik\kwik-ui\third_party\harfbuzz\src\gen-ucd-table.py", "Python", 0, 0, 0, 0, 0, 0, 0, 0, 0, 0, 0, 0, 0, 0, 0, 0, 223, 0, 0, 0, 0, 0, 0, 0, 24, 46, 293
"c:\ws-code\ws-kwik\kwik-ui\third_party\harfbuzz\src\gen-use-table.py", "Python", 0, 0, 0, 0, 0, 0, 0, 0, 0, 0, 0, 0, 0, 0, 0, 0, 442, 0, 0, 0, 0, 0, 0, 0, 38, 55, 535
"c:\ws-code\ws-kwik\kwik-ui\third_party\harfbuzz\src\gen-vowel-constraints.py", "Python", 0, 0, 0, 0, 0, 0, 0, 0, 0, 0, 0, 0, 0, 0, 0, 0, 284, 0, 0, 0, 0, 0, 0, 0, 26, 17, 327
"c:\ws-code\ws-kwik\kwik-ui\third_party\harfbuzz\src\graph\classdef-graph.hh", "C++", 0, 189, 0, 0, 0, 0, 0, 0, 0, 0, 0, 0, 0, 0, 0, 0, 0, 0, 0, 0, 0, 0, 0, 0, 30, 39, 258
"c:\ws-code\ws-kwik\kwik-ui\third_party\harfbuzz\src\graph\coverage-graph.hh", "C++", 0, 129, 0, 0, 0, 0, 0, 0, 0, 0, 0, 0, 0, 0, 0, 0, 0, 0, 0, 0, 0, 0, 0, 0, 29, 24, 182
"c:\ws-code\ws-kwik\kwik-ui\third_party\harfbuzz\src\graph\graph.hh", "C++", 0, 1227, 0, 0, 0, 0, 0, 0, 0, 0, 0, 0, 0, 0, 0, 0, 0, 0, 0, 0, 0, 0, 0, 0, 242, 258, 1727
"c:\ws-code\ws-kwik\kwik-ui\third_party\harfbuzz\src\graph\gsubgpos-context.cc", "C++", 0, 39, 0, 0, 0, 0, 0, 0, 0, 0, 0, 0, 0, 0, 0, 0, 0, 0, 0, 0, 0, 0, 0, 0, 26, 10, 75
"c:\ws-code\ws-kwik\kwik-ui\third_party\harfbuzz\src\graph\gsubgpos-context.hh", "C++", 0, 26, 0, 0, 0, 0, 0, 0, 0, 0, 0, 0, 0, 0, 0, 0, 0, 0, 0, 0, 0, 0, 0, 0, 25, 12, 63
"c:\ws-code\ws-kwik\kwik-ui\third_party\harfbuzz\src\graph\gsubgpos-graph.hh", "C++", 0, 371, 0, 0, 0, 0, 0, 0, 0, 0, 0, 0, 0, 0, 0, 0, 0, 0, 0, 0, 0, 0, 0, 0, 33, 72, 476
"c:\ws-code\ws-kwik\kwik-ui\third_party\harfbuzz\src\graph\ligature-graph.hh", "C++", 0, 404, 0, 0, 0, 0, 0, 0, 0, 0, 0, 0, 0, 0, 0, 0, 0, 0, 0, 0, 0, 0, 0, 0, 59, 77, 540
"c:\ws-code\ws-kwik\kwik-ui\third_party\harfbuzz\src\graph\markbasepos-graph.hh", "C++", 0, 403, 0, 0, 0, 0, 0, 0, 0, 0, 0, 0, 0, 0, 0, 0, 0, 0, 0, 0, 0, 0, 0, 0, 30, 83, 516
"c:\ws-code\ws-kwik\kwik-ui\third_party\harfbuzz\src\graph\pairpos-graph.hh", "C++", 0, 519, 0, 0, 0, 0, 0, 0, 0, 0, 0, 0, 0, 0, 0, 0, 0, 0, 0, 0, 0, 0, 0, 0, 37, 93, 649
"c:\ws-code\ws-kwik\kwik-ui\third_party\harfbuzz\src\graph\serialize.hh", "C++", 0, 210, 0, 0, 0, 0, 0, 0, 0, 0, 0, 0, 0, 0, 0, 0, 0, 0, 0, 0, 0, 0, 0, 0, 41, 38, 289
"c:\ws-code\ws-kwik\kwik-ui\third_party\harfbuzz\src\graph\split-helpers.hh", "C++", 0, 35, 0, 0, 0, 0, 0, 0, 0, 0, 0, 0, 0, 0, 0, 0, 0, 0, 0, 0, 0, 0, 0, 0, 25, 10, 70
"c:\ws-code\ws-kwik\kwik-ui\third_party\harfbuzz\src\graph\test-classdef-graph.cc", "C++", 0, 221, 0, 0, 0, 0, 0, 0, 0, 0, 0, 0, 0, 0, 0, 0, 0, 0, 0, 0, 0, 0, 0, 0, 33, 43, 297
"c:\ws-code\ws-kwik\kwik-ui\third_party\harfbuzz\src\harfbuzz-subset.cc", "C++", 0, 73, 0, 0, 0, 0, 0, 0, 0, 0, 0, 0, 0, 0, 0, 0, 0, 0, 0, 0, 0, 0, 0, 0, 0, 1, 74
"c:\ws-code\ws-kwik\kwik-ui\third_party\harfbuzz\src\harfbuzz-world.cc", "C++", 0, 169, 0, 0, 0, 0, 0, 0, 0, 0, 0, 0, 0, 0, 0, 0, 0, 0, 0, 0, 0, 0, 0, 0, 1, 18, 188
"c:\ws-code\ws-kwik\kwik-ui\third_party\harfbuzz\src\harfbuzz.cc", "C++", 0, 68, 0, 0, 0, 0, 0, 0, 0, 0, 0, 0, 0, 0, 0, 0, 0, 0, 0, 0, 0, 0, 0, 0, 0, 1, 69
"c:\ws-code\ws-kwik\kwik-ui\third_party\harfbuzz\src\hb-aat-layout-ankr-table.hh", "C++", 0, 54, 0, 0, 0, 0, 0, 0, 0, 0, 0, 0, 0, 0, 0, 0, 0, 0, 0, 0, 0, 0, 0, 0, 27, 19, 100
"c:\ws-code\ws-kwik\kwik-ui\third_party\harfbuzz\src\hb-aat-layout-bsln-table.hh", "C++", 0, 93, 0, 0, 0, 0, 0, 0, 0, 0, 0, 0, 0, 0, 0, 0, 0, 0, 0, 0, 0, 0, 0, 0, 45, 22, 160
"c:\ws-code\ws-kwik\kwik-ui\third_party\harfbuzz\src\hb-aat-layout-common.hh", "C++", 0, 1085, 0, 0, 0, 0, 0, 0, 0, 0, 0, 0, 0, 0, 0, 0, 0, 0, 0, 0, 0, 0, 0, 0, 125, 171, 1381
"c:\ws-code\ws-kwik\kwik-ui\third_party\harfbuzz\src\hb-aat-layout-feat-table.hh", "C++", 0, 145, 0, 0, 0, 0, 0, 0, 0, 0, 0, 0, 0, 0, 0, 0, 0, 0, 0, 0, 0, 0, 0, 0, 43, 37, 225
"c:\ws-code\ws-kwik\kwik-ui\third_party\harfbuzz\src\hb-aat-layout-just-table.hh", "C++", 0, 267, 0, 0, 0, 0, 0, 0, 0, 0, 0, 0, 0, 0, 0, 0, 0, 0, 0, 0, 0, 0, 0, 0, 100, 54, 421
"c:\ws-code\ws-kwik\kwik-ui\third_party\harfbuzz\src\hb-aat-layout-kerx-table.hh", "C++", 0, 930, 0, 0, 0, 0, 0, 0, 0, 0, 0, 0, 0, 0, 0, 0, 0, 0, 0, 0, 0, 0, 0, 0, 87, 187, 1204
"c:\ws-code\ws-kwik\kwik-ui\third_party\harfbuzz\src\hb-aat-layout-morx-table.hh", "C++", 0, 1077, 0, 0, 0, 0, 0, 0, 0, 0, 0, 0, 0, 0, 0, 0, 0, 0, 0, 0, 0, 0, 0, 0, 183, 229, 1489
"c:\ws-code\ws-kwik\kwik-ui\third_party\harfbuzz\src\hb-aat-layout-opbd-table.hh", "C++", 0, 117, 0, 0, 0, 0, 0, 0, 0, 0, 0, 0, 0, 0, 0, 0, 0, 0, 0, 0, 0, 0, 0, 0, 34, 24, 175
"c:\ws-code\ws-kwik\kwik-ui\third_party\harfbuzz\src\hb-aat-layout-trak-table.hh", "C++", 0, 175, 0, 0, 0, 0, 0, 0, 0, 0, 0, 0, 0, 0, 0, 0, 0, 0, 0, 0, 0, 0, 0, 0, 50, 51, 276
"c:\ws-code\ws-kwik\kwik-ui\third_party\harfbuzz\src\hb-aat-layout.cc", "C++", 0, 294, 0, 0, 0, 0, 0, 0, 0, 0, 0, 0, 0, 0, 0, 0, 0, 0, 0, 0, 0, 0, 0, 0, 144, 45, 483
"c:\ws-code\ws-kwik\kwik-ui\third_party\harfbuzz\src\hb-aat-layout.h", "C++", 0, 337, 0, 0, 0, 0, 0, 0, 0, 0, 0, 0, 0, 0, 0, 0, 0, 0, 0, 0, 0, 0, 0, 0, 393, 66, 796
"c:\ws-code\ws-kwik\kwik-ui\third_party\harfbuzz\src\hb-aat-layout.hh", "C++", 0, 37, 0, 0, 0, 0, 0, 0, 0, 0, 0, 0, 0, 0, 0, 0, 0, 0, 0, 0, 0, 0, 0, 0, 26, 15, 78
"c:\ws-code\ws-kwik\kwik-ui\third_party\harfbuzz\src\hb-aat-ltag-table.hh", "C++", 0, 50, 0, 0, 0, 0, 0, 0, 0, 0, 0, 0, 0, 0, 0, 0, 0, 0, 0, 0, 0, 0, 0, 0, 28, 18, 96
"c:\ws-code\ws-kwik\kwik-ui\third_party\harfbuzz\src\hb-aat-map.cc", "C++", 0, 112, 0, 0, 0, 0, 0, 0, 0, 0, 0, 0, 0, 0, 0, 0, 0, 0, 0, 0, 0, 0, 0, 0, 40, 27, 179
"c:\ws-code\ws-kwik\kwik-ui\third_party\harfbuzz\src\hb-aat-map.hh", "C++", 0, 77, 0, 0, 0, 0, 0, 0, 0, 0, 0, 0, 0, 0, 0, 0, 0, 0, 0, 0, 0, 0, 0, 0, 26, 21, 124
"c:\ws-code\ws-kwik\kwik-ui\third_party\harfbuzz\src\hb-aat.h", "C++", 0, 9, 0, 0, 0, 0, 0, 0, 0, 0, 0, 0, 0, 0, 0, 0, 0, 0, 0, 0, 0, 0, 0, 0, 23, 7, 39
"c:\ws-code\ws-kwik\kwik-ui\third_party\harfbuzz\src\hb-algs.hh", "C++", 0, 1267, 0, 0, 0, 0, 0, 0, 0, 0, 0, 0, 0, 0, 0, 0, 0, 0, 0, 0, 0, 0, 0, 0, 202, 199, 1668
"c:\ws-code\ws-kwik\kwik-ui\third_party\harfbuzz\src\hb-alloc-pool.hh", "C++", 0, 52, 0, 0, 0, 0, 0, 0, 0, 0, 0, 0, 0, 0, 0, 0, 0, 0, 0, 0, 0, 0, 0, 0, 38, 16, 106
"c:\ws-code\ws-kwik\kwik-ui\third_party\harfbuzz\src\hb-array.hh", "C++", 0, 399, 0, 0, 0, 0, 0, 0, 0, 0, 0, 0, 0, 0, 0, 0, 0, 0, 0, 0, 0, 0, 0, 0, 65, 69, 533
"c:\ws-code\ws-kwik\kwik-ui\third_party\harfbuzz\src\hb-atomic.hh", "C++", 0, 174, 0, 0, 0, 0, 0, 0, 0, 0, 0, 0, 0, 0, 0, 0, 0, 0, 0, 0, 0, 0, 0, 0, 42, 55, 271
"c:\ws-code\ws-kwik\kwik-ui\third_party\harfbuzz\src\hb-bimap.hh", "C++", 0, 134, 0, 0, 0, 0, 0, 0, 0, 0, 0, 0, 0, 0, 0, 0, 0, 0, 0, 0, 0, 0, 0, 0, 33, 39, 206
"c:\ws-code\ws-kwik\kwik-ui\third_party\harfbuzz\src\hb-bit-page.hh", "C++", 0, 318, 0, 0, 0, 0, 0, 0, 0, 0, 0, 0, 0, 0, 0, 0, 0, 0, 0, 0, 0, 0, 0, 0, 44, 49, 411
"c:\ws-code\ws-kwik\kwik-ui\third_party\harfbuzz\src\hb-bit-set-invertible.hh", "C++", 0, 308, 0, 0, 0, 0, 0, 0, 0, 0, 0, 0, 0, 0, 0, 0, 0, 0, 0, 0, 0, 0, 0, 0, 37, 46, 391
"c:\ws-code\ws-kwik\kwik-ui\third_party\harfbuzz\src\hb-bit-set.hh", "C++", 0, 844, 0, 0, 0, 0, 0, 0, 0, 0, 0, 0, 0, 0, 0, 0, 0, 0, 0, 0, 0, 0, 0, 0, 69, 112, 1025
"c:\ws-code\ws-kwik\kwik-ui\third_party\harfbuzz\src\hb-bit-vector.hh", "C++", 0, 141, 0, 0, 0, 0, 0, 0, 0, 0, 0, 0, 0, 0, 0, 0, 0, 0, 0, 0, 0, 0, 0, 0, 24, 31, 196
"c:\ws-code\ws-kwik\kwik-ui\third_party\harfbuzz\src\hb-blob.cc", "C++", 0, 437, 0, 0, 0, 0, 0, 0, 0, 0, 0, 0, 0, 0, 0, 0, 0, 0, 0, 0, 0, 0, 0, 0, 266, 97, 800
"c:\ws-code\ws-kwik\kwik-ui\third_party\harfbuzz\src\hb-blob.h", "C++", 0, 63, 0, 0, 0, 0, 0, 0, 0, 0, 0, 0, 0, 0, 0, 0, 0, 0, 0, 0, 0, 0, 0, 0, 69, 29, 161
"c:\ws-code\ws-kwik\kwik-ui\third_party\harfbuzz\src\hb-blob.hh", "C++", 0, 157, 0, 0, 0, 0, 0, 0, 0, 0, 0, 0, 0, 0, 0, 0, 0, 0, 0, 0, 0, 0, 0, 0, 69, 31, 257
"c:\ws-code\ws-kwik\kwik-ui\third_party\harfbuzz\src\hb-buffer-deserialize-json.hh", "C++", 0, 678, 0, 0, 0, 0, 0, 0, 0, 0, 0, 0, 0, 0, 0, 0, 0, 0, 0, 0, 0, 0, 0, 0, 27, 31, 736
"c:\ws-code\ws-kwik\kwik-ui\third_party\harfbuzz\src\hb-buffer-deserialize-text-glyphs.hh", "C++", 0, 529, 0, 0, 0, 0, 0, 0, 0, 0, 0, 0, 0, 0, 0, 0, 0, 0, 0, 0, 0, 0, 0, 0, 30, 33, 592
"c:\ws-code\ws-kwik\kwik-ui\third_party\harfbuzz\src\hb-buffer-deserialize-text-unicode.hh", "C++", 0, 200, 0, 0, 0, 0, 0, 0, 0, 0, 0, 0, 0, 0, 0, 0, 0, 0, 0, 0, 0, 0, 0, 0, 25, 32, 257
"c:\ws-code\ws-kwik\kwik-ui\third_party\harfbuzz\src\hb-buffer-serialize.cc", "C++", 0, 538, 0, 0, 0, 0, 0, 0, 0, 0, 0, 0, 0, 0, 0, 0, 0, 0, 0, 0, 0, 0, 0, 0, 240, 117, 895
"c:\ws-code\ws-kwik\kwik-ui\third_party\harfbuzz\src\hb-buffer-verify.cc", "C++", 0, 289, 0, 0, 0, 0, 0, 0, 0, 0, 0, 0, 0, 0, 0, 0, 0, 0, 0, 0, 0, 0, 0, 0, 69, 54, 412
"c:\ws-code\ws-kwik\kwik-ui\third_party\harfbuzz\src\hb-buffer.cc", "C++", 0, 1159, 0, 0, 0, 0, 0, 0, 0, 0, 0, 0, 0, 0, 0, 0, 0, 0, 0, 0, 0, 0, 0, 0, 933, 282, 2374
"c:\ws-code\ws-kwik\kwik-ui\third_party\harfbuzz\src\hb-buffer.h", "C++", 0, 339, 0, 0, 0, 0, 0, 0, 0, 0, 0, 0, 0, 0, 0, 0, 0, 0, 0, 0, 0, 0, 0, 0, 415, 126, 880
"c:\ws-code\ws-kwik\kwik-ui\third_party\harfbuzz\src\hb-buffer.hh", "C++", 0, 568, 0, 0, 0, 0, 0, 0, 0, 0, 0, 0, 0, 0, 0, 0, 0, 0, 0, 0, 0, 0, 0, 0, 65, 106, 739
"c:\ws-code\ws-kwik\kwik-ui\third_party\harfbuzz\src\hb-cache.hh", "C++", 0, 59, 0, 0, 0, 0, 0, 0, 0, 0, 0, 0, 0, 0, 0, 0, 0, 0, 0, 0, 0, 0, 0, 0, 51, 16, 126
"c:\ws-code\ws-kwik\kwik-ui\third_party\harfbuzz\src\hb-cairo-utils.cc", "C++", 0, 474, 0, 0, 0, 0, 0, 0, 0, 0, 0, 0, 0, 0, 0, 0, 0, 0, 0, 0, 0, 0, 0, 0, 37, 95, 606
"c:\ws-code\ws-kwik\kwik-ui\third_party\harfbuzz\src\hb-cairo-utils.hh", "C++", 0, 71, 0, 0, 0, 0, 0, 0, 0, 0, 0, 0, 0, 0, 0, 0, 0, 0, 0, 0, 0, 0, 0, 0, 25, 12, 108
"c:\ws-code\ws-kwik\kwik-ui\third_party\harfbuzz\src\hb-cairo.cc", "C++", 0, 720, 0, 0, 0, 0, 0, 0, 0, 0, 0, 0, 0, 0, 0, 0, 0, 0, 0, 0, 0, 0, 0, 0, 218, 144, 1082
"c:\ws-code\ws-kwik\kwik-ui\third_party\harfbuzz\src\hb-cairo.h", "C++", 0, 44, 0, 0, 0, 0, 0, 0, 0, 0, 0, 0, 0, 0, 0, 0, 0, 0, 0, 0, 0, 0, 0, 0, 39, 17, 100
"c:\ws-code\ws-kwik\kwik-ui\third_party\harfbuzz\src\hb-cff-interp-common.hh", "C++", 0, 488, 0, 0, 0, 0, 0, 0, 0, 0, 0, 0, 0, 0, 0, 0, 0, 0, 0, 0, 0, 0, 0, 0, 57, 97, 642
"c:\ws-code\ws-kwik\kwik-ui\third_party\harfbuzz\src\hb-cff-interp-cs-common.hh", "C++", 0, 775, 0, 0, 0, 0, 0, 0, 0, 0, 0, 0, 0, 0, 0, 0, 0, 0, 0, 0, 0, 0, 0, 0, 28, 103, 906
"c:\ws-code\ws-kwik\kwik-ui\third_party\harfbuzz\src\hb-cff-interp-dict-common.hh", "C++", 0, 149, 0, 0, 0, 0, 0, 0, 0, 0, 0, 0, 0, 0, 0, 0, 0, 0, 0, 0, 0, 0, 0, 0, 27, 26, 202
"c:\ws-code\ws-kwik\kwik-ui\third_party\harfbuzz\src\hb-cff-specializer.hh", "C++", 0, 183, 0, 0, 0, 0, 0, 0, 0, 0, 0, 0, 0, 0, 0, 0, 0, 0, 0, 0, 0, 0, 0, 0, 57, 34, 274
"c:\ws-code\ws-kwik\kwik-ui\third_party\harfbuzz\src\hb-cff-width-optimizer.hh", "C++", 0, 156, 0, 0, 0, 0, 0, 0, 0, 0, 0, 0, 0, 0, 0, 0, 0, 0, 0, 0, 0, 0, 0, 0, 24, 28, 208
"c:\ws-code\ws-kwik\kwik-ui\third_party\harfbuzz\src\hb-cff1-interp-cs.hh", "C++", 0, 112, 0, 0, 0, 0, 0, 0, 0, 0, 0, 0, 0, 0, 0, 0, 0, 0, 0, 0, 0, 0, 0, 0, 27, 22, 161
"c:\ws-code\ws-kwik\kwik-ui\third_party\harfbuzz\src\hb-cff2-interp-cs.hh", "C++", 0, 249, 0, 0, 0, 0, 0, 0, 0, 0, 0, 0, 0, 0, 0, 0, 0, 0, 0, 0, 0, 0, 0, 0, 29, 40, 318
"c:\ws-code\ws-kwik\kwik-ui\third_party\harfbuzz\src\hb-common.cc", "C++", 0, 602, 0, 0, 0, 0, 0, 0, 0, 0, 0, 0, 0, 0, 0, 0, 0, 0, 0, 0, 0, 0, 0, 0, 476, 172, 1250
"c:\ws-code\ws-kwik\kwik-ui\third_party\harfbuzz\src\hb-common.h", "C++", 0, 177, 0, 0, 0, 0, 0, 0, 0, 0, 0, 0, 0, 0, 0, 0, 0, 0, 0, 0, 0, 0, 0, 0, 290, 68, 535
"c:\ws-code\ws-kwik\kwik-ui\third_party\harfbuzz\src\hb-config.hh", "C++", 0, 154, 0, 0, 0, 0, 0, 0, 0, 0, 0, 0, 0, 0, 0, 0, 0, 0, 0, 0, 0, 0, 0, 0, 26, 31, 211
"c:\ws-code\ws-kwik\kwik-ui\third_party\harfbuzz\src\hb-coretext-font.cc", "C++", 0, 409, 0, 0, 0, 0, 0, 0, 0, 0, 0, 0, 0, 0, 0, 0, 0, 0, 0, 0, 0, 0, 0, 0, 52, 88, 549
"c:\ws-code\ws-kwik\kwik-ui\third_party\harfbuzz\src\hb-coretext-shape.cc", "C++", 0, 663, 0, 0, 0, 0, 0, 0, 0, 0, 0, 0, 0, 0, 0, 0, 0, 0, 0, 0, 0, 0, 0, 0, 123, 103, 889
"c:\ws-code\ws-kwik\kwik-ui\third_party\harfbuzz\src\hb-coretext.cc", "C++", 0, 359, 0, 0, 0, 0, 0, 0, 0, 0, 0, 0, 0, 0, 0, 0, 0, 0, 0, 0, 0, 0, 0, 0, 149, 71, 579
"c:\ws-code\ws-kwik\kwik-ui\third_party\harfbuzz\src\hb-coretext.h", "C++", 0, 32, 0, 0, 0, 0, 0, 0, 0, 0, 0, 0, 0, 0, 0, 0, 0, 0, 0, 0, 0, 0, 0, 0, 55, 21, 108
"c:\ws-code\ws-kwik\kwik-ui\third_party\harfbuzz\src\hb-coretext.hh", "C++", 0, 14, 0, 0, 0, 0, 0, 0, 0, 0, 0, 0, 0, 0, 0, 0, 0, 0, 0, 0, 0, 0, 0, 0, 27, 13, 54
"c:\ws-code\ws-kwik\kwik-ui\third_party\harfbuzz\src\hb-cplusplus.hh", "C++", 0, 149, 0, 0, 0, 0, 0, 0, 0, 0, 0, 0, 0, 0, 0, 0, 0, 0, 0, 0, 0, 0, 0, 0, 28, 56, 233
"c:\ws-code\ws-kwik\kwik-ui\third_party\harfbuzz\src\hb-debug.hh", "C++", 0, 347, 0, 0, 0, 0, 0, 0, 0, 0, 0, 0, 0, 0, 0, 0, 0, 0, 0, 0, 0, 0, 0, 0, 46, 61, 454
"c:\ws-code\ws-kwik\kwik-ui\third_party\harfbuzz\src\hb-decycler.hh", "C++", 0, 62, 0, 0, 0, 0, 0, 0, 0, 0, 0, 0, 0, 0, 0, 0, 0, 0, 0, 0, 0, 0, 0, 0, 79, 24, 165
"c:\ws-code\ws-kwik\kwik-ui\third_party\harfbuzz\src\hb-deprecated.h", "C++", 0, 93, 0, 0, 0, 0, 0, 0, 0, 0, 0, 0, 0, 0, 0, 0, 0, 0, 0, 0, 0, 0, 0, 0, 263, 41, 397
"c:\ws-code\ws-kwik\kwik-ui\third_party\harfbuzz\src\hb-directwrite-font.cc", "C++", 0, 271, 0, 0, 0, 0, 0, 0, 0, 0, 0, 0, 0, 0, 0, 0, 0, 0, 0, 0, 0, 0, 0, 0, 47, 75, 393
"c:\ws-code\ws-kwik\kwik-ui\third_party\harfbuzz\src\hb-directwrite-shape.cc", "C++", 0, 457, 0, 0, 0, 0, 0, 0, 0, 0, 0, 0, 0, 0, 0, 0, 0, 0, 0, 0, 0, 0, 0, 0, 96, 104, 657
"c:\ws-code\ws-kwik\kwik-ui\third_party\harfbuzz\src\hb-directwrite.cc", "C++", 0, 282, 0, 0, 0, 0, 0, 0, 0, 0, 0, 0, 0, 0, 0, 0, 0, 0, 0, 0, 0, 0, 0, 0, 128, 67, 477
"c:\ws-code\ws-kwik\kwik-ui\third_party\harfbuzz\src\hb-directwrite.h", "C++", 0, 31, 0, 0, 0, 0, 0, 0, 0, 0, 0, 0, 0, 0, 0, 0, 0, 0, 0, 0, 0, 0, 0, 0, 23, 18, 72
"c:\ws-code\ws-kwik\kwik-ui\third_party\harfbuzz\src\hb-directwrite.hh", "C++", 0, 155, 0, 0, 0, 0, 0, 0, 0, 0, 0, 0, 0, 0, 0, 0, 0, 0, 0, 0, 0, 0, 0, 0, 35, 34, 224
"c:\ws-code\ws-kwik\kwik-ui\third_party\harfbuzz\src\hb-dispatch.hh", "C++", 0, 23, 0, 0, 0, 0, 0, 0, 0, 0, 0, 0, 0, 0, 0, 0, 0, 0, 0, 0, 0, 0, 0, 0, 31, 7, 61
"c:\ws-code\ws-kwik\kwik-ui\third_party\harfbuzz\src\hb-draw.cc", "C++", 0, 457, 0, 0, 0, 0, 0, 0, 0, 0, 0, 0, 0, 0, 0, 0, 0, 0, 0, 0, 0, 0, 0, 0, 281, 78, 816
"c:\ws-code\ws-kwik\kwik-ui\third_party\harfbuzz\src\hb-draw.h", "C++", 0, 132, 0, 0, 0, 0, 0, 0, 0, 0, 0, 0, 0, 0, 0, 0, 0, 0, 0, 0, 0, 0, 0, 0, 211, 50, 393
"c:\ws-code\ws-kwik\kwik-ui\third_party\harfbuzz\src\hb-draw.hh", "C++", 0, 173, 0, 0, 0, 0, 0, 0, 0, 0, 0, 0, 0, 0, 0, 0, 0, 0, 0, 0, 0, 0, 0, 0, 27, 34, 234
"c:\ws-code\ws-kwik\kwik-ui\third_party\harfbuzz\src\hb-face-builder.cc", "C++", 0, 169, 0, 0, 0, 0, 0, 0, 0, 0, 0, 0, 0, 0, 0, 0, 0, 0, 0, 0, 0, 0, 0, 0, 69, 57, 295
"c:\ws-code\ws-kwik\kwik-ui\third_party\harfbuzz\src\hb-face.cc", "C++", 0, 479, 0, 0, 0, 0, 0, 0, 0, 0, 0, 0, 0, 0, 0, 0, 0, 0, 0, 0, 0, 0, 0, 0, 424, 113, 1016
"c:\ws-code\ws-kwik\kwik-ui\third_party\harfbuzz\src\hb-face.h", "C++", 0, 116, 0, 0, 0, 0, 0, 0, 0, 0, 0, 0, 0, 0, 0, 0, 0, 0, 0, 0, 0, 0, 0, 0, 73, 54, 243
"c:\ws-code\ws-kwik\kwik-ui\third_party\harfbuzz\src\hb-face.hh", "C++", 0, 63, 0, 0, 0, 0, 0, 0, 0, 0, 0, 0, 0, 0, 0, 0, 0, 0, 0, 0, 0, 0, 0, 0, 31, 22, 116
"c:\ws-code\ws-kwik\kwik-ui\third_party\harfbuzz\src\hb-fallback-shape.cc", "C++", 0, 61, 0, 0, 0, 0, 0, 0, 0, 0, 0, 0, 0, 0, 0, 0, 0, 0, 0, 0, 0, 0, 0, 0, 34, 21, 116
"c:\ws-code\ws-kwik\kwik-ui\third_party\harfbuzz\src\hb-font.cc", "C++", 0, 2011, 0, 0, 0, 0, 0, 0, 0, 0, 0, 0, 0, 0, 0, 0, 0, 0, 0, 0, 0, 0, 0, 0, 1268, 335, 3614
"c:\ws-code\ws-kwik\kwik-ui\third_party\harfbuzz\src\hb-font.h", "C++", 0, 487, 0, 0, 0, 0, 0, 0, 0, 0, 0, 0, 0, 0, 0, 0, 0, 0, 0, 0, 0, 0, 0, 0, 663, 140, 1290
"c:\ws-code\ws-kwik\kwik-ui\third_party\harfbuzz\src\hb-font.hh", "C++", 0, 947, 0, 0, 0, 0, 0, 0, 0, 0, 0, 0, 0, 0, 0, 0, 0, 0, 0, 0, 0, 0, 0, 0, 75, 155, 1177
"c:\ws-code\ws-kwik\kwik-ui\third_party\harfbuzz\src\hb-fontations.h", "C++", 0, 8, 0, 0, 0, 0, 0, 0, 0, 0, 0, 0, 0, 0, 0, 0, 0, 0, 0, 0, 0, 0, 0, 0, 41, 8, 57
"c:\ws-code\ws-kwik\kwik-ui\third_party\harfbuzz\src\hb-free-pool.hh", "C++", 0, 53, 0, 0, 0, 0, 0, 0, 0, 0, 0, 0, 0, 0, 0, 0, 0, 0, 0, 0, 0, 0, 0, 0, 35, 20, 108
"c:\ws-code\ws-kwik\kwik-ui\third_party\harfbuzz\src\hb-ft-colr.hh", "C++", 0, 501, 0, 0, 0, 0, 0, 0, 0, 0, 0, 0, 0, 0, 0, 0, 0, 0, 0, 0, 0, 0, 0, 0, 34, 66, 601
"c:\ws-code\ws-kwik\kwik-ui\third_party\harfbuzz\src\hb-ft.cc", "C++", 0, 1128, 0, 0, 0, 0, 0, 0, 0, 0, 0, 0, 0, 0, 0, 0, 0, 0, 0, 0, 0, 0, 0, 0, 385, 248, 1761
"c:\ws-code\ws-kwik\kwik-ui\third_party\harfbuzz\src\hb-ft.h", "C++", 0, 47, 0, 0, 0, 0, 0, 0, 0, 0, 0, 0, 0, 0, 0, 0, 0, 0, 0, 0, 0, 0, 0, 0, 84, 29, 160
"c:\ws-code\ws-kwik\kwik-ui\third_party\harfbuzz\src\hb-gdi.cc", "C++", 0, 31, 0, 0, 0, 0, 0, 0, 0, 0, 0, 0, 0, 0, 0, 0, 0, 0, 0, 0, 0, 0, 0, 0, 41, 14, 86
"c:\ws-code\ws-kwik\kwik-ui\third_party\harfbuzz\src\hb-gdi.h", "C++", 0, 9, 0, 0, 0, 0, 0, 0, 0, 0, 0, 0, 0, 0, 0, 0, 0, 0, 0, 0, 0, 0, 0, 0, 23, 8, 40
"c:\ws-code\ws-kwik\kwik-ui\third_party\harfbuzz\src\hb-geometry.hh", "C++", 0, 343, 0, 0, 0, 0, 0, 0, 0, 0, 0, 0, 0, 0, 0, 0, 0, 0, 0, 0, 0, 0, 0, 0, 25, 49, 417
"c:\ws-code\ws-kwik\kwik-ui\third_party\harfbuzz\src\hb-glib.cc", "C++", 0, 107, 0, 0, 0, 0, 0, 0, 0, 0, 0, 0, 0, 0, 0, 0, 0, 0, 0, 0, 0, 0, 0, 0, 83, 35, 225
"c:\ws-code\ws-kwik\kwik-ui\third_party\harfbuzz\src\hb-glib.h", "C++", 0, 17, 0, 0, 0, 0, 0, 0, 0, 0, 0, 0, 0, 0, 0, 0, 0, 0, 0, 0, 0, 0, 0, 0, 27, 13, 57
"c:\ws-code\ws-kwik\kwik-ui\third_party\harfbuzz\src\hb-gobject-structs.cc", "C++", 0, 52, 0, 0, 0, 0, 0, 0, 0, 0, 0, 0, 0, 0, 0, 0, 0, 0, 0, 0, 0, 0, 0, 0, 44, 15, 111
"c:\ws-code\ws-kwik\kwik-ui\third_party\harfbuzz\src\hb-gobject-structs.h", "C++", 0, 76, 0, 0, 0, 0, 0, 0, 0, 0, 0, 0, 0, 0, 0, 0, 0, 0, 0, 0, 0, 0, 0, 0, 27, 34, 137
"c:\ws-code\ws-kwik\kwik-ui\third_party\harfbuzz\src\hb-gobject.h", "C++", 0, 10, 0, 0, 0, 0, 0, 0, 0, 0, 0, 0, 0, 0, 0, 0, 0, 0, 0, 0, 0, 0, 0, 0, 25, 6, 41
"c:\ws-code\ws-kwik\kwik-ui\third_party\harfbuzz\src\hb-gpu-cu2qu.hh", "C++", 0, 115, 0, 0, 0, 0, 0, 0, 0, 0, 0, 0, 0, 0, 0, 0, 0, 0, 0, 0, 0, 0, 0, 0, 46, 33, 194
"c:\ws-code\ws-kwik\kwik-ui\third_party\harfbuzz\src\hb-gpu-draw-fragment-glsl.hh", "C++", 0, 40, 0, 0, 0, 0, 0, 0, 0, 0, 0, 0, 0, 0, 0, 0, 0, 0, 0, 0, 0, 0, 0, 0, 0, 1, 41
"c:\ws-code\ws-kwik\kwik-ui\third_party\harfbuzz\src\hb-gpu-draw-fragment-hlsl.hh", "C++", 0, 37, 0, 0, 0, 0, 0, 0, 0, 0, 0, 0, 0, 0, 0, 0, 0, 0, 0, 0, 0, 0, 0, 0, 0, 1, 38
"c:\ws-code\ws-kwik\kwik-ui\third_party\harfbuzz\src\hb-gpu-draw-fragment-msl.hh", "C++", 0, 38, 0, 0, 0, 0, 0, 0, 0, 0, 0, 0, 0, 0, 0, 0, 0, 0, 0, 0, 0, 0, 0, 0, 0, 1, 39
"c:\ws-code\ws-kwik\kwik-ui\third_party\harfbuzz\src\hb-gpu-draw-fragment-wgsl.hh", "C++", 0, 38, 0, 0, 0, 0, 0, 0, 0, 0, 0, 0, 0, 0, 0, 0, 0, 0, 0, 0, 0, 0, 0, 0, 0, 1, 39
"c:\ws-code\ws-kwik\kwik-ui\third_party\harfbuzz\src\hb-gpu-draw-fragment.glsl", "GLSL", 0, 0, 0, 0, 0, 0, 0, 0, 0, 0, 5, 0, 0, 0, 0, 0, 0, 0, 0, 0, 0, 0, 0, 0, 29, 5, 39
"c:\ws-code\ws-kwik\kwik-ui\third_party\harfbuzz\src\hb-gpu-draw-fragment.hlsl", "HLSL", 0, 0, 0, 0, 0, 0, 0, 0, 0, 0, 0, 0, 0, 0, 0, 0, 0, 5, 0, 0, 0, 0, 0, 0, 26, 5, 36
"c:\ws-code\ws-kwik\kwik-ui\third_party\harfbuzz\src\hb-gpu-draw.cc", "C++", 0, 790, 0, 0, 0, 0, 0, 0, 0, 0, 0, 0, 0, 0, 0, 0, 0, 0, 0, 0, 0, 0, 0, 0, 248, 143, 1181
"c:\ws-code\ws-kwik\kwik-ui\third_party\harfbuzz\src\hb-gpu-draw.hh", "C++", 0, 79, 0, 0, 0, 0, 0, 0, 0, 0, 0, 0, 0, 0, 0, 0, 0, 0, 0, 0, 0, 0, 0, 0, 31, 21, 131
"c:\ws-code\ws-kwik\kwik-ui\third_party\harfbuzz\src\hb-gpu-fragment-glsl.hh", "C++", 0, 341, 0, 0, 0, 0, 0, 0, 0, 0, 0, 0, 0, 0, 0, 0, 0, 0, 0, 0, 0, 0, 0, 0, 0, 1, 342
"c:\ws-code\ws-kwik\kwik-ui\third_party\harfbuzz\src\hb-gpu-fragment-hlsl.hh", "C++", 0, 316, 0, 0, 0, 0, 0, 0, 0, 0, 0, 0, 0, 0, 0, 0, 0, 0, 0, 0, 0, 0, 0, 0, 0, 1, 317
"c:\ws-code\ws-kwik\kwik-ui\third_party\harfbuzz\src\hb-gpu-fragment-msl.hh", "C++", 0, 322, 0, 0, 0, 0, 0, 0, 0, 0, 0, 0, 0, 0, 0, 0, 0, 0, 0, 0, 0, 0, 0, 0, 0, 1, 323
"c:\ws-code\ws-kwik\kwik-ui\third_party\harfbuzz\src\hb-gpu-fragment-wgsl.hh", "C++", 0, 331, 0, 0, 0, 0, 0, 0, 0, 0, 0, 0, 0, 0, 0, 0, 0, 0, 0, 0, 0, 0, 0, 0, 0, 1, 332
"c:\ws-code\ws-kwik\kwik-ui\third_party\harfbuzz\src\hb-gpu-fragment.glsl", "GLSL", 0, 0, 0, 0, 0, 0, 0, 0, 0, 0, 217, 0, 0, 0, 0, 0, 0, 0, 0, 0, 0, 0, 0, 0, 64, 59, 340
"c:\ws-code\ws-kwik\kwik-ui\third_party\harfbuzz\src\hb-gpu-fragment.hlsl", "HLSL", 0, 0, 0, 0, 0, 0, 0, 0, 0, 0, 0, 0, 0, 0, 0, 0, 0, 205, 0, 0, 0, 0, 0, 0, 52, 58, 315
"c:\ws-code\ws-kwik\kwik-ui\third_party\harfbuzz\src\hb-gpu-paint-fragment-glsl.hh", "C++", 0, 409, 0, 0, 0, 0, 0, 0, 0, 0, 0, 0, 0, 0, 0, 0, 0, 0, 0, 0, 0, 0, 0, 0, 0, 1, 410
"c:\ws-code\ws-kwik\kwik-ui\third_party\harfbuzz\src\hb-gpu-paint-fragment-hlsl.hh", "C++", 0, 352, 0, 0, 0, 0, 0, 0, 0, 0, 0, 0, 0, 0, 0, 0, 0, 0, 0, 0, 0, 0, 0, 0, 0, 1, 353
"c:\ws-code\ws-kwik\kwik-ui\third_party\harfbuzz\src\hb-gpu-paint-fragment-msl.hh", "C++", 0, 378, 0, 0, 0, 0, 0, 0, 0, 0, 0, 0, 0, 0, 0, 0, 0, 0, 0, 0, 0, 0, 0, 0, 0, 1, 379
"c:\ws-code\ws-kwik\kwik-ui\third_party\harfbuzz\src\hb-gpu-paint-fragment-wgsl.hh", "C++", 0, 375, 0, 0, 0, 0, 0, 0, 0, 0, 0, 0, 0, 0, 0, 0, 0, 0, 0, 0, 0, 0, 0, 0, 0, 1, 376
"c:\ws-code\ws-kwik\kwik-ui\third_party\harfbuzz\src\hb-gpu-paint-fragment.glsl", "GLSL", 0, 0, 0, 0, 0, 0, 0, 0, 0, 0, 275, 0, 0, 0, 0, 0, 0, 0, 0, 0, 0, 0, 0, 0, 98, 35, 408
"c:\ws-code\ws-kwik\kwik-ui\third_party\harfbuzz\src\hb-gpu-paint-fragment.hlsl", "HLSL", 0, 0, 0, 0, 0, 0, 0, 0, 0, 0, 0, 0, 0, 0, 0, 0, 0, 270, 0, 0, 0, 0, 0, 0, 49, 32, 351
"c:\ws-code\ws-kwik\kwik-ui\third_party\harfbuzz\src\hb-gpu-paint.cc", "C++", 0, 1051, 0, 0, 0, 0, 0, 0, 0, 0, 0, 0, 0, 0, 0, 0, 0, 0, 0, 0, 0, 0, 0, 0, 437, 129, 1617
"c:\ws-code\ws-kwik\kwik-ui\third_party\harfbuzz\src\hb-gpu-paint.hh", "C++", 0, 53, 0, 0, 0, 0, 0, 0, 0, 0, 0, 0, 0, 0, 0, 0, 0, 0, 0, 0, 0, 0, 0, 0, 264, 23, 340
"c:\ws-code\ws-kwik\kwik-ui\third_party\harfbuzz\src\hb-gpu-vertex-glsl.hh", "C++", 0, 72, 0, 0, 0, 0, 0, 0, 0, 0, 0, 0, 0, 0, 0, 0, 0, 0, 0, 0, 0, 0, 0, 0, 0, 1, 73
"c:\ws-code\ws-kwik\kwik-ui\third_party\harfbuzz\src\hb-gpu-vertex-hlsl.hh", "C++", 0, 67, 0, 0, 0, 0, 0, 0, 0, 0, 0, 0, 0, 0, 0, 0, 0, 0, 0, 0, 0, 0, 0, 0, 0, 1, 68
"c:\ws-code\ws-kwik\kwik-ui\third_party\harfbuzz\src\hb-gpu-vertex-msl.hh", "C++", 0, 72, 0, 0, 0, 0, 0, 0, 0, 0, 0, 0, 0, 0, 0, 0, 0, 0, 0, 0, 0, 0, 0, 0, 0, 1, 73
"c:\ws-code\ws-kwik\kwik-ui\third_party\harfbuzz\src\hb-gpu-vertex-wgsl.hh", "C++", 0, 79, 0, 0, 0, 0, 0, 0, 0, 0, 0, 0, 0, 0, 0, 0, 0, 0, 0, 0, 0, 0, 0, 0, 0, 1, 80
"c:\ws-code\ws-kwik\kwik-ui\third_party\harfbuzz\src\hb-gpu-vertex.glsl", "GLSL", 0, 0, 0, 0, 0, 0, 0, 0, 0, 0, 22, 0, 0, 0, 0, 0, 0, 0, 0, 0, 0, 0, 0, 0, 38, 11, 71
"c:\ws-code\ws-kwik\kwik-ui\third_party\harfbuzz\src\hb-gpu-vertex.hlsl", "HLSL", 0, 0, 0, 0, 0, 0, 0, 0, 0, 0, 0, 0, 0, 0, 0, 0, 0, 22, 0, 0, 0, 0, 0, 0, 33, 11, 66
"c:\ws-code\ws-kwik\kwik-ui\third_party\harfbuzz\src\hb-gpu.cc", "C++", 0, 38, 0, 0, 0, 0, 0, 0, 0, 0, 0, 0, 0, 0, 0, 0, 0, 0, 0, 0, 0, 0, 0, 0, 537, 9, 584
"c:\ws-code\ws-kwik\kwik-ui\third_party\harfbuzz\src\hb-gpu.h", "C++", 0, 131, 0, 0, 0, 0, 0, 0, 0, 0, 0, 0, 0, 0, 0, 0, 0, 0, 0, 0, 0, 0, 0, 0, 91, 57, 279
"c:\ws-code\ws-kwik\kwik-ui\third_party\harfbuzz\src\hb-graphite2.cc", "C++", 0, 306, 0, 0, 0, 0, 0, 0, 0, 0, 0, 0, 0, 0, 0, 0, 0, 0, 0, 0, 0, 0, 0, 0, 77, 69, 452
"c:\ws-code\ws-kwik\kwik-ui\third_party\harfbuzz\src\hb-graphite2.h", "C++", 0, 15, 0, 0, 0, 0, 0, 0, 0, 0, 0, 0, 0, 0, 0, 0, 0, 0, 0, 0, 0, 0, 0, 0, 33, 14, 62
"c:\ws-code\ws-kwik\kwik-ui\third_party\harfbuzz\src\hb-harfrust.cc", "C++", 0, 134, 0, 0, 0, 0, 0, 0, 0, 0, 0, 0, 0, 0, 0, 0, 0, 0, 0, 0, 0, 0, 0, 0, 39, 37, 210
"c:\ws-code\ws-kwik\kwik-ui\third_party\harfbuzz\src\hb-icu.cc", "C++", 0, 173, 0, 0, 0, 0, 0, 0, 0, 0, 0, 0, 0, 0, 0, 0, 0, 0, 0, 0, 0, 0, 0, 0, 71, 50, 294
"c:\ws-code\ws-kwik\kwik-ui\third_party\harfbuzz\src\hb-icu.h", "C++", 0, 13, 0, 0, 0, 0, 0, 0, 0, 0, 0, 0, 0, 0, 0, 0, 0, 0, 0, 0, 0, 0, 0, 0, 27, 13, 53
"c:\ws-code\ws-kwik\kwik-ui\third_party\harfbuzz\src\hb-iter.hh", "C++", 0, 784, 0, 0, 0, 0, 0, 0, 0, 0, 0, 0, 0, 0, 0, 0, 0, 0, 0, 0, 0, 0, 0, 0, 114, 141, 1039
"c:\ws-code\ws-kwik\kwik-ui\third_party\harfbuzz\src\hb-kbts.cc", "C++", 0, 246, 0, 0, 0, 0, 0, 0, 0, 0, 0, 0, 0, 0, 0, 0, 0, 0, 0, 0, 0, 0, 0, 0, 23, 57, 326
"c:\ws-code\ws-kwik\kwik-ui\third_party\harfbuzz\src\hb-kern.hh", "C++", 0, 97, 0, 0, 0, 0, 0, 0, 0, 0, 0, 0, 0, 0, 0, 0, 0, 0, 0, 0, 0, 0, 0, 0, 25, 24, 146
"c:\ws-code\ws-kwik\kwik-ui\third_party\harfbuzz\src\hb-limits.hh", "C++", 0, 82, 0, 0, 0, 0, 0, 0, 0, 0, 0, 0, 0, 0, 0, 0, 0, 0, 0, 0, 0, 0, 0, 0, 29, 31, 142
"c:\ws-code\ws-kwik\kwik-ui\third_party\harfbuzz\src\hb-machinery.hh", "C++", 0, 226, 0, 0, 0, 0, 0, 0, 0, 0, 0, 0, 0, 0, 0, 0, 0, 0, 0, 0, 0, 0, 0, 0, 62, 53, 341
"c:\ws-code\ws-kwik\kwik-ui\third_party\harfbuzz\src\hb-map.cc", "C++", 0, 131, 0, 0, 0, 0, 0, 0, 0, 0, 0, 0, 0, 0, 0, 0, 0, 0, 0, 0, 0, 0, 0, 0, 257, 32, 420
"c:\ws-code\ws-kwik\kwik-ui\third_party\harfbuzz\src\hb-map.h", "C++", 0, 71, 0, 0, 0, 0, 0, 0, 0, 0, 0, 0, 0, 0, 0, 0, 0, 0, 0, 0, 0, 0, 0, 0, 40, 33, 144
"c:\ws-code\ws-kwik\kwik-ui\third_party\harfbuzz\src\hb-map.hh", "C++", 0, 460, 0, 0, 0, 0, 0, 0, 0, 0, 0, 0, 0, 0, 0, 0, 0, 0, 0, 0, 0, 0, 0, 0, 53, 77, 590
"c:\ws-code\ws-kwik\kwik-ui\third_party\harfbuzz\src\hb-meta.hh", "C++", 0, 155, 0, 0, 0, 0, 0, 0, 0, 0, 0, 0, 0, 0, 0, 0, 0, 0, 0, 0, 0, 0, 0, 0, 39, 45, 239
"c:\ws-code\ws-kwik\kwik-ui\third_party\harfbuzz\src\hb-ms-feature-ranges.hh", "C++", 0, 167, 0, 0, 0, 0, 0, 0, 0, 0, 0, 0, 0, 0, 0, 0, 0, 0, 0, 0, 0, 0, 0, 0, 36, 30, 233
"c:\ws-code\ws-kwik\kwik-ui\third_party\harfbuzz\src\hb-multimap.hh", "C++", 0, 53, 0, 0, 0, 0, 0, 0, 0, 0, 0, 0, 0, 0, 0, 0, 0, 0, 0, 0, 0, 0, 0, 0, 26, 18, 97
"c:\ws-code\ws-kwik\kwik-ui\third_party\harfbuzz\src\hb-mutex.hh", "C++", 0, 64, 0, 0, 0, 0, 0, 0, 0, 0, 0, 0, 0, 0, 0, 0, 0, 0, 0, 0, 0, 0, 0, 0, 34, 31, 129
"c:\ws-code\ws-kwik\kwik-ui\third_party\harfbuzz\src\hb-null.hh", "C++", 0, 138, 0, 0, 0, 0, 0, 0, 0, 0, 0, 0, 0, 0, 0, 0, 0, 0, 0, 0, 0, 0, 0, 0, 56, 33, 227
"c:\ws-code\ws-kwik\kwik-ui\third_party\harfbuzz\src\hb-number-parser.hh", "C++", 0, 177, 0, 0, 0, 0, 0, 0, 0, 0, 0, 0, 0, 0, 0, 0, 0, 0, 0, 0, 0, 0, 0, 0, 26, 35, 238
"c:\ws-code\ws-kwik\kwik-ui\third_party\harfbuzz\src\hb-number.cc", "C++", 0, 51, 0, 0, 0, 0, 0, 0, 0, 0, 0, 0, 0, 0, 0, 0, 0, 0, 0, 0, 0, 0, 0, 0, 25, 11, 87
"c:\ws-code\ws-kwik\kwik-ui\third_party\harfbuzz\src\hb-number.hh", "C++", 0, 12, 0, 0, 0, 0, 0, 0, 0, 0, 0, 0, 0, 0, 0, 0, 0, 0, 0, 0, 0, 0, 0, 0, 24, 6, 42
"c:\ws-code\ws-kwik\kwik-ui\third_party\harfbuzz\src\hb-object.hh", "C++", 0, 277, 0, 0, 0, 0, 0, 0, 0, 0, 0, 0, 0, 0, 0, 0, 0, 0, 0, 0, 0, 0, 0, 0, 44, 52, 373
"c:\ws-code\ws-kwik\kwik-ui\third_party\harfbuzz\src\hb-open-file.hh", "C++", 0, 395, 0, 0, 0, 0, 0, 0, 0, 0, 0, 0, 0, 0, 0, 0, 0, 0, 0, 0, 0, 0, 0, 0, 74, 75, 544
"c:\ws-code\ws-kwik\kwik-ui\third_party\harfbuzz\src\hb-open-type.hh", "C++", 0, 1696, 0, 0, 0, 0, 0, 0, 0, 0, 0, 0, 0, 0, 0, 0, 0, 0, 0, 0, 0, 0, 0, 0, 127, 278, 2101
"c:\ws-code\ws-kwik\kwik-ui\third_party\harfbuzz\src\hb-ot-cff-common.hh", "C++", 0, 275, 0, 0, 0, 0, 0, 0, 0, 0, 0, 0, 0, 0, 0, 0, 0, 0, 0, 0, 0, 0, 0, 0, 35, 65, 375
"c:\ws-code\ws-kwik\kwik-ui\third_party\harfbuzz\src\hb-ot-cff1-std-str.hh", "C++", 0, 397, 0, 0, 0, 0, 0, 0, 0, 0, 0, 0, 0, 0, 0, 0, 0, 0, 0, 0, 0, 0, 0, 0, 25, 4, 426
"c:\ws-code\ws-kwik\kwik-ui\third_party\harfbuzz\src\hb-ot-cff1-table.cc", "C++", 0, 505, 0, 0, 0, 0, 0, 0, 0, 0, 0, 0, 0, 0, 0, 0, 0, 0, 0, 0, 0, 0, 0, 0, 37, 77, 619
"c:\ws-code\ws-kwik\kwik-ui\third_party\harfbuzz\src\hb-ot-cff1-table.hh", "C++", 0, 1286, 0, 0, 0, 0, 0, 0, 0, 0, 0, 0, 0, 0, 0, 0, 0, 0, 0, 0, 0, 0, 0, 0, 44, 211, 1541
"c:\ws-code\ws-kwik\kwik-ui\third_party\harfbuzz\src\hb-ot-cff2-table.cc", "C++", 0, 174, 0, 0, 0, 0, 0, 0, 0, 0, 0, 0, 0, 0, 0, 0, 0, 0, 0, 0, 0, 0, 0, 0, 28, 36, 238
"c:\ws-code\ws-kwik\kwik-ui\third_party\harfbuzz\src\hb-ot-cff2-table.hh", "C++", 0, 447, 0, 0, 0, 0, 0, 0, 0, 0, 0, 0, 0, 0, 0, 0, 0, 0, 0, 0, 0, 0, 0, 0, 33, 98, 578
"c:\ws-code\ws-kwik\kwik-ui\third_party\harfbuzz\src\hb-ot-cmap-table.hh", "C++", 0, 1992, 0, 0, 0, 0, 0, 0, 0, 0, 0, 0, 0, 0, 0, 0, 0, 0, 0, 0, 0, 0, 0, 0, 95, 288, 2375
"c:\ws-code\ws-kwik\kwik-ui\third_party\harfbuzz\src\hb-ot-color.cc", "C++", 0, 126, 0, 0, 0, 0, 0, 0, 0, 0, 0, 0, 0, 0, 0, 0, 0, 0, 0, 0, 0, 0, 0, 0, 268, 38, 432
"c:\ws-code\ws-kwik\kwik-ui\third_party\harfbuzz\src\hb-ot-color.h", "C++", 0, 70, 0, 0, 0, 0, 0, 0, 0, 0, 0, 0, 0, 0, 0, 0, 0, 0, 0, 0, 0, 0, 0, 0, 66, 34, 170
"c:\ws-code\ws-kwik\kwik-ui\third_party\harfbuzz\src\hb-ot-deprecated.h", "C++", 0, 56, 0, 0, 0, 0, 0, 0, 0, 0, 0, 0, 0, 0, 0, 0, 0, 0, 0, 0, 0, 0, 0, 0, 68, 24, 148
"c:\ws-code\ws-kwik\kwik-ui\third_party\harfbuzz\src\hb-ot-face-table-list.hh", "C++", 0, 93, 0, 0, 0, 0, 0, 0, 0, 0, 0, 0, 0, 0, 0, 0, 0, 0, 0, 0, 0, 0, 0, 0, 46, 22, 161
"c:\ws-code\ws-kwik\kwik-ui\third_party\harfbuzz\src\hb-ot-face.cc", "C++", 0, 33, 0, 0, 0, 0, 0, 0, 0, 0, 0, 0, 0, 0, 0, 0, 0, 0, 0, 0, 0, 0, 0, 0, 25, 5, 63
"c:\ws-code\ws-kwik\kwik-ui\third_party\harfbuzz\src\hb-ot-face.hh", "C++", 0, 35, 0, 0, 0, 0, 0, 0, 0, 0, 0, 0, 0, 0, 0, 0, 0, 0, 0, 0, 0, 0, 0, 0, 31, 12, 78
"c:\ws-code\ws-kwik\kwik-ui\third_party\harfbuzz\src\hb-ot-font.cc", "C++", 0, 840, 0, 0, 0, 0, 0, 0, 0, 0, 0, 0, 0, 0, 0, 0, 0, 0, 0, 0, 0, 0, 0, 0, 74, 118, 1032
"c:\ws-code\ws-kwik\kwik-ui\third_party\harfbuzz\src\hb-ot-font.h", "C++", 0, 11, 0, 0, 0, 0, 0, 0, 0, 0, 0, 0, 0, 0, 0, 0, 0, 0, 0, 0, 0, 0, 0, 0, 25, 10, 46
"c:\ws-code\ws-kwik\kwik-ui\third_party\harfbuzz\src\hb-ot-gasp-table.hh", "C++", 0, 41, 0, 0, 0, 0, 0, 0, 0, 0, 0, 0, 0, 0, 0, 0, 0, 0, 0, 0, 0, 0, 0, 0, 29, 15, 85
"c:\ws-code\ws-kwik\kwik-ui\third_party\harfbuzz\src\hb-ot-glyf-table.hh", "C++", 0, 4, 0, 0, 0, 0, 0, 0, 0, 0, 0, 0, 0, 0, 0, 0, 0, 0, 0, 0, 0, 0, 0, 0, 28, 4, 36
"c:\ws-code\ws-kwik\kwik-ui\third_party\harfbuzz\src\hb-ot-hdmx-table.hh", "C++", 0, 113, 0, 0, 0, 0, 0, 0, 0, 0, 0, 0, 0, 0, 0, 0, 0, 0, 0, 0, 0, 0, 0, 0, 31, 34, 178
"c:\ws-code\ws-kwik\kwik-ui\third_party\harfbuzz\src\hb-ot-head-table.hh", "C++", 0, 89, 0, 0, 0, 0, 0, 0, 0, 0, 0, 0, 0, 0, 0, 0, 0, 0, 0, 0, 0, 0, 0, 0, 94, 22, 205
"c:\ws-code\ws-kwik\kwik-ui\third_party\harfbuzz\src\hb-ot-hhea-table.hh", "C++", 0, 46, 0, 0, 0, 0, 0, 0, 0, 0, 0, 0, 0, 0, 0, 0, 0, 0, 0, 0, 0, 0, 0, 0, 46, 15, 107
"c:\ws-code\ws-kwik\kwik-ui\third_party\harfbuzz\src\hb-ot-hmtx-table.hh", "C++", 0, 321, 0, 0, 0, 0, 0, 0, 0, 0, 0, 0, 0, 0, 0, 0, 0, 0, 0, 0, 0, 0, 0, 0, 72, 69, 462
"c:\ws-code\ws-kwik\kwik-ui\third_party\harfbuzz\src\hb-ot-kern-table.hh", "C++", 0, 323, 0, 0, 0, 0, 0, 0, 0, 0, 0, 0, 0, 0, 0, 0, 0, 0, 0, 0, 0, 0, 0, 0, 40, 65, 428
"c:\ws-code\ws-kwik\kwik-ui\third_party\harfbuzz\src\hb-ot-layout-base-table.hh", "C++", 0, 646, 0, 0, 0, 0, 0, 0, 0, 0, 0, 0, 0, 0, 0, 0, 0, 0, 0, 0, 0, 0, 0, 0, 73, 131, 850
"c:\ws-code\ws-kwik\kwik-ui\third_party\harfbuzz\src\hb-ot-layout-common.hh", "C++", 0, 4127, 0, 0, 0, 0, 0, 0, 0, 0, 0, 0, 0, 0, 0, 0, 0, 0, 0, 0, 0, 0, 0, 0, 278, 678, 5083
"c:\ws-code\ws-kwik\kwik-ui\third_party\harfbuzz\src\hb-ot-layout-gdef-table.hh", "C++", 0, 4, 0, 0, 0, 0, 0, 0, 0, 0, 0, 0, 0, 0, 0, 0, 0, 0, 0, 0, 0, 0, 0, 0, 27, 4, 35
"c:\ws-code\ws-kwik\kwik-ui\third_party\harfbuzz\src\hb-ot-layout-gpos-table.hh", "C++", 0, 46, 0, 0, 0, 0, 0, 0, 0, 0, 0, 0, 0, 0, 0, 0, 0, 0, 0, 0, 0, 0, 0, 0, 29, 15, 90
"c:\ws-code\ws-kwik\kwik-ui\third_party\harfbuzz\src\hb-ot-layout-gsub-table.hh", "C++", 0, 57, 0, 0, 0, 0, 0, 0, 0, 0, 0, 0, 0, 0, 0, 0, 0, 0, 0, 0, 0, 0, 0, 0, 29, 17, 103
"c:\ws-code\ws-kwik\kwik-ui\third_party\harfbuzz\src\hb-ot-layout-gsubgpos.hh", "C++", 0, 4113, 0, 0, 0, 0, 0, 0, 0, 0, 0, 0, 0, 0, 0, 0, 0, 0, 0, 0, 0, 0, 0, 0, 285, 665, 5063
"c:\ws-code\ws-kwik\kwik-ui\third_party\harfbuzz\src\hb-ot-layout-jstf-table.hh", "C++", 0, 127, 0, 0, 0, 0, 0, 0, 0, 0, 0, 0, 0, 0, 0, 0, 0, 0, 0, 0, 0, 0, 0, 0, 72, 38, 237
"c:\ws-code\ws-kwik\kwik-ui\third_party\harfbuzz\src\hb-ot-layout.cc", "C++", 0, 1513, 0, 0, 0, 0, 0, 0, 0, 0, 0, 0, 0, 0, 0, 0, 0, 0, 0, 0, 0, 0, 0, 0, 1020, 252, 2785
"c:\ws-code\ws-kwik\kwik-ui\third_party\harfbuzz\src\hb-ot-layout.h", "C++", 0, 315, 0, 0, 0, 0, 0, 0, 0, 0, 0, 0, 0, 0, 0, 0, 0, 0, 0, 0, 0, 0, 0, 0, 161, 80, 556
"c:\ws-code\ws-kwik\kwik-ui\third_party\harfbuzz\src\hb-ot-layout.hh", "C++", 0, 454, 0, 0, 0, 0, 0, 0, 0, 0, 0, 0, 0, 0, 0, 0, 0, 0, 0, 0, 0, 0, 0, 0, 114, 95, 663
"c:\ws-code\ws-kwik\kwik-ui\third_party\harfbuzz\src\hb-ot-map.cc", "C++", 0, 313, 0, 0, 0, 0, 0, 0, 0, 0, 0, 0, 0, 0, 0, 0, 0, 0, 0, 0, 0, 0, 0, 0, 42, 54, 409
"c:\ws-code\ws-kwik\kwik-ui\third_party\harfbuzz\src\hb-ot-map.hh", "C++", 0, 214, 0, 0, 0, 0, 0, 0, 0, 0, 0, 0, 0, 0, 0, 0, 0, 0, 0, 0, 0, 0, 0, 0, 29, 59, 302
"c:\ws-code\ws-kwik\kwik-ui\third_party\harfbuzz\src\hb-ot-math-table.hh", "C++", 0, 854, 0, 0, 0, 0, 0, 0, 0, 0, 0, 0, 0, 0, 0, 0, 0, 0, 0, 0, 0, 0, 0, 0, 119, 180, 1153
"c:\ws-code\ws-kwik\kwik-ui\third_party\harfbuzz\src\hb-ot-math.cc", "C++", 0, 104, 0, 0, 0, 0, 0, 0, 0, 0, 0, 0, 0, 0, 0, 0, 0, 0, 0, 0, 0, 0, 0, 0, 229, 20, 353
"c:\ws-code\ws-kwik\kwik-ui\third_party\harfbuzz\src\hb-ot-math.h", "C++", 0, 137, 0, 0, 0, 0, 0, 0, 0, 0, 0, 0, 0, 0, 0, 0, 0, 0, 0, 0, 0, 0, 0, 0, 167, 30, 334
"c:\ws-code\ws-kwik\kwik-ui\third_party\harfbuzz\src\hb-ot-maxp-table.hh", "C++", 0, 95, 0, 0, 0, 0, 0, 0, 0, 0, 0, 0, 0, 0, 0, 0, 0, 0, 0, 0, 0, 0, 0, 0, 36, 26, 157
"c:\ws-code\ws-kwik\kwik-ui\third_party\harfbuzz\src\hb-ot-meta-table.hh", "C++", 0, 75, 0, 0, 0, 0, 0, 0, 0, 0, 0, 0, 0, 0, 0, 0, 0, 0, 0, 0, 0, 0, 0, 0, 34, 23, 132
"c:\ws-code\ws-kwik\kwik-ui\third_party\harfbuzz\src\hb-ot-meta.cc", "C++", 0, 17, 0, 0, 0, 0, 0, 0, 0, 0, 0, 0, 0, 0, 0, 0, 0, 0, 0, 0, 0, 0, 0, 0, 55, 8, 80
"c:\ws-code\ws-kwik\kwik-ui\third_party\harfbuzz\src\hb-ot-meta.h", "C++", 0, 21, 0, 0, 0, 0, 0, 0, 0, 0, 0, 0, 0, 0, 0, 0, 0, 0, 0, 0, 0, 0, 0, 0, 41, 11, 73
"c:\ws-code\ws-kwik\kwik-ui\third_party\harfbuzz\src\hb-ot-metrics.cc", "C++", 0, 293, 0, 0, 0, 0, 0, 0, 0, 0, 0, 0, 0, 0, 0, 0, 0, 0, 0, 0, 0, 0, 0, 0, 93, 51, 437
"c:\ws-code\ws-kwik\kwik-ui\third_party\harfbuzz\src\hb-ot-metrics.h", "C++", 0, 55, 0, 0, 0, 0, 0, 0, 0, 0, 0, 0, 0, 0, 0, 0, 0, 0, 0, 0, 0, 0, 0, 0, 60, 15, 130
"c:\ws-code\ws-kwik\kwik-ui\third_party\harfbuzz\src\hb-ot-metrics.hh", "C++", 0, 8, 0, 0, 0, 0, 0, 0, 0, 0, 0, 0, 0, 0, 0, 0, 0, 0, 0, 0, 0, 0, 0, 0, 23, 5, 36
"c:\ws-code\ws-kwik\kwik-ui\third_party\harfbuzz\src\hb-ot-name-language-static.hh", "C++", 0, 403, 0, 0, 0, 0, 0, 0, 0, 0, 0, 0, 0, 0, 0, 0, 0, 0, 0, 0, 0, 0, 0, 0, 39, 15, 457
"c:\ws-code\ws-kwik\kwik-ui\third_party\harfbuzz\src\hb-ot-name-language.hh", "C++", 0, 8, 0, 0, 0, 0, 0, 0, 0, 0, 0, 0, 0, 0, 0, 0, 0, 0, 0, 0, 0, 0, 0, 0, 25, 8, 41
"c:\ws-code\ws-kwik\kwik-ui\third_party\harfbuzz\src\hb-ot-name-table.hh", "C++", 0, 4, 0, 0, 0, 0, 0, 0, 0, 0, 0, 0, 0, 0, 0, 0, 0, 0, 0, 0, 0, 0, 0, 0, 25, 4, 33
"c:\ws-code\ws-kwik\kwik-ui\third_party\harfbuzz\src\hb-ot-name.cc", "C++", 0, 70, 0, 0, 0, 0, 0, 0, 0, 0, 0, 0, 0, 0, 0, 0, 0, 0, 0, 0, 0, 0, 0, 0, 96, 19, 185
"c:\ws-code\ws-kwik\kwik-ui\third_party\harfbuzz\src\hb-ot-name.h", "C++", 0, 65, 0, 0, 0, 0, 0, 0, 0, 0, 0, 0, 0, 0, 0, 0, 0, 0, 0, 0, 0, 0, 0, 0, 82, 18, 165
"c:\ws-code\ws-kwik\kwik-ui\third_party\harfbuzz\src\hb-ot-os2-table.hh", "C++", 0, 312, 0, 0, 0, 0, 0, 0, 0, 0, 0, 0, 0, 0, 0, 0, 0, 0, 0, 0, 0, 0, 0, 0, 42, 52, 406
"c:\ws-code\ws-kwik\kwik-ui\third_party\harfbuzz\src\hb-ot-os2-unicode-ranges.hh", "C++", 0, 192, 0, 0, 0, 0, 0, 0, 0, 0, 0, 0, 0, 0, 0, 0, 0, 0, 0, 0, 0, 0, 0, 0, 30, 10, 232
"c:\ws-code\ws-kwik\kwik-ui\third_party\harfbuzz\src\hb-ot-post-macroman.hh", "C++", 0, 264, 0, 0, 0, 0, 0, 0, 0, 0, 0, 0, 0, 0, 0, 0, 0, 0, 0, 0, 0, 0, 0, 0, 25, 6, 295
"c:\ws-code\ws-kwik\kwik-ui\third_party\harfbuzz\src\hb-ot-post-table-v2subset.hh", "C++", 0, 101, 0, 0, 0, 0, 0, 0, 0, 0, 0, 0, 0, 0, 0, 0, 0, 0, 0, 0, 0, 0, 0, 0, 30, 21, 152
"c:\ws-code\ws-kwik\kwik-ui\third_party\harfbuzz\src\hb-ot-post-table.hh", "C++", 0, 230, 0, 0, 0, 0, 0, 0, 0, 0, 0, 0, 0, 0, 0, 0, 0, 0, 0, 0, 0, 0, 0, 0, 58, 64, 352
"c:\ws-code\ws-kwik\kwik-ui\third_party\harfbuzz\src\hb-ot-shape-fallback.cc", "C++", 0, 481, 0, 0, 0, 0, 0, 0, 0, 0, 0, 0, 0, 0, 0, 0, 0, 0, 0, 0, 0, 0, 0, 0, 59, 94, 634
"c:\ws-code\ws-kwik\kwik-ui\third_party\harfbuzz\src\hb-ot-shape-fallback.hh", "C++", 0, 18, 0, 0, 0, 0, 0, 0, 0, 0, 0, 0, 0, 0, 0, 0, 0, 0, 0, 0, 0, 0, 0, 0, 25, 12, 55
"c:\ws-code\ws-kwik\kwik-ui\third_party\harfbuzz\src\hb-ot-shape-normalize.cc", "C++", 0, 315, 0, 0, 0, 0, 0, 0, 0, 0, 0, 0, 0, 0, 0, 0, 0, 0, 0, 0, 0, 0, 0, 0, 102, 65, 482
"c:\ws-code\ws-kwik\kwik-ui\third_party\harfbuzz\src\hb-ot-shape-normalize.hh", "C++", 0, 62, 0, 0, 0, 0, 0, 0, 0, 0, 0, 0, 0, 0, 0, 0, 0, 0, 0, 0, 0, 0, 0, 0, 26, 16, 104
"c:\ws-code\ws-kwik\kwik-ui\third_party\harfbuzz\src\hb-ot-shape.cc", "C++", 0, 915, 0, 0, 0, 0, 0, 0, 0, 0, 0, 0, 0, 0, 0, 0, 0, 0, 0, 0, 0, 0, 0, 0, 214, 219, 1348
"c:\ws-code\ws-kwik\kwik-ui\third_party\harfbuzz\src\hb-ot-shape.h", "C++", 0, 27, 0, 0, 0, 0, 0, 0, 0, 0, 0, 0, 0, 0, 0, 0, 0, 0, 0, 0, 0, 0, 0, 0, 36, 12, 75
"c:\ws-code\ws-kwik\kwik-ui\third_party\harfbuzz\src\hb-ot-shape.hh", "C++", 0, 116, 0, 0, 0, 0, 0, 0, 0, 0, 0, 0, 0, 0, 0, 0, 0, 0, 0, 0, 0, 0, 0, 0, 26, 23, 165
"c:\ws-code\ws-kwik\kwik-ui\third_party\harfbuzz\src\hb-ot-shaper-arabic-fallback.hh", "C++", 0, 283, 0, 0, 0, 0, 0, 0, 0, 0, 0, 0, 0, 0, 0, 0, 0, 0, 0, 0, 0, 0, 0, 0, 45, 58, 386
"c:\ws-code\ws-kwik\kwik-ui\third_party\harfbuzz\src\hb-ot-shaper-arabic-joining-list.hh", "C++", 0, 26, 0, 0, 0, 0, 0, 0, 0, 0, 0, 0, 0, 0, 0, 0, 0, 0, 0, 0, 0, 0, 0, 0, 15, 7, 48
"c:\ws-code\ws-kwik\kwik-ui\third_party\harfbuzz\src\hb-ot-shaper-arabic-pua.hh", "C++", 0, 97, 0, 0, 0, 0, 0, 0, 0, 0, 0, 0, 0, 0, 0, 0, 0, 0, 0, 0, 0, 0, 0, 0, 10, 8, 115
"c:\ws-code\ws-kwik\kwik-ui\third_party\harfbuzz\src\hb-ot-shaper-arabic-table.hh", "C++", 0, 384, 0, 0, 0, 0, 0, 0, 0, 0, 0, 0, 0, 0, 0, 0, 0, 0, 0, 0, 0, 0, 0, 0, 16, 19, 419
"c:\ws-code\ws-kwik\kwik-ui\third_party\harfbuzz\src\hb-ot-shaper-arabic-win1256.hh", "C++", 0, 211, 0, 0, 0, 0, 0, 0, 0, 0, 0, 0, 0, 0, 0, 0, 0, 0, 0, 0, 0, 0, 0, 0, 87, 52, 350
"c:\ws-code\ws-kwik\kwik-ui\third_party\harfbuzz\src\hb-ot-shaper-arabic.cc", "C++", 0, 558, 0, 0, 0, 0, 0, 0, 0, 0, 0, 0, 0, 0, 0, 0, 0, 0, 0, 0, 0, 0, 0, 0, 116, 124, 798
"c:\ws-code\ws-kwik\kwik-ui\third_party\harfbuzz\src\hb-ot-shaper-arabic.hh", "C++", 0, 14, 0, 0, 0, 0, 0, 0, 0, 0, 0, 0, 0, 0, 0, 0, 0, 0, 0, 0, 0, 0, 0, 0, 27, 10, 51
"c:\ws-code\ws-kwik\kwik-ui\third_party\harfbuzz\src\hb-ot-shaper-default.cc", "C++", 0, 40, 0, 0, 0, 0, 0, 0, 0, 0, 0, 0, 0, 0, 0, 0, 0, 0, 0, 0, 0, 0, 0, 0, 27, 9, 76
"c:\ws-code\ws-kwik\kwik-ui\third_party\harfbuzz\src\hb-ot-shaper-hangul.cc", "C++", 0, 271, 0, 0, 0, 0, 0, 0, 0, 0, 0, 0, 0, 0, 0, 0, 0, 0, 0, 0, 0, 0, 0, 0, 114, 50, 435
"c:\ws-code\ws-kwik\kwik-ui\third_party\harfbuzz\src\hb-ot-shaper-hebrew.cc", "C++", 0, 162, 0, 0, 0, 0, 0, 0, 0, 0, 0, 0, 0, 0, 0, 0, 0, 0, 0, 0, 0, 0, 0, 0, 32, 18, 212
"c:\ws-code\ws-kwik\kwik-ui\third_party\harfbuzz\src\hb-ot-shaper-indic-machine.hh", "C++", 0, 1228, 0, 0, 0, 0, 0, 0, 0, 0, 0, 0, 0, 0, 0, 0, 0, 0, 0, 0, 0, 0, 0, 0, 26, 49, 1303
"c:\ws-code\ws-kwik\kwik-ui\third_party\harfbuzz\src\hb-ot-shaper-indic-table.cc", "C++", 0, 252, 0, 0, 0, 0, 0, 0, 0, 0, 0, 0, 0, 0, 0, 0, 0, 0, 0, 0, 0, 0, 0, 0, 20, 23, 295
"c:\ws-code\ws-kwik\kwik-ui\third_party\harfbuzz\src\hb-ot-shaper-indic.cc", "C++", 0, 916, 0, 0, 0, 0, 0, 0, 0, 0, 0, 0, 0, 0, 0, 0, 0, 0, 0, 0, 0, 0, 0, 0, 444, 177, 1537
"c:\ws-code\ws-kwik\kwik-ui\third_party\harfbuzz\src\hb-ot-shaper-indic.hh", "C++", 0, 24, 0, 0, 0, 0, 0, 0, 0, 0, 0, 0, 0, 0, 0, 0, 0, 0, 0, 0, 0, 0, 0, 0, 26, 17, 67
"c:\ws-code\ws-kwik\kwik-ui\third_party\harfbuzz\src\hb-ot-shaper-khmer-machine.hh", "C++", 0, 354, 0, 0, 0, 0, 0, 0, 0, 0, 0, 0, 0, 0, 0, 0, 0, 0, 0, 0, 0, 0, 0, 0, 26, 49, 429
"c:\ws-code\ws-kwik\kwik-ui\third_party\harfbuzz\src\hb-ot-shaper-khmer.cc", "C++", 0, 237, 0, 0, 0, 0, 0, 0, 0, 0, 0, 0, 0, 0, 0, 0, 0, 0, 0, 0, 0, 0, 0, 0, 87, 58, 382
"c:\ws-code\ws-kwik\kwik-ui\third_party\harfbuzz\src\hb-ot-shaper-myanmar-machine.hh", "C++", 0, 609, 0, 0, 0, 0, 0, 0, 0, 0, 0, 0, 0, 0, 0, 0, 0, 0, 0, 0, 0, 0, 0, 0, 26, 49, 684
"c:\ws-code\ws-kwik\kwik-ui\third_party\harfbuzz\src\hb-ot-shaper-myanmar.cc", "C++", 0, 275, 0, 0, 0, 0, 0, 0, 0, 0, 0, 0, 0, 0, 0, 0, 0, 0, 0, 0, 0, 0, 0, 0, 62, 54, 391
"c:\ws-code\ws-kwik\kwik-ui\third_party\harfbuzz\src\hb-ot-shaper-syllabic.cc", "C++", 0, 70, 0, 0, 0, 0, 0, 0, 0, 0, 0, 0, 0, 0, 0, 0, 0, 0, 0, 0, 0, 0, 0, 0, 24, 19, 113
"c:\ws-code\ws-kwik\kwik-ui\third_party\harfbuzz\src\hb-ot-shaper-syllabic.hh", "C++", 0, 16, 0, 0, 0, 0, 0, 0, 0, 0, 0, 0, 0, 0, 0, 0, 0, 0, 0, 0, 0, 0, 0, 0, 23, 9, 48
"c:\ws-code\ws-kwik\kwik-ui\third_party\harfbuzz\src\hb-ot-shaper-thai.cc", "C++", 0, 263, 0, 0, 0, 0, 0, 0, 0, 0, 0, 0, 0, 0, 0, 0, 0, 0, 0, 0, 0, 0, 0, 0, 81, 48, 392
"c:\ws-code\ws-kwik\kwik-ui\third_party\harfbuzz\src\hb-ot-shaper-use-machine.hh", "C++", 0, 1028, 0, 0, 0, 0, 0, 0, 0, 0, 0, 0, 0, 0, 0, 0, 0, 0, 0, 0, 0, 0, 0, 0, 28, 57, 1113
"c:\ws-code\ws-kwik\kwik-ui\third_party\harfbuzz\src\hb-ot-shaper-use-table.hh", "C++", 0, 652, 0, 0, 0, 0, 0, 0, 0, 0, 0, 0, 0, 0, 0, 0, 0, 0, 0, 0, 0, 0, 0, 0, 47, 21, 720
"c:\ws-code\ws-kwik\kwik-ui\third_party\harfbuzz\src\hb-ot-shaper-use.cc", "C++", 0, 377, 0, 0, 0, 0, 0, 0, 0, 0, 0, 0, 0, 0, 0, 0, 0, 0, 0, 0, 0, 0, 0, 0, 67, 71, 515
"c:\ws-code\ws-kwik\kwik-ui\third_party\harfbuzz\src\hb-ot-shaper-vowel-constraints.cc", "C++", 0, 430, 0, 0, 0, 0, 0, 0, 0, 0, 0, 0, 0, 0, 0, 0, 0, 0, 0, 0, 0, 0, 0, 0, 22, 26, 478
"c:\ws-code\ws-kwik\kwik-ui\third_party\harfbuzz\src\hb-ot-shaper-vowel-constraints.hh", "C++", 0, 9, 0, 0, 0, 0, 0, 0, 0, 0, 0, 0, 0, 0, 0, 0, 0, 0, 0, 0, 0, 0, 0, 0, 25, 6, 40
"c:\ws-code\ws-kwik\kwik-ui\third_party\harfbuzz\src\hb-ot-shaper.hh", "C++", 0, 210, 0, 0, 0, 0, 0, 0, 0, 0, 0, 0, 0, 0, 0, 0, 0, 0, 0, 0, 0, 0, 0, 0, 132, 78, 420
"c:\ws-code\ws-kwik\kwik-ui\third_party\harfbuzz\src\hb-ot-stat-table.hh", "C++", 0, 436, 0, 0, 0, 0, 0, 0, 0, 0, 0, 0, 0, 0, 0, 0, 0, 0, 0, 0, 0, 0, 0, 0, 90, 94, 620
"c:\ws-code\ws-kwik\kwik-ui\third_party\harfbuzz\src\hb-ot-tag-table.hh", "C++", 0, 2937, 0, 0, 0, 0, 0, 0, 0, 0, 0, 0, 0, 0, 0, 0, 0, 0, 0, 0, 0, 0, 0, 0, 187, 11, 3135
"c:\ws-code\ws-kwik\kwik-ui\third_party\harfbuzz\src\hb-ot-tag.cc", "C++", 0, 549, 0, 0, 0, 0, 0, 0, 0, 0, 0, 0, 0, 0, 0, 0, 0, 0, 0, 0, 0, 0, 0, 0, 131, 78, 758
"c:\ws-code\ws-kwik\kwik-ui\third_party\harfbuzz\src\hb-ot-var-avar-table.hh", "C++", 0, 345, 0, 0, 0, 0, 0, 0, 0, 0, 0, 0, 0, 0, 0, 0, 0, 0, 0, 0, 0, 0, 0, 0, 72, 97, 514
"c:\ws-code\ws-kwik\kwik-ui\third_party\harfbuzz\src\hb-ot-var-common.hh", "C++", 0, 1650, 0, 0, 0, 0, 0, 0, 0, 0, 0, 0, 0, 0, 0, 0, 0, 0, 0, 0, 0, 0, 0, 0, 180, 310, 2140
"c:\ws-code\ws-kwik\kwik-ui\third_party\harfbuzz\src\hb-ot-var-cvar-table.hh", "C++", 0, 155, 0, 0, 0, 0, 0, 0, 0, 0, 0, 0, 0, 0, 0, 0, 0, 0, 0, 0, 0, 0, 0, 0, 29, 38, 222
"c:\ws-code\ws-kwik\kwik-ui\third_party\harfbuzz\src\hb-ot-var-fvar-table.hh", "C++", 0, 371, 0, 0, 0, 0, 0, 0, 0, 0, 0, 0, 0, 0, 0, 0, 0, 0, 0, 0, 0, 0, 0, 0, 44, 74, 489
"c:\ws-code\ws-kwik\kwik-ui\third_party\harfbuzz\src\hb-ot-var-gvar-table.hh", "C++", 0, 804, 0, 0, 0, 0, 0, 0, 0, 0, 0, 0, 0, 0, 0, 0, 0, 0, 0, 0, 0, 0, 0, 0, 79, 141, 1024
"c:\ws-code\ws-kwik\kwik-ui\third_party\harfbuzz\src\hb-ot-var-hvar-table.hh", "C++", 0, 374, 0, 0, 0, 0, 0, 0, 0, 0, 0, 0, 0, 0, 0, 0, 0, 0, 0, 0, 0, 0, 0, 0, 36, 82, 492
"c:\ws-code\ws-kwik\kwik-ui\third_party\harfbuzz\src\hb-ot-var-mvar-table.hh", "C++", 0, 119, 0, 0, 0, 0, 0, 0, 0, 0, 0, 0, 0, 0, 0, 0, 0, 0, 0, 0, 0, 0, 0, 0, 34, 32, 185
"c:\ws-code\ws-kwik\kwik-ui\third_party\harfbuzz\src\hb-ot-var-varc-table.hh", "C++", 0, 4, 0, 0, 0, 0, 0, 0, 0, 0, 0, 0, 0, 0, 0, 0, 0, 0, 0, 0, 0, 0, 0, 0, 25, 4, 33
"c:\ws-code\ws-kwik\kwik-ui\third_party\harfbuzz\src\hb-ot-var.cc", "C++", 0, 109, 0, 0, 0, 0, 0, 0, 0, 0, 0, 0, 0, 0, 0, 0, 0, 0, 0, 0, 0, 0, 0, 0, 200, 32, 341
"c:\ws-code\ws-kwik\kwik-ui\third_party\harfbuzz\src\hb-ot-var.h", "C++", 0, 65, 0, 0, 0, 0, 0, 0, 0, 0, 0, 0, 0, 0, 0, 0, 0, 0, 0, 0, 0, 0, 0, 0, 92, 35, 192
"c:\ws-code\ws-kwik\kwik-ui\third_party\harfbuzz\src\hb-ot-vorg-table.hh", "C++", 0, 83, 0, 0, 0, 0, 0, 0, 0, 0, 0, 0, 0, 0, 0, 0, 0, 0, 0, 0, 0, 0, 0, 0, 31, 25, 139
"c:\ws-code\ws-kwik\kwik-ui\third_party\harfbuzz\src\hb-ot.h", "C++", 0, 18, 0, 0, 0, 0, 0, 0, 0, 0, 0, 0, 0, 0, 0, 0, 0, 0, 0, 0, 0, 0, 0, 0, 25, 7, 50
"c:\ws-code\ws-kwik\kwik-ui\third_party\harfbuzz\src\hb-outline.cc", "C++", 0, 246, 0, 0, 0, 0, 0, 0, 0, 0, 0, 0, 0, 0, 0, 0, 0, 0, 0, 0, 0, 0, 0, 0, 36, 55, 337
"c:\ws-code\ws-kwik\kwik-ui\third_party\harfbuzz\src\hb-outline.hh", "C++", 0, 47, 0, 0, 0, 0, 0, 0, 0, 0, 0, 0, 0, 0, 0, 0, 0, 0, 0, 0, 0, 0, 0, 0, 23, 16, 86
"c:\ws-code\ws-kwik\kwik-ui\third_party\harfbuzz\src\hb-paint-bounded.cc", "C++", 0, 142, 0, 0, 0, 0, 0, 0, 0, 0, 0, 0, 0, 0, 0, 0, 0, 0, 0, 0, 0, 0, 0, 0, 28, 38, 208
"c:\ws-code\ws-kwik\kwik-ui\third_party\harfbuzz\src\hb-paint-bounded.hh", "C++", 0, 75, 0, 0, 0, 0, 0, 0, 0, 0, 0, 0, 0, 0, 0, 0, 0, 0, 0, 0, 0, 0, 0, 0, 24, 19, 118
"c:\ws-code\ws-kwik\kwik-ui\third_party\harfbuzz\src\hb-paint-extents.cc", "C++", 0, 174, 0, 0, 0, 0, 0, 0, 0, 0, 0, 0, 0, 0, 0, 0, 0, 0, 0, 0, 0, 0, 0, 0, 28, 44, 246
"c:\ws-code\ws-kwik\kwik-ui\third_party\harfbuzz\src\hb-paint-extents.hh", "C++", 0, 94, 0, 0, 0, 0, 0, 0, 0, 0, 0, 0, 0, 0, 0, 0, 0, 0, 0, 0, 0, 0, 0, 0, 25, 26, 145
"c:\ws-code\ws-kwik\kwik-ui\third_party\harfbuzz\src\hb-paint.cc", "C++", 0, 600, 0, 0, 0, 0, 0, 0, 0, 0, 0, 0, 0, 0, 0, 0, 0, 0, 0, 0, 0, 0, 0, 0, 473, 86, 1159
"c:\ws-code\ws-kwik\kwik-ui\third_party\harfbuzz\src\hb-paint.h", "C++", 0, 376, 0, 0, 0, 0, 0, 0, 0, 0, 0, 0, 0, 0, 0, 0, 0, 0, 0, 0, 0, 0, 0, 0, 778, 94, 1248
"c:\ws-code\ws-kwik\kwik-ui\third_party\harfbuzz\src\hb-paint.hh", "C++", 0, 225, 0, 0, 0, 0, 0, 0, 0, 0, 0, 0, 0, 0, 0, 0, 0, 0, 0, 0, 0, 0, 0, 0, 28, 24, 277
"c:\ws-code\ws-kwik\kwik-ui\third_party\harfbuzz\src\hb-priority-queue.hh", "C++", 0, 110, 0, 0, 0, 0, 0, 0, 0, 0, 0, 0, 0, 0, 0, 0, 0, 0, 0, 0, 0, 0, 0, 0, 40, 35, 185
"c:\ws-code\ws-kwik\kwik-ui\third_party\harfbuzz\src\hb-raster-draw.cc", "C++", 0, 878, 0, 0, 0, 0, 0, 0, 0, 0, 0, 0, 0, 0, 0, 0, 0, 0, 0, 0, 0, 0, 0, 0, 376, 156, 1410
"c:\ws-code\ws-kwik\kwik-ui\third_party\harfbuzz\src\hb-raster-image.cc", "C++", 0, 759, 0, 0, 0, 0, 0, 0, 0, 0, 0, 0, 0, 0, 0, 0, 0, 0, 0, 0, 0, 0, 0, 0, 193, 115, 1067
"c:\ws-code\ws-kwik\kwik-ui\third_party\harfbuzz\src\hb-raster-image.hh", "C++", 0, 27, 0, 0, 0, 0, 0, 0, 0, 0, 0, 0, 0, 0, 0, 0, 0, 0, 0, 0, 0, 0, 0, 0, 27, 10, 64
"c:\ws-code\ws-kwik\kwik-ui\third_party\harfbuzz\src\hb-raster-paint.cc", "C++", 0, 1691, 0, 0, 0, 0, 0, 0, 0, 0, 0, 0, 0, 0, 0, 0, 0, 0, 0, 0, 0, 0, 0, 0, 450, 235, 2376
"c:\ws-code\ws-kwik\kwik-ui\third_party\harfbuzz\src\hb-raster-paint.hh", "C++", 0, 169, 0, 0, 0, 0, 0, 0, 0, 0, 0, 0, 0, 0, 0, 0, 0, 0, 0, 0, 0, 0, 0, 0, 34, 32, 235
"c:\ws-code\ws-kwik\kwik-ui\third_party\harfbuzz\src\hb-raster.cc", "C++", 0, 2, 0, 0, 0, 0, 0, 0, 0, 0, 0, 0, 0, 0, 0, 0, 0, 0, 0, 0, 0, 0, 0, 0, 63, 4, 69
"c:\ws-code\ws-kwik\kwik-ui\third_party\harfbuzz\src\hb-raster.h", "C++", 0, 201, 0, 0, 0, 0, 0, 0, 0, 0, 0, 0, 0, 0, 0, 0, 0, 0, 0, 0, 0, 0, 0, 0, 77, 80, 358
"c:\ws-code\ws-kwik\kwik-ui\third_party\harfbuzz\src\hb-raster.hh", "C++", 0, 42, 0, 0, 0, 0, 0, 0, 0, 0, 0, 0, 0, 0, 0, 0, 0, 0, 0, 0, 0, 0, 0, 0, 30, 10, 82
"c:\ws-code\ws-kwik\kwik-ui\third_party\harfbuzz\src\hb-repacker.hh", "C++", 0, 296, 0, 0, 0, 0, 0, 0, 0, 0, 0, 0, 0, 0, 0, 0, 0, 0, 0, 0, 0, 0, 0, 0, 123, 68, 487
"c:\ws-code\ws-kwik\kwik-ui\third_party\harfbuzz\src\hb-sanitize.hh", "C++", 0, 324, 0, 0, 0, 0, 0, 0, 0, 0, 0, 0, 0, 0, 0, 0, 0, 0, 0, 0, 0, 0, 0, 0, 97, 56, 477
"c:\ws-code\ws-kwik\kwik-ui\third_party\harfbuzz\src\hb-script-list.h", "C++", 0, 193, 0, 0, 0, 0, 0, 0, 0, 0, 0, 0, 0, 0, 0, 0, 0, 0, 0, 0, 0, 0, 0, 0, 266, 38, 497
"c:\ws-code\ws-kwik\kwik-ui\third_party\harfbuzz\src\hb-serialize.hh", "C++", 0, 621, 0, 0, 0, 0, 0, 0, 0, 0, 0, 0, 0, 0, 0, 0, 0, 0, 0, 0, 0, 0, 0, 0, 85, 125, 831
"c:\ws-code\ws-kwik\kwik-ui\third_party\harfbuzz\src\hb-set-digest.hh", "C++", 0, 94, 0, 0, 0, 0, 0, 0, 0, 0, 0, 0, 0, 0, 0, 0, 0, 0, 0, 0, 0, 0, 0, 0, 58, 24, 176
"c:\ws-code\ws-kwik\kwik-ui\third_party\harfbuzz\src\hb-set.cc", "C++", 0, 211, 0, 0, 0, 0, 0, 0, 0, 0, 0, 0, 0, 0, 0, 0, 0, 0, 0, 0, 0, 0, 0, 0, 419, 44, 674
"c:\ws-code\ws-kwik\kwik-ui\third_party\harfbuzz\src\hb-set.h", "C++", 0, 109, 0, 0, 0, 0, 0, 0, 0, 0, 0, 0, 0, 0, 0, 0, 0, 0, 0, 0, 0, 0, 0, 0, 49, 46, 204
"c:\ws-code\ws-kwik\kwik-ui\third_party\harfbuzz\src\hb-set.hh", "C++", 0, 121, 0, 0, 0, 0, 0, 0, 0, 0, 0, 0, 0, 0, 0, 0, 0, 0, 0, 0, 0, 0, 0, 0, 34, 37, 192
"c:\ws-code\ws-kwik\kwik-ui\third_party\harfbuzz\src\hb-shape-plan.cc", "C++", 0, 316, 0, 0, 0, 0, 0, 0, 0, 0, 0, 0, 0, 0, 0, 0, 0, 0, 0, 0, 0, 0, 0, 0, 203, 63, 582
"c:\ws-code\ws-kwik\kwik-ui\third_party\harfbuzz\src\hb-shape-plan.h", "C++", 0, 62, 0, 0, 0, 0, 0, 0, 0, 0, 0, 0, 0, 0, 0, 0, 0, 0, 0, 0, 0, 0, 0, 0, 39, 22, 123
"c:\ws-code\ws-kwik\kwik-ui\third_party\harfbuzz\src\hb-shape-plan.hh", "C++", 0, 38, 0, 0, 0, 0, 0, 0, 0, 0, 0, 0, 0, 0, 0, 0, 0, 0, 0, 0, 0, 0, 0, 0, 25, 15, 78
"c:\ws-code\ws-kwik\kwik-ui\third_party\harfbuzz\src\hb-shape.cc", "C++", 0, 254, 0, 0, 0, 0, 0, 0, 0, 0, 0, 0, 0, 0, 0, 0, 0, 0, 0, 0, 0, 0, 0, 0, 137, 55, 446
"c:\ws-code\ws-kwik\kwik-ui\third_party\harfbuzz\src\hb-shape.h", "C++", 0, 37, 0, 0, 0, 0, 0, 0, 0, 0, 0, 0, 0, 0, 0, 0, 0, 0, 0, 0, 0, 0, 0, 0, 27, 13, 77
"c:\ws-code\ws-kwik\kwik-ui\third_party\harfbuzz\src\hb-shaper-impl.hh", "C++", 0, 9, 0, 0, 0, 0, 0, 0, 0, 0, 0, 0, 0, 0, 0, 0, 0, 0, 0, 0, 0, 0, 0, 0, 25, 5, 39
"c:\ws-code\ws-kwik\kwik-ui\third_party\harfbuzz\src\hb-shaper-list.hh", "C++", 0, 32, 0, 0, 0, 0, 0, 0, 0, 0, 0, 0, 0, 0, 0, 0, 0, 0, 0, 0, 0, 0, 0, 0, 28, 14, 74
"c:\ws-code\ws-kwik\kwik-ui\third_party\harfbuzz\src\hb-shaper.cc", "C++", 0, 61, 0, 0, 0, 0, 0, 0, 0, 0, 0, 0, 0, 0, 0, 0, 0, 0, 0, 0, 0, 0, 0, 0, 27, 15, 103
"c:\ws-code\ws-kwik\kwik-ui\third_party\harfbuzz\src\hb-shaper.hh", "C++", 0, 93, 0, 0, 0, 0, 0, 0, 0, 0, 0, 0, 0, 0, 0, 0, 0, 0, 0, 0, 0, 0, 0, 0, 25, 17, 135
"c:\ws-code\ws-kwik\kwik-ui\third_party\harfbuzz\src\hb-static.cc", "C++", 0, 72, 0, 0, 0, 0, 0, 0, 0, 0, 0, 0, 0, 0, 0, 0, 0, 0, 0, 0, 0, 0, 0, 0, 27, 25, 124
"c:\ws-code\ws-kwik\kwik-ui\third_party\harfbuzz\src\hb-string-array.hh", "C++", 0, 45, 0, 0, 0, 0, 0, 0, 0, 0, 0, 0, 0, 0, 0, 0, 0, 0, 0, 0, 0, 0, 0, 0, 31, 10, 86
"c:\ws-code\ws-kwik\kwik-ui\third_party\harfbuzz\src\hb-style.cc", "C++", 0, 73, 0, 0, 0, 0, 0, 0, 0, 0, 0, 0, 0, 0, 0, 0, 0, 0, 0, 0, 0, 0, 0, 0, 46, 16, 135
"c:\ws-code\ws-kwik\kwik-ui\third_party\harfbuzz\src\hb-style.h", "C++", 0, 21, 0, 0, 0, 0, 0, 0, 0, 0, 0, 0, 0, 0, 0, 0, 0, 0, 0, 0, 0, 0, 0, 0, 50, 11, 82
"c:\ws-code\ws-kwik\kwik-ui\third_party\harfbuzz\src\hb-subset-accelerator.hh", "C++", 0, 83, 0, 0, 0, 0, 0, 0, 0, 0, 0, 0, 0, 0, 0, 0, 0, 0, 0, 0, 0, 0, 0, 0, 30, 29, 142
"c:\ws-code\ws-kwik\kwik-ui\third_party\harfbuzz\src\hb-subset-cff-common.cc", "C++", 0, 163, 0, 0, 0, 0, 0, 0, 0, 0, 0, 0, 0, 0, 0, 0, 0, 0, 0, 0, 0, 0, 0, 0, 40, 27, 230
"c:\ws-code\ws-kwik\kwik-ui\third_party\harfbuzz\src\hb-subset-cff-common.hh", "C++", 0, 977, 0, 0, 0, 0, 0, 0, 0, 0, 0, 0, 0, 0, 0, 0, 0, 0, 0, 0, 0, 0, 0, 0, 106, 166, 1249
"c:\ws-code\ws-kwik\kwik-ui\third_party\harfbuzz\src\hb-subset-cff1.cc", "C++", 0, 799, 0, 0, 0, 0, 0, 0, 0, 0, 0, 0, 0, 0, 0, 0, 0, 0, 0, 0, 0, 0, 0, 0, 67, 138, 1004
"c:\ws-code\ws-kwik\kwik-ui\third_party\harfbuzz\src\hb-subset-cff2-to-cff1.cc", "C++", 0, 4, 0, 0, 0, 0, 0, 0, 0, 0, 0, 0, 0, 0, 0, 0, 0, 0, 0, 0, 0, 0, 0, 0, 31, 6, 41
"c:\ws-code\ws-kwik\kwik-ui\third_party\harfbuzz\src\hb-subset-cff2-to-cff1.hh", "C++", 0, 69, 0, 0, 0, 0, 0, 0, 0, 0, 0, 0, 0, 0, 0, 0, 0, 0, 0, 0, 0, 0, 0, 0, 78, 31, 178
"c:\ws-code\ws-kwik\kwik-ui\third_party\harfbuzz\src\hb-subset-cff2.cc", "C++", 0, 967, 0, 0, 0, 0, 0, 0, 0, 0, 0, 0, 0, 0, 0, 0, 0, 0, 0, 0, 0, 0, 0, 0, 135, 167, 1269
"c:\ws-code\ws-kwik\kwik-ui\third_party\harfbuzz\src\hb-subset-input.cc", "C++", 0, 445, 0, 0, 0, 0, 0, 0, 0, 0, 0, 0, 0, 0, 0, 0, 0, 0, 0, 0, 0, 0, 0, 0, 353, 88, 886
"c:\ws-code\ws-kwik\kwik-ui\third_party\harfbuzz\src\hb-subset-input.hh", "C++", 0, 102, 0, 0, 0, 0, 0, 0, 0, 0, 0, 0, 0, 0, 0, 0, 0, 0, 0, 0, 0, 0, 0, 0, 26, 28, 156
"c:\ws-code\ws-kwik\kwik-ui\third_party\harfbuzz\src\hb-subset-instancer-iup.cc", "C++", 0, 460, 0, 0, 0, 0, 0, 0, 0, 0, 0, 0, 0, 0, 0, 0, 0, 0, 0, 0, 0, 0, 0, 0, 39, 63, 562
"c:\ws-code\ws-kwik\kwik-ui\third_party\harfbuzz\src\hb-subset-instancer-iup.hh", "C++", 0, 22, 0, 0, 0, 0, 0, 0, 0, 0, 0, 0, 0, 0, 0, 0, 0, 0, 0, 0, 0, 0, 0, 0, 25, 6, 53
"c:\ws-code\ws-kwik\kwik-ui\third_party\harfbuzz\src\hb-subset-instancer-solver.cc", "C++", 0, 197, 0, 0, 0, 0, 0, 0, 0, 0, 0, 0, 0, 0, 0, 0, 0, 0, 0, 0, 0, 0, 0, 0, 197, 62, 456
"c:\ws-code\ws-kwik\kwik-ui\third_party\harfbuzz\src\hb-subset-instancer-solver.hh", "C++", 0, 58, 0, 0, 0, 0, 0, 0, 0, 0, 0, 0, 0, 0, 0, 0, 0, 0, 0, 0, 0, 0, 0, 0, 39, 18, 115
"c:\ws-code\ws-kwik\kwik-ui\third_party\harfbuzz\src\hb-subset-plan-layout.cc", "C++", 0, 331, 0, 0, 0, 0, 0, 0, 0, 0, 0, 0, 0, 0, 0, 0, 0, 0, 0, 0, 0, 0, 0, 0, 37, 53, 421
"c:\ws-code\ws-kwik\kwik-ui\third_party\harfbuzz\src\hb-subset-plan-member-list.hh", "C++", 0, 63, 0, 0, 0, 0, 0, 0, 0, 0, 0, 0, 0, 0, 0, 0, 0, 0, 0, 0, 0, 0, 0, 0, 68, 38, 169
"c:\ws-code\ws-kwik\kwik-ui\third_party\harfbuzz\src\hb-subset-plan-var.cc", "C++", 0, 353, 0, 0, 0, 0, 0, 0, 0, 0, 0, 0, 0, 0, 0, 0, 0, 0, 0, 0, 0, 0, 0, 0, 38, 59, 450
"c:\ws-code\ws-kwik\kwik-ui\third_party\harfbuzz\src\hb-subset-plan.cc", "C++", 0, 662, 0, 0, 0, 0, 0, 0, 0, 0, 0, 0, 0, 0, 0, 0, 0, 0, 0, 0, 0, 0, 0, 0, 168, 122, 952
"c:\ws-code\ws-kwik\kwik-ui\third_party\harfbuzz\src\hb-subset-plan.hh", "C++", 0, 249, 0, 0, 0, 0, 0, 0, 0, 0, 0, 0, 0, 0, 0, 0, 0, 0, 0, 0, 0, 0, 0, 0, 51, 72, 372
"c:\ws-code\ws-kwik\kwik-ui\third_party\harfbuzz\src\hb-subset-serialize.cc", "C++", 0, 15, 0, 0, 0, 0, 0, 0, 0, 0, 0, 0, 0, 0, 0, 0, 0, 0, 0, 0, 0, 0, 0, 0, 38, 5, 58
"c:\ws-code\ws-kwik\kwik-ui\third_party\harfbuzz\src\hb-subset-serialize.h", "C++", 0, 23, 0, 0, 0, 0, 0, 0, 0, 0, 0, 0, 0, 0, 0, 0, 0, 0, 0, 0, 0, 0, 0, 0, 51, 10, 84
"c:\ws-code\ws-kwik\kwik-ui\third_party\harfbuzz\src\hb-subset-table-cff.cc", "C++", 0, 88, 0, 0, 0, 0, 0, 0, 0, 0, 0, 0, 0, 0, 0, 0, 0, 0, 0, 0, 0, 0, 0, 0, 34, 22, 144
"c:\ws-code\ws-kwik\kwik-ui\third_party\harfbuzz\src\hb-subset-table-color.cc", "C++", 0, 19, 0, 0, 0, 0, 0, 0, 0, 0, 0, 0, 0, 0, 0, 0, 0, 0, 0, 0, 0, 0, 0, 0, 0, 3, 22
"c:\ws-code\ws-kwik\kwik-ui\third_party\harfbuzz\src\hb-subset-table-layout.cc", "C++", 0, 20, 0, 0, 0, 0, 0, 0, 0, 0, 0, 0, 0, 0, 0, 0, 0, 0, 0, 0, 0, 0, 0, 0, 0, 3, 23
"c:\ws-code\ws-kwik\kwik-ui\third_party\harfbuzz\src\hb-subset-table-other.cc", "C++", 0, 29, 0, 0, 0, 0, 0, 0, 0, 0, 0, 0, 0, 0, 0, 0, 0, 0, 0, 0, 0, 0, 0, 0, 0, 3, 32
"c:\ws-code\ws-kwik\kwik-ui\third_party\harfbuzz\src\hb-subset-table-var.cc", "C++", 0, 43, 0, 0, 0, 0, 0, 0, 0, 0, 0, 0, 0, 0, 0, 0, 0, 0, 0, 0, 0, 0, 0, 0, 0, 3, 46
"c:\ws-code\ws-kwik\kwik-ui\third_party\harfbuzz\src\hb-subset-table.hh", "C++", 0, 147, 0, 0, 0, 0, 0, 0, 0, 0, 0, 0, 0, 0, 0, 0, 0, 0, 0, 0, 0, 0, 0, 0, 32, 39, 218
"c:\ws-code\ws-kwik\kwik-ui\third_party\harfbuzz\src\hb-subset.cc", "C++", 0, 306, 0, 0, 0, 0, 0, 0, 0, 0, 0, 0, 0, 0, 0, 0, 0, 0, 0, 0, 0, 0, 0, 0, 85, 61, 452
"c:\ws-code\ws-kwik\kwik-ui\third_party\harfbuzz\src\hb-subset.h", "C++", 0, 156, 0, 0, 0, 0, 0, 0, 0, 0, 0, 0, 0, 0, 0, 0, 0, 0, 0, 0, 0, 0, 0, 0, 101, 53, 310
"c:\ws-code\ws-kwik\kwik-ui\third_party\harfbuzz\src\hb-subset.hh", "C++", 0, 38, 0, 0, 0, 0, 0, 0, 0, 0, 0, 0, 0, 0, 0, 0, 0, 0, 0, 0, 0, 0, 0, 0, 25, 11, 74
"c:\ws-code\ws-kwik\kwik-ui\third_party\harfbuzz\src\hb-ucd-table.hh", "C++", 0, 5587, 0, 0, 0, 0, 0, 0, 0, 0, 0, 0, 0, 0, 0, 0, 0, 0, 0, 0, 0, 0, 0, 0, 24, 23, 5634
"c:\ws-code\ws-kwik\kwik-ui\third_party\harfbuzz\src\hb-ucd.cc", "C++", 0, 191, 0, 0, 0, 0, 0, 0, 0, 0, 0, 0, 0, 0, 0, 0, 0, 0, 0, 0, 0, 0, 0, 0, 33, 35, 259
"c:\ws-code\ws-kwik\kwik-ui\third_party\harfbuzz\src\hb-unicode-emoji-table.hh", "C++", 0, 59, 0, 0, 0, 0, 0, 0, 0, 0, 0, 0, 0, 0, 0, 0, 0, 0, 0, 0, 0, 0, 0, 0, 21, 9, 89
"c:\ws-code\ws-kwik\kwik-ui\third_party\harfbuzz\src\hb-unicode.cc", "C++", 0, 342, 0, 0, 0, 0, 0, 0, 0, 0, 0, 0, 0, 0, 0, 0, 0, 0, 0, 0, 0, 0, 0, 0, 217, 67, 626
"c:\ws-code\ws-kwik\kwik-ui\third_party\harfbuzz\src\hb-unicode.h", "C++", 0, 197, 0, 0, 0, 0, 0, 0, 0, 0, 0, 0, 0, 0, 0, 0, 0, 0, 0, 0, 0, 0, 0, 0, 383, 64, 644
"c:\ws-code\ws-kwik\kwik-ui\third_party\harfbuzz\src\hb-unicode.hh", "C++", 0, 274, 0, 0, 0, 0, 0, 0, 0, 0, 0, 0, 0, 0, 0, 0, 0, 0, 0, 0, 0, 0, 0, 0, 135, 46, 455
"c:\ws-code\ws-kwik\kwik-ui\third_party\harfbuzz\src\hb-uniscribe.cc", "C++", 0, 647, 0, 0, 0, 0, 0, 0, 0, 0, 0, 0, 0, 0, 0, 0, 0, 0, 0, 0, 0, 0, 0, 0, 115, 122, 884
"c:\ws-code\ws-kwik\kwik-ui\third_party\harfbuzz\src\hb-uniscribe.h", "C++", 0, 11, 0, 0, 0, 0, 0, 0, 0, 0, 0, 0, 0, 0, 0, 0, 0, 0, 0, 0, 0, 0, 0, 0, 25, 11, 47
"c:\ws-code\ws-kwik\kwik-ui\third_party\harfbuzz\src\hb-utf.hh", "C++", 0, 390, 0, 0, 0, 0, 0, 0, 0, 0, 0, 0, 0, 0, 0, 0, 0, 0, 0, 0, 0, 0, 0, 0, 34, 60, 484
"c:\ws-code\ws-kwik\kwik-ui\third_party\harfbuzz\src\hb-vector-buf.hh", "C++", 0, 141, 0, 0, 0, 0, 0, 0, 0, 0, 0, 0, 0, 0, 0, 0, 0, 0, 0, 0, 0, 0, 0, 0, 25, 26, 192
"c:\ws-code\ws-kwik\kwik-ui\third_party\harfbuzz\src\hb-vector-draw.cc", "C++", 0, 501, 0, 0, 0, 0, 0, 0, 0, 0, 0, 0, 0, 0, 0, 0, 0, 0, 0, 0, 0, 0, 0, 0, 347, 89, 937
"c:\ws-code\ws-kwik\kwik-ui\third_party\harfbuzz\src\hb-vector-draw.hh", "C++", 0, 96, 0, 0, 0, 0, 0, 0, 0, 0, 0, 0, 0, 0, 0, 0, 0, 0, 0, 0, 0, 0, 0, 0, 25, 18, 139
"c:\ws-code\ws-kwik\kwik-ui\third_party\harfbuzz\src\hb-vector-internal.hh", "C++", 0, 214, 0, 0, 0, 0, 0, 0, 0, 0, 0, 0, 0, 0, 0, 0, 0, 0, 0, 0, 0, 0, 0, 0, 26, 27, 267
"c:\ws-code\ws-kwik\kwik-ui\third_party\harfbuzz\src\hb-vector-paint-pdf.cc", "C++", 0, 1384, 0, 0, 0, 0, 0, 0, 0, 0, 0, 0, 0, 0, 0, 0, 0, 0, 0, 0, 0, 0, 0, 0, 133, 200, 1717
"c:\ws-code\ws-kwik\kwik-ui\third_party\harfbuzz\src\hb-vector-paint-svg.cc", "C++", 0, 795, 0, 0, 0, 0, 0, 0, 0, 0, 0, 0, 0, 0, 0, 0, 0, 0, 0, 0, 0, 0, 0, 0, 45, 102, 942
"c:\ws-code\ws-kwik\kwik-ui\third_party\harfbuzz\src\hb-vector-paint.cc", "C++", 0, 372, 0, 0, 0, 0, 0, 0, 0, 0, 0, 0, 0, 0, 0, 0, 0, 0, 0, 0, 0, 0, 0, 0, 398, 51, 821
"c:\ws-code\ws-kwik\kwik-ui\third_party\harfbuzz\src\hb-vector-paint.hh", "C++", 0, 84, 0, 0, 0, 0, 0, 0, 0, 0, 0, 0, 0, 0, 0, 0, 0, 0, 0, 0, 0, 0, 0, 0, 27, 19, 130
"c:\ws-code\ws-kwik\kwik-ui\third_party\harfbuzz\src\hb-vector-path.cc", "C++", 0, 155, 0, 0, 0, 0, 0, 0, 0, 0, 0, 0, 0, 0, 0, 0, 0, 0, 0, 0, 0, 0, 0, 0, 30, 30, 215
"c:\ws-code\ws-kwik\kwik-ui\third_party\harfbuzz\src\hb-vector-path.hh", "C++", 0, 21, 0, 0, 0, 0, 0, 0, 0, 0, 0, 0, 0, 0, 0, 0, 0, 0, 0, 0, 0, 0, 0, 0, 30, 8, 59
"c:\ws-code\ws-kwik\kwik-ui\third_party\harfbuzz\src\hb-vector.cc", "C++", 0, 52, 0, 0, 0, 0, 0, 0, 0, 0, 0, 0, 0, 0, 0, 0, 0, 0, 0, 0, 0, 0, 0, 0, 70, 15, 137
"c:\ws-code\ws-kwik\kwik-ui\third_party\harfbuzz\src\hb-vector.h", "C++", 0, 205, 0, 0, 0, 0, 0, 0, 0, 0, 0, 0, 0, 0, 0, 0, 0, 0, 0, 0, 0, 0, 0, 0, 71, 75, 351
"c:\ws-code\ws-kwik\kwik-ui\third_party\harfbuzz\src\hb-vector.hh", "C++", 0, 631, 0, 0, 0, 0, 0, 0, 0, 0, 0, 0, 0, 0, 0, 0, 0, 0, 0, 0, 0, 0, 0, 0, 46, 77, 754
"c:\ws-code\ws-kwik\kwik-ui\third_party\harfbuzz\src\hb-version.h", "C++", 0, 26, 0, 0, 0, 0, 0, 0, 0, 0, 0, 0, 0, 0, 0, 0, 0, 0, 0, 0, 0, 0, 0, 0, 54, 16, 96
"c:\ws-code\ws-kwik\kwik-ui\third_party\harfbuzz\src\hb-wasm-api-blob.hh", "C++", 0, 17, 0, 0, 0, 0, 0, 0, 0, 0, 0, 0, 0, 0, 0, 0, 0, 0, 0, 0, 0, 0, 0, 0, 23, 11, 51
"c:\ws-code\ws-kwik\kwik-ui\third_party\harfbuzz\src\hb-wasm-api-buffer.hh", "C++", 0, 149, 0, 0, 0, 0, 0, 0, 0, 0, 0, 0, 0, 0, 0, 0, 0, 0, 0, 0, 0, 0, 0, 0, 23, 46, 218
"c:\ws-code\ws-kwik\kwik-ui\third_party\harfbuzz\src\hb-wasm-api-common.hh", "C++", 0, 13, 0, 0, 0, 0, 0, 0, 0, 0, 0, 0, 0, 0, 0, 0, 0, 0, 0, 0, 0, 0, 0, 0, 23, 9, 45
"c:\ws-code\ws-kwik\kwik-ui\third_party\harfbuzz\src\hb-wasm-api-face.hh", "C++", 0, 62, 0, 0, 0, 0, 0, 0, 0, 0, 0, 0, 0, 0, 0, 0, 0, 0, 0, 0, 0, 0, 0, 0, 23, 25, 110
"c:\ws-code\ws-kwik\kwik-ui\third_party\harfbuzz\src\hb-wasm-api-font.hh", "C++", 0, 189, 0, 0, 0, 0, 0, 0, 0, 0, 0, 0, 0, 0, 0, 0, 0, 0, 0, 0, 0, 0, 0, 0, 24, 51, 264
"c:\ws-code\ws-kwik\kwik-ui\third_party\harfbuzz\src\hb-wasm-api-list.hh", "C++", 0, 56, 0, 0, 0, 0, 0, 0, 0, 0, 0, 0, 0, 0, 0, 0, 0, 0, 0, 0, 0, 0, 0, 0, 36, 18, 110
"c:\ws-code\ws-kwik\kwik-ui\third_party\harfbuzz\src\hb-wasm-api-shape.hh", "C++", 0, 31, 0, 0, 0, 0, 0, 0, 0, 0, 0, 0, 0, 0, 0, 0, 0, 0, 0, 0, 0, 0, 0, 0, 24, 16, 71
"c:\ws-code\ws-kwik\kwik-ui\third_party\harfbuzz\src\hb-wasm-api.cc", "C++", 0, 13, 0, 0, 0, 0, 0, 0, 0, 0, 0, 0, 0, 0, 0, 0, 0, 0, 0, 0, 0, 0, 0, 0, 23, 11, 47
"c:\ws-code\ws-kwik\kwik-ui\third_party\harfbuzz\src\hb-wasm-api.h", "C++", 0, 215, 0, 0, 0, 0, 0, 0, 0, 0, 0, 0, 0, 0, 0, 0, 0, 0, 0, 0, 0, 0, 0, 0, 37, 71, 323
"c:\ws-code\ws-kwik\kwik-ui\third_party\harfbuzz\src\hb-wasm-api.hh", "C++", 0, 73, 0, 0, 0, 0, 0, 0, 0, 0, 0, 0, 0, 0, 0, 0, 0, 0, 0, 0, 0, 0, 0, 0, 23, 22, 118
"c:\ws-code\ws-kwik\kwik-ui\third_party\harfbuzz\src\hb-wasm-shape.cc", "C++", 0, 299, 0, 0, 0, 0, 0, 0, 0, 0, 0, 0, 0, 0, 0, 0, 0, 0, 0, 0, 0, 0, 0, 0, 76, 82, 457
"c:\ws-code\ws-kwik\kwik-ui\third_party\harfbuzz\src\hb-zlib.cc", "C++", 0, 73, 0, 0, 0, 0, 0, 0, 0, 0, 0, 0, 0, 0, 0, 0, 0, 0, 0, 0, 0, 0, 0, 0, 0, 20, 93
"c:\ws-code\ws-kwik\kwik-ui\third_party\harfbuzz\src\hb-zlib.hh", "C++", 0, 31, 0, 0, 0, 0, 0, 0, 0, 0, 0, 0, 0, 0, 0, 0, 0, 0, 0, 0, 0, 0, 0, 0, 0, 7, 38
"c:\ws-code\ws-kwik\kwik-ui\third_party\harfbuzz\src\hb.h", "C++", 0, 22, 0, 0, 0, 0, 0, 0, 0, 0, 0, 0, 0, 0, 0, 0, 0, 0, 0, 0, 0, 0, 0, 0, 25, 5, 52
"c:\ws-code\ws-kwik\kwik-ui\third_party\harfbuzz\src\hb.hh", "C++", 0, 396, 0, 0, 0, 0, 0, 0, 0, 0, 0, 0, 0, 0, 0, 0, 0, 0, 0, 0, 0, 0, 0, 0, 126, 68, 590
"c:\ws-code\ws-kwik\kwik-ui\third_party\harfbuzz\src\justify.py", "Python", 0, 0, 0, 0, 0, 0, 0, 0, 0, 0, 0, 0, 0, 0, 0, 0, 209, 0, 0, 0, 0, 0, 0, 0, 6, 76, 291
"c:\ws-code\ws-kwik\kwik-ui\third_party\harfbuzz\src\main.cc", "C++", 0, 434, 0, 0, 0, 0, 0, 0, 0, 0, 0, 0, 0, 0, 0, 0, 0, 0, 0, 0, 0, 0, 0, 0, 33, 71, 538
"c:\ws-code\ws-kwik\kwik-ui\third_party\harfbuzz\src\relative_to.py", "Python", 0, 0, 0, 0, 0, 0, 0, 0, 0, 0, 0, 0, 0, 0, 0, 0, 3, 0, 0, 0, 0, 0, 0, 0, 1, 3, 7
"c:\ws-code\ws-kwik\kwik-ui\third_party\harfbuzz\src\rust\font.rs", "Rust", 0, 0, 0, 0, 0, 0, 0, 0, 0, 0, 0, 0, 0, 0, 0, 0, 0, 0, 0, 0, 0, 0, 0, 1035, 40, 110, 1185
"c:\ws-code\ws-kwik\kwik-ui\third_party\harfbuzz\src\rust\hb.rs", "Rust", 0, 0, 0, 0, 0, 0, 0, 0, 0, 0, 0, 0, 0, 0, 0, 0, 0, 0, 0, 0, 0, 0, 0, 4, 0, 1, 5
"c:\ws-code\ws-kwik\kwik-ui\third_party\harfbuzz\src\rust\lib.rs", "Rust", 0, 0, 0, 0, 0, 0, 0, 0, 0, 0, 0, 0, 0, 0, 0, 0, 0, 0, 0, 0, 0, 0, 0, 29, 0, 9, 38
"c:\ws-code\ws-kwik\kwik-ui\third_party\harfbuzz\src\rust\shape.rs", "Rust", 0, 0, 0, 0, 0, 0, 0, 0, 0, 0, 0, 0, 0, 0, 0, 0, 0, 0, 0, 0, 0, 0, 0, 304, 5, 45, 354
"c:\ws-code\ws-kwik\kwik-ui\third_party\harfbuzz\src\sample.py", "Python", 0, 0, 0, 0, 0, 0, 0, 0, 0, 0, 0, 0, 0, 0, 0, 0, 39, 0, 0, 0, 0, 0, 0, 0, 16, 11, 66
"c:\ws-code\ws-kwik\kwik-ui\third_party\harfbuzz\src\test-algs.cc", "C++", 0, 63, 0, 0, 0, 0, 0, 0, 0, 0, 0, 0, 0, 0, 0, 0, 0, 0, 0, 0, 0, 0, 0, 0, 26, 22, 111
"c:\ws-code\ws-kwik\kwik-ui\third_party\harfbuzz\src\test-array.cc", "C++", 0, 42, 0, 0, 0, 0, 0, 0, 0, 0, 0, 0, 0, 0, 0, 0, 0, 0, 0, 0, 0, 0, 0, 0, 27, 11, 80
"c:\ws-code\ws-kwik\kwik-ui\third_party\harfbuzz\src\test-bimap.cc", "C++", 0, 43, 0, 0, 0, 0, 0, 0, 0, 0, 0, 0, 0, 0, 0, 0, 0, 0, 0, 0, 0, 0, 0, 0, 25, 9, 77
"c:\ws-code\ws-kwik\kwik-ui\third_party\harfbuzz\src\test-buffer-serialize.cc", "C++", 0, 91, 0, 0, 0, 0, 0, 0, 0, 0, 0, 0, 0, 0, 0, 0, 0, 0, 0, 0, 0, 0, 0, 0, 25, 20, 136
"c:\ws-code\ws-kwik\kwik-ui\third_party\harfbuzz\src\test-cff.cc", "C++", 0, 48, 0, 0, 0, 0, 0, 0, 0, 0, 0, 0, 0, 0, 0, 0, 0, 0, 0, 0, 0, 0, 0, 0, 24, 4, 76
"c:\ws-code\ws-kwik\kwik-ui\third_party\harfbuzz\src\test-decycler.cc", "C++", 0, 67, 0, 0, 0, 0, 0, 0, 0, 0, 0, 0, 0, 0, 0, 0, 0, 0, 0, 0, 0, 0, 0, 0, 28, 22, 117
"c:\ws-code\ws-kwik\kwik-ui\third_party\harfbuzz\src\test-geometry.cc", "C++", 0, 28, 0, 0, 0, 0, 0, 0, 0, 0, 0, 0, 0, 0, 0, 0, 0, 0, 0, 0, 0, 0, 0, 0, 24, 8, 60
"c:\ws-code\ws-kwik\kwik-ui\third_party\harfbuzz\src\test-gpos-size-params.cc", "C++", 0, 27, 0, 0, 0, 0, 0, 0, 0, 0, 0, 0, 0, 0, 0, 0, 0, 0, 0, 0, 0, 0, 0, 0, 26, 10, 63
"c:\ws-code\ws-kwik\kwik-ui\third_party\harfbuzz\src\test-gsub-get-alternates.cc", "C++", 0, 50, 0, 0, 0, 0, 0, 0, 0, 0, 0, 0, 0, 0, 0, 0, 0, 0, 0, 0, 0, 0, 0, 0, 26, 11, 87
"c:\ws-code\ws-kwik\kwik-ui\third_party\harfbuzz\src\test-gsub-would-substitute.cc", "C++", 0, 33, 0, 0, 0, 0, 0, 0, 0, 0, 0, 0, 0, 0, 0, 0, 0, 0, 0, 0, 0, 0, 0, 0, 26, 9, 68
"c:\ws-code\ws-kwik\kwik-ui\third_party\harfbuzz\src\test-item-varstore.cc", "C++", 0, 91, 0, 0, 0, 0, 0, 0, 0, 0, 0, 0, 0, 0, 0, 0, 0, 0, 0, 0, 0, 0, 0, 0, 26, 21, 138
"c:\ws-code\ws-kwik\kwik-ui\third_party\harfbuzz\src\test-iter.cc", "C++", 0, 288, 0, 0, 0, 0, 0, 0, 0, 0, 0, 0, 0, 0, 0, 0, 0, 0, 0, 0, 0, 0, 0, 0, 33, 62, 383
"c:\ws-code\ws-kwik\kwik-ui\third_party\harfbuzz\src\test-machinery.cc", "C++", 0, 19, 0, 0, 0, 0, 0, 0, 0, 0, 0, 0, 0, 0, 0, 0, 0, 0, 0, 0, 0, 0, 0, 0, 23, 5, 47
"c:\ws-code\ws-kwik\kwik-ui\third_party\harfbuzz\src\test-map.cc", "C++", 0, 261, 0, 0, 0, 0, 0, 0, 0, 0, 0, 0, 0, 0, 0, 0, 0, 0, 0, 0, 0, 0, 0, 0, 45, 53, 359
"c:\ws-code\ws-kwik\kwik-ui\third_party\harfbuzz\src\test-multimap.cc", "C++", 0, 28, 0, 0, 0, 0, 0, 0, 0, 0, 0, 0, 0, 0, 0, 0, 0, 0, 0, 0, 0, 0, 0, 0, 23, 9, 60
"c:\ws-code\ws-kwik\kwik-ui\third_party\harfbuzz\src\test-number.cc", "C++", 0, 166, 0, 0, 0, 0, 0, 0, 0, 0, 0, 0, 0, 0, 0, 0, 0, 0, 0, 0, 0, 0, 0, 0, 24, 35, 225
"c:\ws-code\ws-kwik\kwik-ui\third_party\harfbuzz\src\test-ot-glyphname.cc", "C++", 0, 55, 0, 0, 0, 0, 0, 0, 0, 0, 0, 0, 0, 0, 0, 0, 0, 0, 0, 0, 0, 0, 0, 0, 25, 10, 90
"c:\ws-code\ws-kwik\kwik-ui\third_party\harfbuzz\src\test-ot-meta.cc", "C++", 0, 36, 0, 0, 0, 0, 0, 0, 0, 0, 0, 0, 0, 0, 0, 0, 0, 0, 0, 0, 0, 0, 0, 0, 23, 10, 69
"c:\ws-code\ws-kwik\kwik-ui\third_party\harfbuzz\src\test-ot-name.cc", "C++", 0, 38, 0, 0, 0, 0, 0, 0, 0, 0, 0, 0, 0, 0, 0, 0, 0, 0, 0, 0, 0, 0, 0, 0, 25, 12, 75
"c:\ws-code\ws-kwik\kwik-ui\third_party\harfbuzz\src\test-priority-queue.cc", "C++", 0, 45, 0, 0, 0, 0, 0, 0, 0, 0, 0, 0, 0, 0, 0, 0, 0, 0, 0, 0, 0, 0, 0, 0, 25, 12, 82
"c:\ws-code\ws-kwik\kwik-ui\third_party\harfbuzz\src\test-repacker.cc", "C++", 0, 2152, 0, 0, 0, 0, 0, 0, 0, 0, 0, 0, 0, 0, 0, 0, 0, 0, 0, 0, 0, 0, 0, 0, 75, 559, 2786
"c:\ws-code\ws-kwik\kwik-ui\third_party\harfbuzz\src\test-serialize.cc", "C++", 0, 18, 0, 0, 0, 0, 0, 0, 0, 0, 0, 0, 0, 0, 0, 0, 0, 0, 0, 0, 0, 0, 0, 0, 24, 11, 53
"c:\ws-code\ws-kwik\kwik-ui\third_party\harfbuzz\src\test-set.cc", "C++", 0, 105, 0, 0, 0, 0, 0, 0, 0, 0, 0, 0, 0, 0, 0, 0, 0, 0, 0, 0, 0, 0, 0, 0, 34, 27, 166
"c:\ws-code\ws-kwik\kwik-ui\third_party\harfbuzz\src\test-subset-instancer-solver.cc", "C++", 0, 391, 0, 0, 0, 0, 0, 0, 0, 0, 0, 0, 0, 0, 0, 0, 0, 0, 0, 0, 0, 0, 0, 0, 50, 39, 480
"c:\ws-code\ws-kwik\kwik-ui\third_party\harfbuzz\src\test-tuple-varstore.cc", "C++", 0, 111, 0, 0, 0, 0, 0, 0, 0, 0, 0, 0, 0, 0, 0, 0, 0, 0, 0, 0, 0, 0, 0, 0, 26, 23, 160
"c:\ws-code\ws-kwik\kwik-ui\third_party\harfbuzz\src\test-unicode-ranges.cc", "C++", 0, 34, 0, 0, 0, 0, 0, 0, 0, 0, 0, 0, 0, 0, 0, 0, 0, 0, 0, 0, 0, 0, 0, 0, 25, 8, 67
"c:\ws-code\ws-kwik\kwik-ui\third_party\harfbuzz\src\test-use-table.cc", "C++", 0, 14, 0, 0, 0, 0, 0, 0, 0, 0, 0, 0, 0, 0, 0, 0, 0, 0, 0, 0, 0, 0, 0, 0, 0, 5, 19
"c:\ws-code\ws-kwik\kwik-ui\third_party\harfbuzz\src\test-vector.cc", "C++", 0, 134, 0, 0, 0, 0, 0, 0, 0, 0, 0, 0, 0, 0, 0, 0, 0, 0, 0, 0, 0, 0, 0, 0, 32, 26, 192
"c:\ws-code\ws-kwik\kwik-ui\third_party\harfbuzz\src\test.cc", "C++", 0, 50, 0, 0, 0, 0, 0, 0, 0, 0, 0, 0, 0, 0, 0, 0, 0, 0, 0, 0, 0, 0, 0, 0, 26, 20, 96
"c:\ws-code\ws-kwik\kwik-ui\third_party\harfbuzz\src\wasm\graphite\Makefile", "Makefile", 0, 0, 0, 0, 0, 0, 0, 0, 0, 0, 0, 0, 0, 0, 22, 0, 0, 0, 0, 0, 0, 0, 0, 0, 0, 7, 29
"c:\ws-code\ws-kwik\kwik-ui\third_party\harfbuzz\src\wasm\graphite\shape.cc", "C++", 0, 214, 0, 0, 0, 0, 0, 0, 0, 0, 0, 0, 0, 0, 0, 0, 0, 0, 0, 0, 0, 0, 0, 0, 5, 32, 251
"c:\ws-code\ws-kwik\kwik-ui\third_party\harfbuzz\src\wasm\rust\harfbuzz-wasm\src\lib.rs", "Rust", 0, 0, 0, 0, 0, 0, 0, 0, 0, 0, 0, 0, 0, 0, 0, 0, 0, 0, 0, 0, 0, 0, 0, 319, 114, 32, 465
"c:\ws-code\ws-kwik\kwik-ui\third_party\harfbuzz\src\wasm\sample\c\Makefile", "Makefile", 0, 0, 0, 0, 0, 0, 0, 0, 0, 0, 0, 0, 0, 0, 19, 0, 0, 0, 0, 0, 0, 0, 0, 0, 0, 7, 26
"c:\ws-code\ws-kwik\kwik-ui\third_party\harfbuzz\src\wasm\sample\c\shape-fallback.cc", "C++", 0, 41, 0, 0, 0, 0, 0, 0, 0, 0, 0, 0, 0, 0, 0, 0, 0, 0, 0, 0, 0, 0, 0, 0, 0, 20, 61
"c:\ws-code\ws-kwik\kwik-ui\third_party\harfbuzz\src\wasm\sample\c\shape-ot.cc", "C++", 0, 15, 0, 0, 0, 0, 0, 0, 0, 0, 0, 0, 0, 0, 0, 0, 0, 0, 0, 0, 0, 0, 0, 0, 0, 4, 19
"c:\ws-code\ws-kwik\kwik-ui\third_party\harfbuzz\src\wasm\sample\rust\hello-wasm\src\lib.rs", "Rust", 0, 0, 0, 0, 0, 0, 0, 0, 0, 0, 0, 0, 0, 0, 0, 0, 0, 0, 0, 0, 0, 0, 0, 21, 2, 2, 25
"c:\ws-code\ws-kwik\kwik-ui\third_party\harfbuzz\test\api\hb-subset-test.h", "C++", 0, 59, 0, 0, 0, 0, 0, 0, 0, 0, 0, 0, 0, 0, 0, 0, 0, 0, 0, 0, 0, 0, 0, 0, 25, 18, 102
"c:\ws-code\ws-kwik\kwik-ui\third_party\harfbuzz\test\api\hb-test.h", "C++", 0, 202, 0, 0, 0, 0, 0, 0, 0, 0, 0, 0, 0, 0, 0, 0, 0, 0, 0, 0, 0, 0, 0, 0, 32, 46, 280
"c:\ws-code\ws-kwik\kwik-ui\third_party\harfbuzz\test\api\test-aat-layout.c", "C", 0, 0, 91, 0, 0, 0, 0, 0, 0, 0, 0, 0, 0, 0, 0, 0, 0, 0, 0, 0, 0, 0, 0, 0, 24, 25, 140
"c:\ws-code\ws-kwik\kwik-ui\third_party\harfbuzz\test\api\test-base-minmax.c", "C", 0, 0, 30, 0, 0, 0, 0, 0, 0, 0, 0, 0, 0, 0, 0, 0, 0, 0, 0, 0, 0, 0, 0, 0, 24, 13, 67
"c:\ws-code\ws-kwik\kwik-ui\third_party\harfbuzz\test\api\test-baseline.c", "C", 0, 0, 76, 0, 0, 0, 0, 0, 0, 0, 0, 0, 0, 0, 0, 0, 0, 0, 0, 0, 0, 0, 0, 0, 24, 22, 122
"c:\ws-code\ws-kwik\kwik-ui\third_party\harfbuzz\test\api\test-be-glyph-advance.c", "C", 0, 0, 69, 0, 0, 0, 0, 0, 0, 0, 0, 0, 0, 0, 0, 0, 0, 0, 0, 0, 0, 0, 0, 0, 23, 10, 102
"c:\ws-code\ws-kwik\kwik-ui\third_party\harfbuzz\test\api\test-be-num-glyphs.c", "C", 0, 0, 38, 0, 0, 0, 0, 0, 0, 0, 0, 0, 0, 0, 0, 0, 0, 0, 0, 0, 0, 0, 0, 0, 23, 13, 74
"c:\ws-code\ws-kwik\kwik-ui\third_party\harfbuzz\test\api\test-blob.c", "C", 0, 0, 256, 0, 0, 0, 0, 0, 0, 0, 0, 0, 0, 0, 0, 0, 0, 0, 0, 0, 0, 0, 0, 0, 32, 69, 357
"c:\ws-code\ws-kwik\kwik-ui\third_party\harfbuzz\test\api\test-buffer.c", "C", 0, 0, 782, 0, 0, 0, 0, 0, 0, 0, 0, 0, 0, 0, 0, 0, 0, 0, 0, 0, 0, 0, 0, 0, 75, 178, 1035
"c:\ws-code\ws-kwik\kwik-ui\third_party\harfbuzz\test\api\test-c.c", "C", 0, 0, 49, 0, 0, 0, 0, 0, 0, 0, 0, 0, 0, 0, 0, 0, 0, 0, 0, 0, 0, 0, 0, 0, 27, 18, 94
"c:\ws-code\ws-kwik\kwik-ui\third_party\harfbuzz\test\api\test-collect-unicodes.c", "C", 0, 0, 94, 0, 0, 0, 0, 0, 0, 0, 0, 0, 0, 0, 0, 0, 0, 0, 0, 0, 0, 0, 0, 0, 25, 22, 141
"c:\ws-code\ws-kwik\kwik-ui\third_party\harfbuzz\test\api\test-common.c", "C", 0, 0, 236, 0, 0, 0, 0, 0, 0, 0, 0, 0, 0, 0, 0, 0, 0, 0, 0, 0, 0, 0, 0, 0, 33, 65, 334
"c:\ws-code\ws-kwik\kwik-ui\third_party\harfbuzz\test\api\test-coretext.c", "C", 0, 0, 61, 0, 0, 0, 0, 0, 0, 0, 0, 0, 0, 0, 0, 0, 0, 0, 0, 0, 0, 0, 0, 0, 27, 26, 114
"c:\ws-code\ws-kwik\kwik-ui\third_party\harfbuzz\test\api\test-cplusplus.cc", "C++", 0, 55, 0, 0, 0, 0, 0, 0, 0, 0, 0, 0, 0, 0, 0, 0, 0, 0, 0, 0, 0, 0, 0, 0, 35, 25, 115
"c:\ws-code\ws-kwik\kwik-ui\third_party\harfbuzz\test\api\test-directwrite.cc", "C++", 0, 80, 0, 0, 0, 0, 0, 0, 0, 0, 0, 0, 0, 0, 0, 0, 0, 0, 0, 0, 0, 0, 0, 0, 30, 33, 143
"c:\ws-code\ws-kwik\kwik-ui\third_party\harfbuzz\test\api\test-draw-varc.c", "C", 0, 0, 212, 0, 0, 0, 0, 0, 0, 0, 0, 0, 0, 0, 0, 0, 0, 0, 0, 0, 0, 0, 0, 0, 25, 39, 276
"c:\ws-code\ws-kwik\kwik-ui\third_party\harfbuzz\test\api\test-draw.c", "C", 0, 0, 1019, 0, 0, 0, 0, 0, 0, 0, 0, 0, 0, 0, 0, 0, 0, 0, 0, 0, 0, 0, 0, 0, 61, 127, 1207
"c:\ws-code\ws-kwik\kwik-ui\third_party\harfbuzz\test\api\test-extents.c", "C", 0, 0, 77, 0, 0, 0, 0, 0, 0, 0, 0, 0, 0, 0, 0, 0, 0, 0, 0, 0, 0, 0, 0, 0, 34, 23, 134
"c:\ws-code\ws-kwik\kwik-ui\third_party\harfbuzz\test\api\test-face.c", "C", 0, 0, 67, 0, 0, 0, 0, 0, 0, 0, 0, 0, 0, 0, 0, 0, 0, 0, 0, 0, 0, 0, 0, 0, 24, 20, 111
"c:\ws-code\ws-kwik\kwik-ui\third_party\harfbuzz\test\api\test-font-scale.c", "C", 0, 0, 23, 0, 0, 0, 0, 0, 0, 0, 0, 0, 0, 0, 0, 0, 0, 0, 0, 0, 0, 0, 0, 0, 26, 9, 58
"c:\ws-code\ws-kwik\kwik-ui\third_party\harfbuzz\test\api\test-font.c", "C", 0, 0, 517, 0, 0, 0, 0, 0, 0, 0, 0, 0, 0, 0, 0, 0, 0, 0, 0, 0, 0, 0, 0, 0, 42, 136, 695
"c:\ws-code\ws-kwik\kwik-ui\third_party\harfbuzz\test\api\test-ft.c", "C", 0, 0, 141, 0, 0, 0, 0, 0, 0, 0, 0, 0, 0, 0, 0, 0, 0, 0, 0, 0, 0, 0, 0, 0, 25, 54, 220
"c:\ws-code\ws-kwik\kwik-ui\third_party\harfbuzz\test\api\test-get-table-tags.c", "C", 0, 0, 119, 0, 0, 0, 0, 0, 0, 0, 0, 0, 0, 0, 0, 0, 0, 0, 0, 0, 0, 0, 0, 0, 25, 33, 177
"c:\ws-code\ws-kwik\kwik-ui\third_party\harfbuzz\test\api\test-glyph-names.c", "C", 0, 0, 266, 0, 0, 0, 0, 0, 0, 0, 0, 0, 0, 0, 0, 0, 0, 0, 0, 0, 0, 0, 0, 0, 59, 69, 394
"c:\ws-code\ws-kwik\kwik-ui\third_party\harfbuzz\test\api\test-gpu.cc", "C++", 0, 450, 0, 0, 0, 0, 0, 0, 0, 0, 0, 0, 0, 0, 0, 0, 0, 0, 0, 0, 0, 0, 0, 0, 80, 109, 639
"c:\ws-code\ws-kwik\kwik-ui\third_party\harfbuzz\test\api\test-instance-cff2.c", "C", 0, 0, 37, 0, 0, 0, 0, 0, 0, 0, 0, 0, 0, 0, 0, 0, 0, 0, 0, 0, 0, 0, 0, 0, 25, 14, 76
"c:\ws-code\ws-kwik\kwik-ui\third_party\harfbuzz\test\api\test-map.c", "C", 0, 0, 90, 0, 0, 0, 0, 0, 0, 0, 0, 0, 0, 0, 0, 0, 0, 0, 0, 0, 0, 0, 0, 0, 26, 30, 146
"c:\ws-code\ws-kwik\kwik-ui\third_party\harfbuzz\test\api\test-multithread.c", "C", 0, 0, 100, 0, 0, 0, 0, 0, 0, 0, 0, 0, 0, 0, 0, 0, 0, 0, 0, 0, 0, 0, 0, 0, 28, 34, 162
"c:\ws-code\ws-kwik\kwik-ui\third_party\harfbuzz\test\api\test-object.c", "C", 0, 0, 315, 0, 0, 0, 0, 0, 0, 0, 0, 0, 0, 0, 0, 0, 0, 0, 0, 0, 0, 0, 0, 0, 26, 31, 372
"c:\ws-code\ws-kwik\kwik-ui\third_party\harfbuzz\test\api\test-ot-alternates.c", "C", 0, 0, 23, 0, 0, 0, 0, 0, 0, 0, 0, 0, 0, 0, 0, 0, 0, 0, 0, 0, 0, 0, 0, 0, 23, 8, 54
"c:\ws-code\ws-kwik\kwik-ui\third_party\harfbuzz\test\api\test-ot-collect-glyphs.c", "C", 0, 0, 358, 0, 0, 0, 0, 0, 0, 0, 0, 0, 0, 0, 0, 0, 0, 0, 0, 0, 0, 0, 0, 0, 44, 91, 493
"c:\ws-code\ws-kwik\kwik-ui\third_party\harfbuzz\test\api\test-ot-color.c", "C", 0, 0, 346, 0, 0, 0, 0, 0, 0, 0, 0, 0, 0, 0, 0, 0, 0, 0, 0, 0, 0, 0, 0, 0, 107, 71, 524
"c:\ws-code\ws-kwik\kwik-ui\third_party\harfbuzz\test\api\test-ot-extents-cff.c", "C", 0, 0, 157, 0, 0, 0, 0, 0, 0, 0, 0, 0, 0, 0, 0, 0, 0, 0, 0, 0, 0, 0, 0, 0, 26, 42, 225
"c:\ws-code\ws-kwik\kwik-ui\third_party\harfbuzz\test\api\test-ot-face.c", "C", 0, 0, 168, 0, 0, 0, 0, 0, 0, 0, 0, 0, 0, 0, 0, 0, 0, 0, 0, 0, 0, 0, 0, 0, 27, 34, 229
"c:\ws-code\ws-kwik\kwik-ui\third_party\harfbuzz\test\api\test-ot-glyphname.c", "C", 0, 0, 52, 0, 0, 0, 0, 0, 0, 0, 0, 0, 0, 0, 0, 0, 0, 0, 0, 0, 0, 0, 0, 0, 26, 17, 95
"c:\ws-code\ws-kwik\kwik-ui\third_party\harfbuzz\test\api\test-ot-layout.c", "C", 0, 0, 185, 0, 0, 0, 0, 0, 0, 0, 0, 0, 0, 0, 0, 0, 0, 0, 0, 0, 0, 0, 0, 0, 23, 21, 229
"c:\ws-code\ws-kwik\kwik-ui\third_party\harfbuzz\test\api\test-ot-ligature-carets.c", "C", 0, 0, 109, 0, 0, 0, 0, 0, 0, 0, 0, 0, 0, 0, 0, 0, 0, 0, 0, 0, 0, 0, 0, 0, 33, 33, 175
"c:\ws-code\ws-kwik\kwik-ui\third_party\harfbuzz\test\api\test-ot-math.c", "C", 0, 0, 720, 0, 0, 0, 0, 0, 0, 0, 0, 0, 0, 0, 0, 0, 0, 0, 0, 0, 0, 0, 0, 0, 32, 84, 836
"c:\ws-code\ws-kwik\kwik-ui\third_party\harfbuzz\test\api\test-ot-meta.c", "C", 0, 0, 50, 0, 0, 0, 0, 0, 0, 0, 0, 0, 0, 0, 0, 0, 0, 0, 0, 0, 0, 0, 0, 0, 24, 11, 85
"c:\ws-code\ws-kwik\kwik-ui\third_party\harfbuzz\test\api\test-ot-metrics-tt-var.c", "C", 0, 0, 178, 0, 0, 0, 0, 0, 0, 0, 0, 0, 0, 0, 0, 0, 0, 0, 0, 0, 0, 0, 0, 0, 26, 58, 262
"c:\ws-code\ws-kwik\kwik-ui\third_party\harfbuzz\test\api\test-ot-metrics.c", "C", 0, 0, 46, 0, 0, 0, 0, 0, 0, 0, 0, 0, 0, 0, 0, 0, 0, 0, 0, 0, 0, 0, 0, 0, 25, 8, 79
"c:\ws-code\ws-kwik\kwik-ui\third_party\harfbuzz\test\api\test-ot-name.c", "C", 0, 0, 82, 0, 0, 0, 0, 0, 0, 0, 0, 0, 0, 0, 0, 0, 0, 0, 0, 0, 0, 0, 0, 0, 24, 17, 123
"c:\ws-code\ws-kwik\kwik-ui\third_party\harfbuzz\test\api\test-ot-tag.c", "C", 0, 0, 409, 0, 0, 0, 0, 0, 0, 0, 0, 0, 0, 0, 0, 0, 0, 0, 0, 0, 0, 0, 0, 0, 61, 102, 572
"c:\ws-code\ws-kwik\kwik-ui\third_party\harfbuzz\test\api\test-paint.c", "C", 0, 0, 635, 0, 0, 0, 0, 0, 0, 0, 0, 0, 0, 0, 0, 0, 0, 0, 0, 0, 0, 0, 0, 0, 57, 143, 835
"c:\ws-code\ws-kwik\kwik-ui\third_party\harfbuzz\test\api\test-raster.cc", "C++", 0, 137, 0, 0, 0, 0, 0, 0, 0, 0, 0, 0, 0, 0, 0, 0, 0, 0, 0, 0, 0, 0, 0, 0, 47, 59, 243
"c:\ws-code\ws-kwik\kwik-ui\third_party\harfbuzz\test\api\test-set.c", "C", 0, 0, 1031, 0, 0, 0, 0, 0, 0, 0, 0, 0, 0, 0, 0, 0, 0, 0, 0, 0, 0, 0, 0, 0, 66, 216, 1313
"c:\ws-code\ws-kwik\kwik-ui\third_party\harfbuzz\test\api\test-shape-plan.c", "C", 0, 0, 241, 0, 0, 0, 0, 0, 0, 0, 0, 0, 0, 0, 0, 0, 0, 0, 0, 0, 0, 0, 0, 0, 35, 60, 336
"c:\ws-code\ws-kwik\kwik-ui\third_party\harfbuzz\test\api\test-shape.c", "C", 0, 0, 137, 0, 0, 0, 0, 0, 0, 0, 0, 0, 0, 0, 0, 0, 0, 0, 0, 0, 0, 0, 0, 0, 36, 36, 209
"c:\ws-code\ws-kwik\kwik-ui\third_party\harfbuzz\test\api\test-style.c", "C", 0, 0, 137, 0, 0, 0, 0, 0, 0, 0, 0, 0, 0, 0, 0, 0, 0, 0, 0, 0, 0, 0, 0, 0, 27, 44, 208
"c:\ws-code\ws-kwik\kwik-ui\third_party\harfbuzz\test\api\test-subset-cbdt.c", "C", 0, 0, 99, 0, 0, 0, 0, 0, 0, 0, 0, 0, 0, 0, 0, 0, 0, 0, 0, 0, 0, 0, 0, 0, 33, 27, 159
"c:\ws-code\ws-kwik\kwik-ui\third_party\harfbuzz\test\api\test-subset-cff1.c", "C", 0, 0, 297, 0, 0, 0, 0, 0, 0, 0, 0, 0, 0, 0, 0, 0, 0, 0, 0, 0, 0, 0, 0, 0, 26, 70, 393
"c:\ws-code\ws-kwik\kwik-ui\third_party\harfbuzz\test\api\test-subset-cff2.c", "C", 0, 0, 146, 0, 0, 0, 0, 0, 0, 0, 0, 0, 0, 0, 0, 0, 0, 0, 0, 0, 0, 0, 0, 0, 26, 37, 209
"c:\ws-code\ws-kwik\kwik-ui\third_party\harfbuzz\test\api\test-subset-cmap.c", "C", 0, 0, 133, 0, 0, 0, 0, 0, 0, 0, 0, 0, 0, 0, 0, 0, 0, 0, 0, 0, 0, 0, 0, 0, 27, 37, 197
"c:\ws-code\ws-kwik\kwik-ui\third_party\harfbuzz\test\api\test-subset-colr.c", "C", 0, 0, 73, 0, 0, 0, 0, 0, 0, 0, 0, 0, 0, 0, 0, 0, 0, 0, 0, 0, 0, 0, 0, 0, 26, 22, 121
"c:\ws-code\ws-kwik\kwik-ui\third_party\harfbuzz\test\api\test-subset-drop-tables.c", "C", 0, 0, 35, 0, 0, 0, 0, 0, 0, 0, 0, 0, 0, 0, 0, 0, 0, 0, 0, 0, 0, 0, 0, 0, 26, 12, 73
"c:\ws-code\ws-kwik\kwik-ui\third_party\harfbuzz\test\api\test-subset-glyf.c", "C", 0, 0, 311, 0, 0, 0, 0, 0, 0, 0, 0, 0, 0, 0, 0, 0, 0, 0, 0, 0, 0, 0, 0, 0, 27, 77, 415
"c:\ws-code\ws-kwik\kwik-ui\third_party\harfbuzz\test\api\test-subset-gpos.c", "C", 0, 0, 48, 0, 0, 0, 0, 0, 0, 0, 0, 0, 0, 0, 0, 0, 0, 0, 0, 0, 0, 0, 0, 0, 26, 20, 94
"c:\ws-code\ws-kwik\kwik-ui\third_party\harfbuzz\test\api\test-subset-gvar.c", "C", 0, 0, 60, 0, 0, 0, 0, 0, 0, 0, 0, 0, 0, 0, 0, 0, 0, 0, 0, 0, 0, 0, 0, 0, 26, 18, 104
"c:\ws-code\ws-kwik\kwik-ui\third_party\harfbuzz\test\api\test-subset-hdmx.c", "C", 0, 0, 74, 0, 0, 0, 0, 0, 0, 0, 0, 0, 0, 0, 0, 0, 0, 0, 0, 0, 0, 0, 0, 0, 26, 24, 124
"c:\ws-code\ws-kwik\kwik-ui\third_party\harfbuzz\test\api\test-subset-hmtx.c", "C", 0, 0, 125, 0, 0, 0, 0, 0, 0, 0, 0, 0, 0, 0, 0, 0, 0, 0, 0, 0, 0, 0, 0, 0, 27, 35, 187
"c:\ws-code\ws-kwik\kwik-ui\third_party\harfbuzz\test\api\test-subset-hvar.c", "C", 0, 0, 129, 0, 0, 0, 0, 0, 0, 0, 0, 0, 0, 0, 0, 0, 0, 0, 0, 0, 0, 0, 0, 0, 26, 35, 190
"c:\ws-code\ws-kwik\kwik-ui\third_party\harfbuzz\test\api\test-subset-nameids.c", "C", 0, 0, 76, 0, 0, 0, 0, 0, 0, 0, 0, 0, 0, 0, 0, 0, 0, 0, 0, 0, 0, 0, 0, 0, 25, 20, 121
"c:\ws-code\ws-kwik\kwik-ui\third_party\harfbuzz\test\api\test-subset-os2.c", "C", 0, 0, 24, 0, 0, 0, 0, 0, 0, 0, 0, 0, 0, 0, 0, 0, 0, 0, 0, 0, 0, 0, 0, 0, 25, 11, 60
"c:\ws-code\ws-kwik\kwik-ui\third_party\harfbuzz\test\api\test-subset-post.c", "C", 0, 0, 24, 0, 0, 0, 0, 0, 0, 0, 0, 0, 0, 0, 0, 0, 0, 0, 0, 0, 0, 0, 0, 0, 26, 11, 61
"c:\ws-code\ws-kwik\kwik-ui\third_party\harfbuzz\test\api\test-subset-repacker.c", "C", 0, 0, 163, 0, 0, 0, 0, 0, 0, 0, 0, 0, 0, 0, 0, 0, 0, 0, 0, 0, 0, 0, 0, 0, 24, 31, 218
"c:\ws-code\ws-kwik\kwik-ui\third_party\harfbuzz\test\api\test-subset-sbix.c", "C", 0, 0, 39, 0, 0, 0, 0, 0, 0, 0, 0, 0, 0, 0, 0, 0, 0, 0, 0, 0, 0, 0, 0, 0, 28, 15, 82
"c:\ws-code\ws-kwik\kwik-ui\third_party\harfbuzz\test\api\test-subset-vmtx.c", "C", 0, 0, 56, 0, 0, 0, 0, 0, 0, 0, 0, 0, 0, 0, 0, 0, 0, 0, 0, 0, 0, 0, 0, 0, 26, 18, 100
"c:\ws-code\ws-kwik\kwik-ui\third_party\harfbuzz\test\api\test-subset-vvar.c", "C", 0, 0, 60, 0, 0, 0, 0, 0, 0, 0, 0, 0, 0, 0, 0, 0, 0, 0, 0, 0, 0, 0, 0, 0, 26, 18, 104
"c:\ws-code\ws-kwik\kwik-ui\third_party\harfbuzz\test\api\test-subset.c", "C", 0, 0, 318, 0, 0, 0, 0, 0, 0, 0, 0, 0, 0, 0, 0, 0, 0, 0, 0, 0, 0, 0, 0, 0, 31, 80, 429
"c:\ws-code\ws-kwik\kwik-ui\third_party\harfbuzz\test\api\test-unicode.c", "C", 0, 0, 752, 0, 0, 0, 0, 0, 0, 0, 0, 0, 0, 0, 0, 0, 0, 0, 0, 0, 0, 0, 0, 0, 113, 195, 1060
"c:\ws-code\ws-kwik\kwik-ui\third_party\harfbuzz\test\api\test-var-coords.c", "C", 0, 0, 44, 0, 0, 0, 0, 0, 0, 0, 0, 0, 0, 0, 0, 0, 0, 0, 0, 0, 0, 0, 0, 0, 26, 17, 87
"c:\ws-code\ws-kwik\kwik-ui\third_party\harfbuzz\test\api\test-version.c", "C", 0, 0, 43, 0, 0, 0, 0, 0, 0, 0, 0, 0, 0, 0, 0, 0, 0, 0, 0, 0, 0, 0, 0, 0, 26, 13, 82
"c:\ws-code\ws-kwik\kwik-ui\third_party\harfbuzz\test\fuzzing\README.md", "Markdown", 0, 0, 0, 0, 0, 11, 0, 0, 0, 0, 0, 0, 0, 0, 0, 0, 0, 0, 0, 0, 0, 0, 0, 0, 0, 7, 18
"c:\ws-code\ws-kwik\kwik-ui\third_party\harfbuzz\test\fuzzing\decode-seed.py", "Python", 0, 0, 0, 0, 0, 0, 0, 0, 0, 0, 0, 0, 0, 0, 0, 0, 37, 0, 0, 0, 0, 0, 0, 0, 188, 8, 233
"c:\ws-code\ws-kwik\kwik-ui\third_party\harfbuzz\test\fuzzing\glob.py", "Python", 0, 0, 0, 0, 0, 0, 0, 0, 0, 0, 0, 0, 0, 0, 0, 0, 12, 0, 0, 0, 0, 0, 0, 0, 1, 4, 17
"c:\ws-code\ws-kwik\kwik-ui\third_party\harfbuzz\test\fuzzing\hb-fuzzer.hh", "C++", 0, 91, 0, 0, 0, 0, 0, 0, 0, 0, 0, 0, 0, 0, 0, 0, 0, 0, 0, 0, 0, 0, 0, 0, 4, 21, 116
"c:\ws-code\ws-kwik\kwik-ui\third_party\harfbuzz\test\fuzzing\hb-gpu-fuzzer.cc", "C++", 0, 53, 0, 0, 0, 0, 0, 0, 0, 0, 0, 0, 0, 0, 0, 0, 0, 0, 0, 0, 0, 0, 0, 0, 0, 11, 64
"c:\ws-code\ws-kwik\kwik-ui\third_party\harfbuzz\test\fuzzing\hb-raster-fuzzer.cc", "C++", 0, 60, 0, 0, 0, 0, 0, 0, 0, 0, 0, 0, 0, 0, 0, 0, 0, 0, 0, 0, 0, 0, 0, 0, 1, 12, 73
"c:\ws-code\ws-kwik\kwik-ui\third_party\harfbuzz\test\fuzzing\hb-repacker-fuzzer.cc", "C++", 0, 103, 0, 0, 0, 0, 0, 0, 0, 0, 0, 0, 0, 0, 0, 0, 0, 0, 0, 0, 0, 0, 0, 0, 14, 29, 146
"c:\ws-code\ws-kwik\kwik-ui\third_party\harfbuzz\test\fuzzing\hb-shape-fuzzer.cc", "C++", 0, 36, 0, 0, 0, 0, 0, 0, 0, 0, 0, 0, 0, 0, 0, 0, 0, 0, 0, 0, 0, 0, 0, 0, 0, 9, 45
"c:\ws-code\ws-kwik\kwik-ui\third_party\harfbuzz\test\fuzzing\hb-shape-input.hh", "C++", 0, 230, 0, 0, 0, 0, 0, 0, 0, 0, 0, 0, 0, 0, 0, 0, 0, 0, 0, 0, 0, 0, 0, 0, 0, 35, 265
"c:\ws-code\ws-kwik\kwik-ui\third_party\harfbuzz\test\fuzzing\hb-subset-fuzzer.cc", "C++", 0, 298, 0, 0, 0, 0, 0, 0, 0, 0, 0, 0, 0, 0, 0, 0, 0, 0, 0, 0, 0, 0, 0, 0, 2, 56, 356
"c:\ws-code\ws-kwik\kwik-ui\third_party\harfbuzz\test\fuzzing\hb-vector-fuzzer.cc", "C++", 0, 66, 0, 0, 0, 0, 0, 0, 0, 0, 0, 0, 0, 0, 0, 0, 0, 0, 0, 0, 0, 0, 0, 0, 3, 15, 84
"c:\ws-code\ws-kwik\kwik-ui\third_party\harfbuzz\test\fuzzing\hb_fuzzing_tools.py", "Python", 0, 0, 0, 0, 0, 0, 0, 0, 0, 0, 0, 0, 0, 0, 0, 0, 292, 0, 0, 0, 0, 0, 0, 0, 1, 78, 371
"c:\ws-code\ws-kwik\kwik-ui\third_party\harfbuzz\test\fuzzing\main.cc", "C++", 0, 20, 0, 0, 0, 0, 0, 0, 0, 0, 0, 0, 0, 0, 0, 0, 0, 0, 0, 0, 0, 0, 0, 0, 0, 10, 30
"c:\ws-code\ws-kwik\kwik-ui\third_party\harfbuzz\test\fuzzing\record-subset-test.py", "Python", 0, 0, 0, 0, 0, 0, 0, 0, 0, 0, 0, 0, 0, 0, 0, 0, 90, 0, 0, 0, 0, 0, 0, 0, 237, 13, 340
"c:\ws-code\ws-kwik\kwik-ui\third_party\harfbuzz\test\fuzzing\record-test.py", "Python", 0, 0, 0, 0, 0, 0, 0, 0, 0, 0, 0, 0, 0, 0, 0, 0, 24, 0, 0, 0, 0, 0, 0, 0, 43, 9, 76
"c:\ws-code\ws-kwik\kwik-ui\third_party\harfbuzz\test\shape\README.md", "Markdown", 0, 0, 0, 0, 0, 39, 0, 0, 0, 0, 0, 0, 0, 0, 0, 0, 0, 0, 0, 0, 0, 0, 0, 0, 0, 6, 45
"c:\ws-code\ws-kwik\kwik-ui\third_party\harfbuzz\test\shape\data\aots\hb-aots-tester.cpp", "C++", 0, 346, 0, 0, 0, 0, 0, 0, 0, 0, 0, 0, 0, 0, 0, 0, 0, 0, 0, 0, 0, 0, 0, 0, 23, 79, 448
"c:\ws-code\ws-kwik\kwik-ui\third_party\harfbuzz\test\shape\data\aots\update.py", "Python", 0, 0, 0, 0, 0, 0, 0, 0, 0, 0, 0, 0, 0, 0, 0, 0, 21, 0, 0, 0, 0, 0, 0, 0, 2, 7, 30
"c:\ws-code\ws-kwik\kwik-ui\third_party\harfbuzz\test\shape\data\text-rendering-tests\fonts\Selawik-README.md", "Markdown", 0, 0, 0, 0, 0, 42, 0, 0, 0, 0, 0, 0, 0, 0, 0, 0, 0, 0, 0, 0, 0, 0, 0, 0, 0, 19, 61
"c:\ws-code\ws-kwik\kwik-ui\third_party\harfbuzz\test\shape\data\text-rendering-tests\update.py", "Python", 0, 0, 0, 0, 0, 0, 0, 0, 0, 0, 0, 0, 0, 0, 0, 0, 104, 0, 0, 0, 0, 0, 0, 0, 2, 28, 134
"c:\ws-code\ws-kwik\kwik-ui\third_party\harfbuzz\test\shape\hb_test_tools.py", "Python", 0, 0, 0, 0, 0, 0, 0, 0, 0, 0, 0, 0, 0, 0, 0, 0, 391, 0, 0, 0, 0, 0, 0, 0, 13, 88, 492
"c:\ws-code\ws-kwik\kwik-ui\third_party\harfbuzz\test\shape\record-test.sh", "Shell Script", 0, 0, 0, 0, 0, 0, 0, 0, 0, 0, 0, 0, 148, 0, 0, 0, 0, 0, 0, 0, 0, 0, 0, 0, 4, 13, 165
"c:\ws-code\ws-kwik\kwik-ui\third_party\harfbuzz\test\shape\run-tests.py", "Python", 0, 0, 0, 0, 0, 0, 0, 0, 0, 0, 0, 0, 0, 0, 0, 0, 279, 0, 0, 0, 0, 0, 0, 0, 14, 65, 358
"c:\ws-code\ws-kwik\kwik-ui\third_party\harfbuzz\test\subset\generate-expected-outputs.py", "Python", 0, 0, 0, 0, 0, 0, 0, 0, 0, 0, 0, 0, 0, 0, 0, 0, 92, 0, 0, 0, 0, 0, 0, 0, 6, 22, 120
"c:\ws-code\ws-kwik\kwik-ui\third_party\harfbuzz\test\subset\repack_test.py", "Python", 0, 0, 0, 0, 0, 0, 0, 0, 0, 0, 0, 0, 0, 0, 0, 0, 23, 0, 0, 0, 0, 0, 0, 0, 4, 10, 37
"c:\ws-code\ws-kwik\kwik-ui\third_party\harfbuzz\test\subset\run-repack-tests.py", "Python", 0, 0, 0, 0, 0, 0, 0, 0, 0, 0, 0, 0, 0, 0, 0, 0, 108, 0, 0, 0, 0, 0, 0, 0, 4, 36, 148
"c:\ws-code\ws-kwik\kwik-ui\third_party\harfbuzz\test\subset\run-tests.py", "Python", 0, 0, 0, 0, 0, 0, 0, 0, 0, 0, 0, 0, 0, 0, 0, 0, 177, 0, 0, 0, 0, 0, 0, 0, 6, 47, 230
"c:\ws-code\ws-kwik\kwik-ui\third_party\harfbuzz\test\subset\subset_test_suite.py", "Python", 0, 0, 0, 0, 0, 0, 0, 0, 0, 0, 0, 0, 0, 0, 0, 0, 151, 0, 0, 0, 0, 0, 0, 0, 7, 26, 184
"c:\ws-code\ws-kwik\kwik-ui\third_party\harfbuzz\test\threads\hb-shape-threads.cc", "C++", 0, 149, 0, 0, 0, 0, 0, 0, 0, 0, 0, 0, 0, 0, 0, 0, 0, 0, 0, 0, 0, 0, 0, 0, 4, 34, 187
"c:\ws-code\ws-kwik\kwik-ui\third_party\harfbuzz\test\threads\hb-subset-threads.cc", "C++", 0, 150, 0, 0, 0, 0, 0, 0, 0, 0, 0, 0, 0, 0, 0, 0, 0, 0, 0, 0, 0, 0, 0, 0, 2, 31, 183
"c:\ws-code\ws-kwik\kwik-ui\third_party\harfbuzz\test\vector\README.md", "Markdown", 0, 0, 0, 0, 0, 45, 0, 0, 0, 0, 0, 0, 0, 0, 0, 0, 0, 0, 0, 0, 0, 0, 0, 0, 0, 17, 62
"c:\ws-code\ws-kwik\kwik-ui\third_party\harfbuzz\test\vector\data\expected\basic\cff1.svg", "XML", 0, 0, 0, 8, 0, 0, 0, 0, 0, 0, 0, 0, 0, 0, 0, 0, 0, 0, 0, 0, 0, 0, 0, 0, 0, 1, 9
"c:\ws-code\ws-kwik\kwik-ui\third_party\harfbuzz\test\vector\data\expected\basic\cff2-var-cntr.svg", "XML", 0, 0, 0, 8, 0, 0, 0, 0, 0, 0, 0, 0, 0, 0, 0, 0, 0, 0, 0, 0, 0, 0, 0, 0, 0, 1, 9
"c:\ws-code\ws-kwik\kwik-ui\third_party\harfbuzz\test\vector\data\expected\basic\cff2-var-wght900.svg", "XML", 0, 0, 0, 8, 0, 0, 0, 0, 0, 0, 0, 0, 0, 0, 0, 0, 0, 0, 0, 0, 0, 0, 0, 0, 0, 1, 9
"c:\ws-code\ws-kwik\kwik-ui\third_party\harfbuzz\test\vector\data\expected\basic\default.svg", "XML", 0, 0, 0, 8, 0, 0, 0, 0, 0, 0, 0, 0, 0, 0, 0, 0, 0, 0, 0, 0, 0, 0, 0, 0, 0, 1, 9
"c:\ws-code\ws-kwik\kwik-ui\third_party\harfbuzz\test\vector\data\expected\basic\glyf-var-wght900.svg", "XML", 0, 0, 0, 8, 0, 0, 0, 0, 0, 0, 0, 0, 0, 0, 0, 0, 0, 0, 0, 0, 0, 0, 0, 0, 0, 1, 9
"c:\ws-code\ws-kwik\kwik-ui\third_party\harfbuzz\test\vector\data\expected\basic\glyf-vvar-ttb-wght900.svg", "XML", 0, 0, 0, 8, 0, 0, 0, 0, 0, 0, 0, 0, 0, 0, 0, 0, 0, 0, 0, 0, 0, 0, 0, 0, 0, 1, 9
"c:\ws-code\ws-kwik\kwik-ui\third_party\harfbuzz\test\vector\data\expected\basic\handwriting-cff-colr-1.svg", "XML", 0, 0, 0, 109, 0, 0, 0, 0, 0, 0, 0, 0, 0, 0, 0, 0, 0, 0, 0, 0, 0, 0, 0, 0, 0, 1, 110
"c:\ws-code\ws-kwik\kwik-ui\third_party\harfbuzz\test\vector\data\expected\basic\handwriting-glyf-colr-1.svg", "XML", 0, 0, 0, 109, 0, 0, 0, 0, 0, 0, 0, 0, 0, 0, 0, 0, 0, 0, 0, 0, 0, 0, 0, 0, 0, 1, 110
"c:\ws-code\ws-kwik\kwik-ui\third_party\harfbuzz\test\vector\data\expected\basic\handwriting-sbix.svg", "XML", 0, 0, 0, 8, 0, 0, 0, 0, 0, 0, 0, 0, 0, 0, 0, 0, 0, 0, 0, 0, 0, 0, 0, 0, 0, 1, 9
"c:\ws-code\ws-kwik\kwik-ui\third_party\harfbuzz\test\vector\data\expected\basic\iran-nastaliq-y-offsets.svg", "XML", 0, 0, 0, 12, 0, 0, 0, 0, 0, 0, 0, 0, 0, 0, 0, 0, 0, 0, 0, 0, 0, 0, 0, 0, 0, 1, 13
"c:\ws-code\ws-kwik\kwik-ui\third_party\harfbuzz\test\vector\data\expected\basic\multiline.svg", "XML", 0, 0, 0, 8, 0, 0, 0, 0, 0, 0, 0, 0, 0, 0, 0, 0, 0, 0, 0, 0, 0, 0, 0, 0, 0, 1, 9
"c:\ws-code\ws-kwik\kwik-ui\third_party\harfbuzz\test\vector\data\expected\basic\ttb.svg", "XML", 0, 0, 0, 8, 0, 0, 0, 0, 0, 0, 0, 0, 0, 0, 0, 0, 0, 0, 0, 0, 0, 0, 0, 0, 0, 1, 9
"c:\ws-code\ws-kwik\kwik-ui\third_party\harfbuzz\test\vector\data\expected\basic\upem-default.svg", "XML", 0, 0, 0, 8, 0, 0, 0, 0, 0, 0, 0, 0, 0, 0, 0, 0, 0, 0, 0, 0, 0, 0, 0, 0, 0, 1, 9
"c:\ws-code\ws-kwik\kwik-ui\third_party\harfbuzz\test\vector\data\expected\varc\conditional-default.svg", "XML", 0, 0, 0, 6, 0, 0, 0, 0, 0, 0, 0, 0, 0, 0, 0, 0, 0, 0, 0, 0, 0, 0, 0, 0, 0, 1, 7
"c:\ws-code\ws-kwik\kwik-ui\third_party\harfbuzz\test\vector\data\expected\varc\conditional-wght840p3.svg", "XML", 0, 0, 0, 6, 0, 0, 0, 0, 0, 0, 0, 0, 0, 0, 0, 0, 0, 0, 0, 0, 0, 0, 0, 0, 0, 1, 7
"c:\ws-code\ws-kwik\kwik-ui\third_party\harfbuzz\test\vector\data\expected\varc\default.svg", "XML", 0, 0, 0, 7, 0, 0, 0, 0, 0, 0, 0, 0, 0, 0, 0, 0, 0, 0, 0, 0, 0, 0, 0, 0, 0, 1, 8
"c:\ws-code\ws-kwik\kwik-ui\third_party\harfbuzz\test\vector\data\expected\varc\wght840p3.svg", "XML", 0, 0, 0, 7, 0, 0, 0, 0, 0, 0, 0, 0, 0, 0, 0, 0, 0, 0, 0, 0, 0, 0, 0, 0, 0, 1, 8
"c:\ws-code\ws-kwik\kwik-ui\third_party\harfbuzz\test\vector\record-test.sh", "Shell Script", 0, 0, 0, 0, 0, 0, 0, 0, 0, 0, 0, 0, 283, 0, 0, 0, 0, 0, 0, 0, 0, 0, 0, 0, 3, 34, 320
"c:\ws-code\ws-kwik\kwik-ui\third_party\harfbuzz\test\vector\run-tests.py", "Python", 0, 0, 0, 0, 0, 0, 0, 0, 0, 0, 0, 0, 0, 0, 0, 0, 199, 0, 0, 0, 0, 0, 0, 0, 4, 52, 255
"c:\ws-code\ws-kwik\kwik-ui\third_party\harfbuzz\util\ansi-print.hh", "C++", 0, 368, 0, 0, 0, 0, 0, 0, 0, 0, 0, 0, 0, 0, 0, 0, 0, 0, 0, 0, 0, 0, 0, 0, 33, 40, 441
"c:\ws-code\ws-kwik\kwik-ui\third_party\harfbuzz\util\batch.hh", "C++", 0, 42, 0, 0, 0, 0, 0, 0, 0, 0, 0, 0, 0, 0, 0, 0, 0, 0, 0, 0, 0, 0, 0, 0, 23, 11, 76
"c:\ws-code\ws-kwik\kwik-ui\third_party\harfbuzz\util\draw-output-color.hh", "C++", 0, 811, 0, 0, 0, 0, 0, 0, 0, 0, 0, 0, 0, 0, 0, 0, 0, 0, 0, 0, 0, 0, 0, 0, 37, 119, 967
"c:\ws-code\ws-kwik\kwik-ui\third_party\harfbuzz\util\face-options.hh", "C++", 0, 135, 0, 0, 0, 0, 0, 0, 0, 0, 0, 0, 0, 0, 0, 0, 0, 0, 0, 0, 0, 0, 0, 0, 25, 28, 188
"c:\ws-code\ws-kwik\kwik-ui\third_party\harfbuzz\util\font-options.hh", "C++", 0, 307, 0, 0, 0, 0, 0, 0, 0, 0, 0, 0, 0, 0, 0, 0, 0, 0, 0, 0, 0, 0, 0, 0, 27, 42, 376
"c:\ws-code\ws-kwik\kwik-ui\third_party\harfbuzz\util\gpu-output.hh", "C++", 0, 342, 0, 0, 0, 0, 0, 0, 0, 0, 0, 0, 0, 0, 0, 0, 0, 0, 0, 0, 0, 0, 0, 0, 48, 54, 444
"c:\ws-code\ws-kwik\kwik-ui\third_party\harfbuzz\util\gpu\default-font.hh", "C++", 0, 2777, 0, 0, 0, 0, 0, 0, 0, 0, 0, 0, 0, 0, 0, 0, 0, 0, 0, 0, 0, 0, 0, 0, 0, 1, 2778
"c:\ws-code\ws-kwik\kwik-ui\third_party\harfbuzz\util\gpu\default-text-combined.hh", "C++", 0, 62, 0, 0, 0, 0, 0, 0, 0, 0, 0, 0, 0, 0, 0, 0, 0, 0, 0, 0, 0, 0, 0, 0, 0, 1, 63
"c:\ws-code\ws-kwik\kwik-ui\third_party\harfbuzz\util\gpu\default-text-en.hh", "C++", 0, 70, 0, 0, 0, 0, 0, 0, 0, 0, 0, 0, 0, 0, 0, 0, 0, 0, 0, 0, 0, 0, 0, 0, 0, 1, 71
"c:\ws-code\ws-kwik\kwik-ui\third_party\harfbuzz\util\gpu\default-text-fa.hh", "C++", 0, 80, 0, 0, 0, 0, 0, 0, 0, 0, 0, 0, 0, 0, 0, 0, 0, 0, 0, 0, 0, 0, 0, 0, 0, 1, 81
"c:\ws-code\ws-kwik\kwik-ui\third_party\harfbuzz\util\gpu\default-text.hh", "C++", 0, 71, 0, 0, 0, 0, 0, 0, 0, 0, 0, 0, 0, 0, 0, 0, 0, 0, 0, 0, 0, 0, 0, 0, 0, 1, 72
"c:\ws-code\ws-kwik\kwik-ui\third_party\harfbuzz\util\gpu\demo-atlas.cc", "C++", 0, 152, 0, 0, 0, 0, 0, 0, 0, 0, 0, 0, 0, 0, 0, 0, 0, 0, 0, 0, 0, 0, 0, 0, 5, 29, 186
"c:\ws-code\ws-kwik\kwik-ui\third_party\harfbuzz\util\gpu\demo-atlas.h", "C++", 0, 29, 0, 0, 0, 0, 0, 0, 0, 0, 0, 0, 0, 0, 0, 0, 0, 0, 0, 0, 0, 0, 0, 0, 5, 18, 52
"c:\ws-code\ws-kwik\kwik-ui\third_party\harfbuzz\util\gpu\demo-buffer.cc", "C++", 0, 157, 0, 0, 0, 0, 0, 0, 0, 0, 0, 0, 0, 0, 0, 0, 0, 0, 0, 0, 0, 0, 0, 0, 4, 33, 194
"c:\ws-code\ws-kwik\kwik-ui\third_party\harfbuzz\util\gpu\demo-buffer.h", "C++", 0, 43, 0, 0, 0, 0, 0, 0, 0, 0, 0, 0, 0, 0, 0, 0, 0, 0, 0, 0, 0, 0, 0, 0, 5, 18, 66
"c:\ws-code\ws-kwik\kwik-ui\third_party\harfbuzz\util\gpu\demo-common.h", "C++", 0, 98, 0, 0, 0, 0, 0, 0, 0, 0, 0, 0, 0, 0, 0, 0, 0, 0, 0, 0, 0, 0, 0, 0, 6, 29, 133
"c:\ws-code\ws-kwik\kwik-ui\third_party\harfbuzz\util\gpu\demo-font.cc", "C++", 0, 182, 0, 0, 0, 0, 0, 0, 0, 0, 0, 0, 0, 0, 0, 0, 0, 0, 0, 0, 0, 0, 0, 0, 3, 30, 215
"c:\ws-code\ws-kwik\kwik-ui\third_party\harfbuzz\util\gpu\demo-font.h", "C++", 0, 43, 0, 0, 0, 0, 0, 0, 0, 0, 0, 0, 0, 0, 0, 0, 0, 0, 0, 0, 0, 0, 0, 0, 9, 21, 73
"c:\ws-code\ws-kwik\kwik-ui\third_party\harfbuzz\util\gpu\demo-fragment-glsl.hh", "C++", 0, 54, 0, 0, 0, 0, 0, 0, 0, 0, 0, 0, 0, 0, 0, 0, 0, 0, 0, 0, 0, 0, 0, 0, 0, 1, 55
"c:\ws-code\ws-kwik\kwik-ui\third_party\harfbuzz\util\gpu\demo-fragment.glsl", "GLSL", 0, 0, 0, 0, 0, 0, 0, 0, 0, 0, 40, 0, 0, 0, 0, 0, 0, 0, 0, 0, 0, 0, 0, 0, 5, 8, 53
"c:\ws-code\ws-kwik\kwik-ui\third_party\harfbuzz\util\gpu\demo-glstate.cc", "C++", 0, 68, 0, 0, 0, 0, 0, 0, 0, 0, 0, 0, 0, 0, 0, 0, 0, 0, 0, 0, 0, 0, 0, 0, 6, 21, 95
"c:\ws-code\ws-kwik\kwik-ui\third_party\harfbuzz\util\gpu\demo-glstate.h", "C++", 0, 27, 0, 0, 0, 0, 0, 0, 0, 0, 0, 0, 0, 0, 0, 0, 0, 0, 0, 0, 0, 0, 0, 0, 3, 17, 47
"c:\ws-code\ws-kwik\kwik-ui\third_party\harfbuzz\util\gpu\demo-metal.mm", "Objective-C++", 0, 0, 0, 0, 0, 0, 0, 0, 0, 0, 0, 0, 0, 0, 0, 0, 0, 0, 329, 0, 0, 0, 0, 0, 31, 74, 434
"c:\ws-code\ws-kwik\kwik-ui\third_party\harfbuzz\util\gpu\demo-renderer-d3d11.cc", "C++", 0, 269, 0, 0, 0, 0, 0, 0, 0, 0, 0, 0, 0, 0, 0, 0, 0, 0, 0, 0, 0, 0, 0, 0, 19, 40, 328
"c:\ws-code\ws-kwik\kwik-ui\third_party\harfbuzz\util\gpu\demo-renderer-gl.cc", "C++", 0, 123, 0, 0, 0, 0, 0, 0, 0, 0, 0, 0, 0, 0, 0, 0, 0, 0, 0, 0, 0, 0, 0, 0, 3, 34, 160
"c:\ws-code\ws-kwik\kwik-ui\third_party\harfbuzz\util\gpu\demo-renderer.h", "C++", 0, 33, 0, 0, 0, 0, 0, 0, 0, 0, 0, 0, 0, 0, 0, 0, 0, 0, 0, 0, 0, 0, 0, 0, 8, 17, 58
"c:\ws-code\ws-kwik\kwik-ui\third_party\harfbuzz\util\gpu\demo-shader-hlsl.hh", "C++", 0, 66, 0, 0, 0, 0, 0, 0, 0, 0, 0, 0, 0, 0, 0, 0, 0, 0, 0, 0, 0, 0, 0, 0, 0, 1, 67
"c:\ws-code\ws-kwik\kwik-ui\third_party\harfbuzz\util\gpu\demo-shader-msl.hh", "C++", 0, 81, 0, 0, 0, 0, 0, 0, 0, 0, 0, 0, 0, 0, 0, 0, 0, 0, 0, 0, 0, 0, 0, 0, 0, 1, 82
"c:\ws-code\ws-kwik\kwik-ui\third_party\harfbuzz\util\gpu\demo-shader-wgsl.hh", "C++", 0, 79, 0, 0, 0, 0, 0, 0, 0, 0, 0, 0, 0, 0, 0, 0, 0, 0, 0, 0, 0, 0, 0, 0, 0, 1, 80
"c:\ws-code\ws-kwik\kwik-ui\third_party\harfbuzz\util\gpu\demo-shader.cc", "C++", 0, 88, 0, 0, 0, 0, 0, 0, 0, 0, 0, 0, 0, 0, 0, 0, 0, 0, 0, 0, 0, 0, 0, 0, 6, 25, 119
"c:\ws-code\ws-kwik\kwik-ui\third_party\harfbuzz\util\gpu\demo-shader.h", "C++", 0, 56, 0, 0, 0, 0, 0, 0, 0, 0, 0, 0, 0, 0, 0, 0, 0, 0, 0, 0, 0, 0, 0, 0, 8, 18, 82
"c:\ws-code\ws-kwik\kwik-ui\third_party\harfbuzz\util\gpu\demo-shader.hlsl", "HLSL", 0, 0, 0, 0, 0, 0, 0, 0, 0, 0, 0, 0, 0, 0, 0, 0, 0, 55, 0, 0, 0, 0, 0, 0, 3, 7, 65
"c:\ws-code\ws-kwik\kwik-ui\third_party\harfbuzz\util\gpu\demo-vertex-glsl.hh", "C++", 0, 32, 0, 0, 0, 0, 0, 0, 0, 0, 0, 0, 0, 0, 0, 0, 0, 0, 0, 0, 0, 0, 0, 0, 0, 1, 33
"c:\ws-code\ws-kwik\kwik-ui\third_party\harfbuzz\util\gpu\demo-vertex.glsl", "GLSL", 0, 0, 0, 0, 0, 0, 0, 0, 0, 0, 20, 0, 0, 0, 0, 0, 0, 0, 0, 0, 0, 0, 0, 0, 3, 8, 31
"c:\ws-code\ws-kwik\kwik-ui\third_party\harfbuzz\util\gpu\demo-view.cc", "C++", 0, 703, 0, 0, 0, 0, 0, 0, 0, 0, 0, 0, 0, 0, 0, 0, 0, 0, 0, 0, 0, 0, 0, 0, 34, 110, 847
"c:\ws-code\ws-kwik\kwik-ui\third_party\harfbuzz\util\gpu\demo-view.h", "C++", 0, 64, 0, 0, 0, 0, 0, 0, 0, 0, 0, 0, 0, 0, 0, 0, 0, 0, 0, 0, 0, 0, 0, 0, 5, 29, 98
"c:\ws-code\ws-kwik\kwik-ui\third_party\harfbuzz\util\gpu\gen-default-texts.py", "Python", 0, 0, 0, 0, 0, 0, 0, 0, 0, 0, 0, 0, 0, 0, 0, 0, 53, 0, 0, 0, 0, 0, 0, 0, 5, 10, 68
"c:\ws-code\ws-kwik\kwik-ui\third_party\harfbuzz\util\gpu\matrix4x4.hh", "C++", 0, 287, 0, 0, 0, 0, 0, 0, 0, 0, 0, 0, 0, 0, 0, 0, 0, 0, 0, 0, 0, 0, 0, 0, 54, 73, 414
"c:\ws-code\ws-kwik\kwik-ui\third_party\harfbuzz\util\gpu\trackball.hh", "C++", 0, 181, 0, 0, 0, 0, 0, 0, 0, 0, 0, 0, 0, 0, 0, 0, 0, 0, 0, 0, 0, 0, 0, 0, 119, 48, 348
"c:\ws-code\ws-kwik\kwik-ui\third_party\harfbuzz\util\gpu\web\build-webgpu.sh", "Shell Script", 0, 0, 0, 0, 0, 0, 0, 0, 0, 0, 0, 0, 26, 0, 0, 0, 0, 0, 0, 0, 0, 0, 0, 0, 3, 7, 36
"c:\ws-code\ws-kwik\kwik-ui\third_party\harfbuzz\util\gpu\web\build.sh", "Shell Script", 0, 0, 0, 0, 0, 0, 0, 0, 0, 0, 0, 0, 31, 0, 0, 0, 0, 0, 0, 0, 0, 0, 0, 0, 3, 7, 41
"c:\ws-code\ws-kwik\kwik-ui\third_party\harfbuzz\util\gpu\web\config-override.h", "C++", 0, 5, 0, 0, 0, 0, 0, 0, 0, 0, 0, 0, 0, 0, 0, 0, 0, 0, 0, 0, 0, 0, 0, 0, 1, 2, 8
"c:\ws-code\ws-kwik\kwik-ui\third_party\harfbuzz\util\gpu\web\config.h", "C++", 0, 4, 0, 0, 0, 0, 0, 0, 0, 0, 0, 0, 0, 0, 0, 0, 0, 0, 0, 0, 0, 0, 0, 0, 3, 2, 9
"c:\ws-code\ws-kwik\kwik-ui\third_party\harfbuzz\util\gpu\web\dom.html", "HTML", 0, 0, 0, 0, 0, 0, 0, 0, 0, 0, 0, 0, 0, 0, 0, 139, 0, 0, 0, 0, 0, 0, 0, 0, 0, 7, 146
"c:\ws-code\ws-kwik\kwik-ui\third_party\harfbuzz\util\gpu\web\gl-stub.h", "C++", 0, 77, 0, 0, 0, 0, 0, 0, 0, 0, 0, 0, 0, 0, 0, 0, 0, 0, 0, 0, 0, 0, 0, 0, 8, 11, 96
"c:\ws-code\ws-kwik\kwik-ui\third_party\harfbuzz\util\gpu\web\hb-gpu-web-webgpu.cc", "C++", 0, 844, 0, 0, 0, 0, 0, 0, 0, 0, 0, 0, 0, 0, 0, 0, 0, 0, 0, 0, 0, 0, 0, 0, 78, 156, 1078
"c:\ws-code\ws-kwik\kwik-ui\third_party\harfbuzz\util\gpu\web\hb-gpu-web.cc", "C++", 0, 231, 0, 0, 0, 0, 0, 0, 0, 0, 0, 0, 0, 0, 0, 0, 0, 0, 0, 0, 0, 0, 0, 0, 64, 54, 349
"c:\ws-code\ws-kwik\kwik-ui\third_party\harfbuzz\util\gpu\web\shell.html", "HTML", 0, 0, 0, 0, 0, 0, 0, 0, 0, 0, 0, 0, 0, 0, 0, 751, 0, 0, 0, 0, 0, 0, 0, 0, 0, 28, 779
"c:\ws-code\ws-kwik\kwik-ui\third_party\harfbuzz\util\hb-draw-all.c", "C", 0, 0, 35, 0, 0, 0, 0, 0, 0, 0, 0, 0, 0, 0, 0, 0, 0, 0, 0, 0, 0, 0, 0, 0, 0, 11, 46
"c:\ws-code\ws-kwik\kwik-ui\third_party\harfbuzz\util\hb-fc-list.c", "C", 0, 0, 178, 0, 0, 0, 0, 0, 0, 0, 0, 0, 0, 0, 0, 0, 0, 0, 0, 0, 0, 0, 0, 0, 24, 21, 223
"c:\ws-code\ws-kwik\kwik-ui\third_party\harfbuzz\util\hb-fc.cc", "C++", 0, 85, 0, 0, 0, 0, 0, 0, 0, 0, 0, 0, 0, 0, 0, 0, 0, 0, 0, 0, 0, 0, 0, 0, 38, 25, 148
"c:\ws-code\ws-kwik\kwik-ui\third_party\harfbuzz\util\hb-fc.h", "C++", 0, 11, 0, 0, 0, 0, 0, 0, 0, 0, 0, 0, 0, 0, 0, 0, 0, 0, 0, 0, 0, 0, 0, 0, 25, 11, 47
"c:\ws-code\ws-kwik\kwik-ui\third_party\harfbuzz\util\hb-ft-raster-all.cc", "C++", 0, 156, 0, 0, 0, 0, 0, 0, 0, 0, 0, 0, 0, 0, 0, 0, 0, 0, 0, 0, 0, 0, 0, 0, 25, 27, 208
"c:\ws-code\ws-kwik\kwik-ui\third_party\harfbuzz\util\hb-ft-raster.cc", "C++", 0, 241, 0, 0, 0, 0, 0, 0, 0, 0, 0, 0, 0, 0, 0, 0, 0, 0, 0, 0, 0, 0, 0, 0, 40, 56, 337
"c:\ws-code\ws-kwik\kwik-ui\third_party\harfbuzz\util\hb-gpu-encode-all.cc", "C++", 0, 183, 0, 0, 0, 0, 0, 0, 0, 0, 0, 0, 0, 0, 0, 0, 0, 0, 0, 0, 0, 0, 0, 0, 27, 27, 237
"c:\ws-code\ws-kwik\kwik-ui\third_party\harfbuzz\util\hb-gpu.cc", "C++", 0, 130, 0, 0, 0, 0, 0, 0, 0, 0, 0, 0, 0, 0, 0, 0, 0, 0, 0, 0, 0, 0, 0, 0, 28, 31, 189
"c:\ws-code\ws-kwik\kwik-ui\third_party\harfbuzz\util\hb-info.cc", "C++", 0, 1180, 0, 0, 0, 0, 0, 0, 0, 0, 0, 0, 0, 0, 0, 0, 0, 0, 0, 0, 0, 0, 0, 0, 27, 235, 1442
"c:\ws-code\ws-kwik\kwik-ui\third_party\harfbuzz\util\hb-paint-all.c", "C", 0, 0, 35, 0, 0, 0, 0, 0, 0, 0, 0, 0, 0, 0, 0, 0, 0, 0, 0, 0, 0, 0, 0, 0, 0, 11, 46
"c:\ws-code\ws-kwik\kwik-ui\third_party\harfbuzz\util\hb-raster-all.cc", "C++", 0, 148, 0, 0, 0, 0, 0, 0, 0, 0, 0, 0, 0, 0, 0, 0, 0, 0, 0, 0, 0, 0, 0, 0, 25, 24, 197
"c:\ws-code\ws-kwik\kwik-ui\third_party\harfbuzz\util\hb-raster.cc", "C++", 0, 14, 0, 0, 0, 0, 0, 0, 0, 0, 0, 0, 0, 0, 0, 0, 0, 0, 0, 0, 0, 0, 0, 0, 25, 4, 43
"c:\ws-code\ws-kwik\kwik-ui\third_party\harfbuzz\util\hb-shape.cc", "C++", 0, 14, 0, 0, 0, 0, 0, 0, 0, 0, 0, 0, 0, 0, 0, 0, 0, 0, 0, 0, 0, 0, 0, 0, 26, 4, 44
"c:\ws-code\ws-kwik\kwik-ui\third_party\harfbuzz\util\hb-subset.cc", "C++", 0, 844, 0, 0, 0, 0, 0, 0, 0, 0, 0, 0, 0, 0, 0, 0, 0, 0, 0, 0, 0, 0, 0, 0, 37, 158, 1039
"c:\ws-code\ws-kwik\kwik-ui\third_party\harfbuzz\util\hb-vector-svg-all.c", "C", 0, 0, 70, 0, 0, 0, 0, 0, 0, 0, 0, 0, 0, 0, 0, 0, 0, 0, 0, 0, 0, 0, 0, 0, 0, 12, 82
"c:\ws-code\ws-kwik\kwik-ui\third_party\harfbuzz\util\hb-vector.cc", "C++", 0, 14, 0, 0, 0, 0, 0, 0, 0, 0, 0, 0, 0, 0, 0, 0, 0, 0, 0, 0, 0, 0, 0, 0, 23, 4, 41
"c:\ws-code\ws-kwik\kwik-ui\third_party\harfbuzz\util\hb-view.cc", "C++", 0, 14, 0, 0, 0, 0, 0, 0, 0, 0, 0, 0, 0, 0, 0, 0, 0, 0, 0, 0, 0, 0, 0, 0, 26, 4, 44
"c:\ws-code\ws-kwik\kwik-ui\third_party\harfbuzz\util\helper-cairo-ansi.hh", "C++", 0, 37, 0, 0, 0, 0, 0, 0, 0, 0, 0, 0, 0, 0, 0, 0, 0, 0, 0, 0, 0, 0, 0, 0, 25, 8, 70
"c:\ws-code\ws-kwik\kwik-ui\third_party\harfbuzz\util\helper-cairo-ft.hh", "C++", 0, 77, 0, 0, 0, 0, 0, 0, 0, 0, 0, 0, 0, 0, 0, 0, 0, 0, 0, 0, 0, 0, 0, 0, 29, 11, 117
"c:\ws-code\ws-kwik\kwik-ui\third_party\harfbuzz\util\helper-cairo.hh", "C++", 0, 508, 0, 0, 0, 0, 0, 0, 0, 0, 0, 0, 0, 0, 0, 0, 0, 0, 0, 0, 0, 0, 0, 0, 35, 71, 614
"c:\ws-code\ws-kwik\kwik-ui\third_party\harfbuzz\util\helper-extents-overlay.hh", "C++", 0, 43, 0, 0, 0, 0, 0, 0, 0, 0, 0, 0, 0, 0, 0, 0, 0, 0, 0, 0, 0, 0, 0, 0, 46, 10, 99
"c:\ws-code\ws-kwik\kwik-ui\third_party\harfbuzz\util\helper-image-output.hh", "C++", 0, 256, 0, 0, 0, 0, 0, 0, 0, 0, 0, 0, 0, 0, 0, 0, 0, 0, 0, 0, 0, 0, 0, 0, 33, 43, 332
"c:\ws-code\ws-kwik\kwik-ui\third_party\harfbuzz\util\helper-subset.hh", "C++", 0, 78, 0, 0, 0, 0, 0, 0, 0, 0, 0, 0, 0, 0, 0, 0, 0, 0, 0, 0, 0, 0, 0, 0, 26, 13, 117
"c:\ws-code\ws-kwik\kwik-ui\third_party\harfbuzz\util\main-font-text.hh", "C++", 0, 64, 0, 0, 0, 0, 0, 0, 0, 0, 0, 0, 0, 0, 0, 0, 0, 0, 0, 0, 0, 0, 0, 0, 26, 20, 110
"c:\ws-code\ws-kwik\kwik-ui\third_party\harfbuzz\util\options.hh", "C++", 0, 304, 0, 0, 0, 0, 0, 0, 0, 0, 0, 0, 0, 0, 0, 0, 0, 0, 0, 0, 0, 0, 0, 0, 32, 58, 394
"c:\ws-code\ws-kwik\kwik-ui\third_party\harfbuzz\util\output-options.hh", "C++", 0, 90, 0, 0, 0, 0, 0, 0, 0, 0, 0, 0, 0, 0, 0, 0, 0, 0, 0, 0, 0, 0, 0, 0, 25, 14, 129
"c:\ws-code\ws-kwik\kwik-ui\third_party\harfbuzz\util\raster-output.hh", "C++", 0, 735, 0, 0, 0, 0, 0, 0, 0, 0, 0, 0, 0, 0, 0, 0, 0, 0, 0, 0, 0, 0, 0, 0, 35, 107, 877
"c:\ws-code\ws-kwik\kwik-ui\third_party\harfbuzz\util\shape-consumer.hh", "C++", 0, 75, 0, 0, 0, 0, 0, 0, 0, 0, 0, 0, 0, 0, 0, 0, 0, 0, 0, 0, 0, 0, 0, 0, 25, 17, 117
"c:\ws-code\ws-kwik\kwik-ui\third_party\harfbuzz\util\shape-format.hh", "C++", 0, 172, 0, 0, 0, 0, 0, 0, 0, 0, 0, 0, 0, 0, 0, 0, 0, 0, 0, 0, 0, 0, 0, 0, 25, 18, 215
"c:\ws-code\ws-kwik\kwik-ui\third_party\harfbuzz\util\shape-options.hh", "C++", 0, 387, 0, 0, 0, 0, 0, 0, 0, 0, 0, 0, 0, 0, 0, 0, 0, 0, 0, 0, 0, 0, 0, 0, 36, 49, 472
"c:\ws-code\ws-kwik\kwik-ui\third_party\harfbuzz\util\shape-output.hh", "C++", 0, 114, 0, 0, 0, 0, 0, 0, 0, 0, 0, 0, 0, 0, 0, 0, 0, 0, 0, 0, 0, 0, 0, 0, 30, 18, 162
"c:\ws-code\ws-kwik\kwik-ui\third_party\harfbuzz\util\test-hb-subset-parsing.c", "C", 0, 0, 92, 0, 0, 0, 0, 0, 0, 0, 0, 0, 0, 0, 0, 0, 0, 0, 0, 0, 0, 0, 0, 0, 0, 18, 110
"c:\ws-code\ws-kwik\kwik-ui\third_party\harfbuzz\util\text-options.hh", "C++", 0, 308, 0, 0, 0, 0, 0, 0, 0, 0, 0, 0, 0, 0, 0, 0, 0, 0, 0, 0, 0, 0, 0, 0, 27, 56, 391
"c:\ws-code\ws-kwik\kwik-ui\third_party\harfbuzz\util\vector-output.hh", "C++", 0, 431, 0, 0, 0, 0, 0, 0, 0, 0, 0, 0, 0, 0, 0, 0, 0, 0, 0, 0, 0, 0, 0, 0, 30, 79, 540
"c:\ws-code\ws-kwik\kwik-ui\third_party\harfbuzz\util\view-cairo.hh", "C++", 0, 248, 0, 0, 0, 0, 0, 0, 0, 0, 0, 0, 0, 0, 0, 0, 0, 0, 0, 0, 0, 0, 0, 0, 37, 39, 324
"c:\ws-code\ws-kwik\kwik-ui\third_party\harfbuzz\util\view-options.hh", "C++", 0, 333, 0, 0, 0, 0, 0, 0, 0, 0, 0, 0, 0, 0, 0, 0, 0, 0, 0, 0, 0, 0, 0, 0, 25, 38, 396
"c:\ws-code\ws-kwik\kwik-ui\third_party\nanosvg\AI_POLICY.md", "Markdown", 0, 0, 0, 0, 0, 22, 0, 0, 0, 0, 0, 0, 0, 0, 0, 0, 0, 0, 0, 0, 0, 0, 0, 0, 0, 8, 30
"c:\ws-code\ws-kwik\kwik-ui\third_party\nanosvg\CMakeLists.txt", "CMake", 0, 0, 0, 0, 59, 0, 0, 0, 0, 0, 0, 0, 0, 0, 0, 0, 0, 0, 0, 0, 0, 0, 0, 0, 0, 16, 75
"c:\ws-code\ws-kwik\kwik-ui\third_party\nanosvg\README.md", "Markdown", 0, 0, 0, 0, 0, 78, 0, 0, 0, 0, 0, 0, 0, 0, 0, 0, 0, 0, 0, 0, 0, 0, 0, 0, 0, 35, 113
"c:\ws-code\ws-kwik\kwik-ui\third_party\nanosvg\example\23.svg", "XML", 0, 0, 0, 729, 0, 0, 0, 0, 0, 0, 0, 0, 0, 0, 0, 0, 0, 0, 0, 0, 0, 0, 0, 0, 0, 2, 731
"c:\ws-code\ws-kwik\kwik-ui\third_party\nanosvg\example\drawing.svg", "XML", 0, 0, 0, 95, 0, 0, 0, 0, 0, 0, 0, 0, 0, 0, 0, 0, 0, 0, 0, 0, 0, 0, 0, 0, 1, 2, 98
"c:\ws-code\ws-kwik\kwik-ui\third_party\nanosvg\example\example1.c", "C", 0, 0, 198, 0, 0, 0, 0, 0, 0, 0, 0, 0, 0, 0, 0, 0, 0, 0, 0, 0, 0, 0, 0, 0, 24, 37, 259
"c:\ws-code\ws-kwik\kwik-ui\third_party\nanosvg\example\example2.c", "C", 0, 0, 43, 0, 0, 0, 0, 0, 0, 0, 0, 0, 0, 0, 0, 0, 0, 0, 0, 0, 0, 0, 0, 0, 17, 10, 70
"c:\ws-code\ws-kwik\kwik-ui\third_party\nanosvg\example\nano.svg", "XML", 0, 0, 0, 26, 0, 0, 0, 0, 0, 0, 0, 0, 0, 0, 0, 0, 0, 0, 0, 0, 0, 0, 0, 0, 1, 1, 28
"c:\ws-code\ws-kwik\kwik-ui\third_party\nanosvg\example\stb_image_write.h", "C++", 0, 388, 0, 0, 0, 0, 0, 0, 0, 0, 0, 0, 0, 0, 0, 0, 0, 0, 0, 0, 0, 0, 0, 0, 73, 51, 512
"c:\ws-code\ws-kwik\kwik-ui\third_party\nanosvg\premake4.lua", "Lua", 0, 0, 0, 0, 0, 0, 0, 0, 0, 0, 0, 0, 0, 0, 0, 0, 0, 0, 0, 0, 0, 42, 0, 0, 0, 15, 57
"c:\ws-code\ws-kwik\kwik-ui\third_party\nanosvg\src\nanosvg.h", "C++", 0, 2712, 0, 0, 0, 0, 0, 0, 0, 0, 0, 0, 0, 0, 0, 0, 0, 0, 0, 0, 0, 0, 0, 0, 195, 371, 3278
"c:\ws-code\ws-kwik\kwik-ui\third_party\nanosvg\src\nanosvgrast.h", "C++", 0, 1098, 0, 0, 0, 0, 0, 0, 0, 0, 0, 0, 0, 0, 0, 0, 0, 0, 0, 0, 0, 0, 0, 0, 164, 211, 1473
"c:\ws-code\ws-kwik\kwik-ui\third_party\quickjs\.github\dependabot.yml", "YAML", 0, 0, 0, 0, 0, 0, 0, 0, 0, 6, 0, 0, 0, 0, 0, 0, 0, 0, 0, 0, 0, 0, 0, 0, 1, 1, 8
"c:\ws-code\ws-kwik\kwik-ui\third_party\quickjs\.github\workflows\ci.yml", "YAML", 0, 0, 0, 0, 0, 0, 0, 0, 0, 716, 0, 0, 0, 0, 0, 0, 0, 0, 0, 0, 0, 0, 0, 0, 37, 59, 812
"c:\ws-code\ws-kwik\kwik-ui\third_party\quickjs\.github\workflows\docs.yml", "YAML", 0, 0, 0, 0, 0, 0, 0, 0, 0, 41, 0, 0, 0, 0, 0, 0, 0, 0, 0, 0, 0, 0, 0, 0, 2, 7, 50
"c:\ws-code\ws-kwik\kwik-ui\third_party\quickjs\.github\workflows\release.yml", "YAML", 0, 0, 0, 0, 0, 0, 0, 0, 0, 155, 0, 0, 0, 0, 0, 0, 0, 0, 0, 0, 0, 0, 0, 0, 0, 8, 163
"c:\ws-code\ws-kwik\kwik-ui\third_party\quickjs\.github\workflows\test-docs.yml", "YAML", 0, 0, 0, 0, 0, 0, 0, 0, 0, 21, 0, 0, 0, 0, 0, 0, 0, 0, 0, 0, 0, 0, 0, 0, 0, 3, 24
"c:\ws-code\ws-kwik\kwik-ui\third_party\quickjs\.github\workflows\tsan.yml", "YAML", 0, 0, 0, 0, 0, 0, 0, 0, 0, 30, 0, 0, 0, 0, 0, 0, 0, 0, 0, 0, 0, 0, 0, 0, 0, 3, 33
"c:\ws-code\ws-kwik\kwik-ui\third_party\quickjs\.github\workflows\valgrind.yml", "YAML", 0, 0, 0, 0, 0, 0, 0, 0, 0, 31, 0, 0, 0, 0, 0, 0, 0, 0, 0, 0, 0, 0, 0, 0, 0, 3, 34
"c:\ws-code\ws-kwik\kwik-ui\third_party\quickjs\CMakeLists.txt", "CMake", 0, 0, 0, 0, 502, 0, 0, 0, 0, 0, 0, 0, 0, 0, 0, 0, 0, 0, 0, 0, 0, 0, 0, 0, 0, 61, 563
"c:\ws-code\ws-kwik\kwik-ui\third_party\quickjs\Makefile", "Makefile", 0, 0, 0, 0, 0, 0, 0, 0, 0, 0, 0, 0, 0, 0, 95, 0, 0, 0, 0, 0, 0, 0, 0, 0, 27, 28, 150
"c:\ws-code\ws-kwik\kwik-ui\third_party\quickjs\README.md", "Markdown", 0, 0, 0, 0, 0, 16, 0, 0, 0, 0, 0, 0, 0, 0, 0, 0, 0, 0, 0, 0, 0, 0, 0, 0, 0, 9, 25
"c:\ws-code\ws-kwik\kwik-ui\third_party\quickjs\amalgam.js", "JavaScript", 51, 0, 0, 0, 0, 0, 0, 0, 0, 0, 0, 0, 0, 0, 0, 0, 0, 0, 0, 0, 0, 0, 0, 0, 0, 3, 54
"c:\ws-code\ws-kwik\kwik-ui\third_party\quickjs\api-test.c", "C", 0, 0, 849, 0, 0, 0, 0, 0, 0, 0, 0, 0, 0, 0, 0, 0, 0, 0, 0, 0, 0, 0, 0, 0, 18, 61, 928
"c:\ws-code\ws-kwik\kwik-ui\third_party\quickjs\builtin-array-fromasync.h", "C++", 0, 114, 0, 0, 0, 0, 0, 0, 0, 0, 0, 0, 0, 0, 0, 0, 0, 0, 0, 0, 0, 0, 0, 0, 1, 5, 120
"c:\ws-code\ws-kwik\kwik-ui\third_party\quickjs\builtin-array-fromasync.js", "JavaScript", 36, 0, 0, 0, 0, 0, 0, 0, 0, 0, 0, 0, 0, 0, 0, 0, 0, 0, 0, 0, 0, 0, 0, 0, 0, 1, 37
"c:\ws-code\ws-kwik\kwik-ui\third_party\quickjs\builtin-iterator-zip-keyed.h", "C++", 0, 327, 0, 0, 0, 0, 0, 0, 0, 0, 0, 0, 0, 0, 0, 0, 0, 0, 0, 0, 0, 0, 0, 0, 1, 5, 333
"c:\ws-code\ws-kwik\kwik-ui\third_party\quickjs\builtin-iterator-zip-keyed.js", "JavaScript", 176, 0, 0, 0, 0, 0, 0, 0, 0, 0, 0, 0, 0, 0, 0, 0, 0, 0, 0, 0, 0, 0, 0, 0, 18, 1, 195
"c:\ws-code\ws-kwik\kwik-ui\third_party\quickjs\builtin-iterator-zip.h", "C++", 0, 332, 0, 0, 0, 0, 0, 0, 0, 0, 0, 0, 0, 0, 0, 0, 0, 0, 0, 0, 0, 0, 0, 0, 1, 5, 338
"c:\ws-code\ws-kwik\kwik-ui\third_party\quickjs\builtin-iterator-zip.js", "JavaScript", 194, 0, 0, 0, 0, 0, 0, 0, 0, 0, 0, 0, 0, 0, 0, 0, 0, 0, 0, 0, 0, 0, 0, 0, 16, 1, 211
"c:\ws-code\ws-kwik\kwik-ui\third_party\quickjs\ctest.c", "C", 0, 0, 13, 0, 0, 0, 0, 0, 0, 0, 0, 0, 0, 0, 0, 0, 0, 0, 0, 0, 0, 0, 0, 0, 3, 2, 18
"c:\ws-code\ws-kwik\kwik-ui\third_party\quickjs\cutils.h", "C++", 0, 1580, 0, 0, 0, 0, 0, 0, 0, 0, 0, 0, 0, 0, 0, 0, 0, 0, 0, 0, 0, 0, 0, 0, 180, 237, 1997
"c:\ws-code\ws-kwik\kwik-ui\third_party\quickjs\cxxtest.cc", "C++", 0, 1, 0, 0, 0, 0, 0, 0, 0, 0, 0, 0, 0, 0, 0, 0, 0, 0, 0, 0, 0, 0, 0, 0, 1, 1, 3
"c:\ws-code\ws-kwik\kwik-ui\third_party\quickjs\docs\babel.config.js", "JavaScript", 3, 0, 0, 0, 0, 0, 0, 0, 0, 0, 0, 0, 0, 0, 0, 0, 0, 0, 0, 0, 0, 0, 0, 0, 0, 1, 4
"c:\ws-code\ws-kwik\kwik-ui\third_party\quickjs\docs\docs\building.md", "Markdown", 0, 0, 0, 0, 0, 42, 0, 0, 0, 0, 0, 0, 0, 0, 0, 0, 0, 0, 0, 0, 0, 0, 0, 0, 0, 22, 64
"c:\ws-code\ws-kwik\kwik-ui\third_party\quickjs\docs\docs\cli.md", "Markdown", 0, 0, 0, 0, 0, 108, 0, 0, 0, 0, 0, 0, 0, 0, 0, 0, 0, 0, 0, 0, 0, 0, 0, 0, 0, 23, 131
"c:\ws-code\ws-kwik\kwik-ui\third_party\quickjs\docs\docs\developer-guide\_category_.json", "JSON", 0, 0, 0, 0, 0, 0, 0, 7, 0, 0, 0, 0, 0, 0, 0, 0, 0, 0, 0, 0, 0, 0, 0, 0, 0, 1, 8
"c:\ws-code\ws-kwik\kwik-ui\third_party\quickjs\docs\docs\developer-guide\api.md", "Markdown", 0, 0, 0, 0, 0, 2, 0, 0, 0, 0, 0, 0, 0, 0, 0, 0, 0, 0, 0, 0, 0, 0, 0, 0, 0, 2, 4
"c:\ws-code\ws-kwik\kwik-ui\third_party\quickjs\docs\docs\developer-guide\internals.md", "Markdown", 0, 0, 0, 0, 0, 79, 0, 0, 0, 0, 0, 0, 0, 0, 0, 0, 0, 0, 0, 0, 0, 0, 0, 0, 0, 39, 118
"c:\ws-code\ws-kwik\kwik-ui\third_party\quickjs\docs\docs\developer-guide\intro.md", "Markdown", 0, 0, 0, 0, 0, 83, 0, 0, 0, 0, 0, 0, 0, 0, 0, 0, 0, 0, 0, 0, 0, 0, 0, 0, 0, 31, 114
"c:\ws-code\ws-kwik\kwik-ui\third_party\quickjs\docs\docs\diff.md", "Markdown", 0, 0, 0, 0, 0, 46, 0, 0, 0, 0, 0, 0, 0, 0, 0, 0, 0, 0, 0, 0, 0, 0, 0, 0, 0, 23, 69
"c:\ws-code\ws-kwik\kwik-ui\third_party\quickjs\docs\docs\es_features.md", "Markdown", 0, 0, 0, 0, 0, 7, 0, 0, 0, 0, 0, 0, 0, 0, 0, 0, 0, 0, 0, 0, 0, 0, 0, 0, 0, 5, 12
"c:\ws-code\ws-kwik\kwik-ui\third_party\quickjs\docs\docs\installation.md", "Markdown", 0, 0, 0, 0, 0, 19, 0, 0, 0, 0, 0, 0, 0, 0, 0, 0, 0, 0, 0, 0, 0, 0, 0, 0, 0, 16, 35
"c:\ws-code\ws-kwik\kwik-ui\third_party\quickjs\docs\docs\intro.md", "Markdown", 0, 0, 0, 0, 0, 23, 0, 0, 0, 0, 0, 0, 0, 0, 0, 0, 0, 0, 0, 0, 0, 0, 0, 0, 0, 11, 34
"c:\ws-code\ws-kwik\kwik-ui\third_party\quickjs\docs\docs\projects.md", "Markdown", 0, 0, 0, 0, 0, 35, 0, 0, 0, 0, 0, 0, 0, 0, 0, 0, 0, 0, 0, 0, 0, 0, 0, 0, 0, 33, 68
"c:\ws-code\ws-kwik\kwik-ui\third_party\quickjs\docs\docs\stdlib.md", "Markdown", 0, 0, 0, 0, 0, 386, 0, 0, 0, 0, 0, 0, 0, 0, 0, 0, 0, 0, 0, 0, 0, 0, 0, 0, 0, 220, 606
"c:\ws-code\ws-kwik\kwik-ui\third_party\quickjs\docs\docs\supported_platforms.md", "Markdown", 0, 0, 0, 0, 0, 17, 0, 0, 0, 0, 0, 0, 0, 0, 0, 0, 0, 0, 0, 0, 0, 0, 0, 0, 0, 4, 21
"c:\ws-code\ws-kwik\kwik-ui\third_party\quickjs\docs\docusaurus.config.js", "JavaScript", 87, 0, 0, 0, 0, 0, 0, 0, 0, 0, 0, 0, 0, 0, 0, 0, 0, 0, 0, 0, 0, 0, 0, 0, 19, 9, 115
"c:\ws-code\ws-kwik\kwik-ui\third_party\quickjs\docs\package-lock.json", "JSON", 0, 0, 0, 0, 0, 0, 0, 14656, 0, 0, 0, 0, 0, 0, 0, 0, 0, 0, 0, 0, 0, 0, 0, 0, 0, 1, 14657
"c:\ws-code\ws-kwik\kwik-ui\third_party\quickjs\docs\package.json", "JSON", 0, 0, 0, 0, 0, 0, 0, 42, 0, 0, 0, 0, 0, 0, 0, 0, 0, 0, 0, 0, 0, 0, 0, 0, 0, 1, 43
"c:\ws-code\ws-kwik\kwik-ui\third_party\quickjs\docs\sidebars.js", "JavaScript", 4, 0, 0, 0, 0, 0, 0, 0, 0, 0, 0, 0, 0, 0, 0, 0, 0, 0, 0, 0, 0, 0, 0, 0, 13, 4, 21
"c:\ws-code\ws-kwik\kwik-ui\third_party\quickjs\docs\src\css\custom.css", "PostCSS", 0, 0, 0, 0, 0, 0, 0, 0, 0, 0, 0, 0, 0, 0, 0, 0, 0, 0, 0, 0, 21, 0, 0, 0, 7, 3, 31
"c:\ws-code\ws-kwik\kwik-ui\third_party\quickjs\dtoa.c", "C", 0, 0, 1358, 0, 0, 0, 0, 0, 0, 0, 0, 0, 0, 0, 0, 0, 0, 0, 0, 0, 0, 0, 0, 0, 143, 119, 1620
"c:\ws-code\ws-kwik\kwik-ui\third_party\quickjs\dtoa.h", "C++", 0, 37, 0, 0, 0, 0, 0, 0, 0, 0, 0, 0, 0, 0, 0, 0, 0, 0, 0, 0, 0, 0, 0, 0, 38, 13, 88
"c:\ws-code\ws-kwik\kwik-ui\third_party\quickjs\examples\fib.c", "C", 0, 0, 37, 0, 0, 0, 0, 0, 0, 0, 0, 0, 0, 0, 0, 0, 0, 0, 0, 0, 0, 0, 0, 0, 23, 8, 68
"c:\ws-code\ws-kwik\kwik-ui\third_party\quickjs\examples\fib_module.js", "JavaScript", 9, 0, 0, 0, 0, 0, 0, 0, 0, 0, 0, 0, 0, 0, 0, 0, 0, 0, 0, 0, 0, 0, 0, 0, 1, 1, 11
"c:\ws-code\ws-kwik\kwik-ui\third_party\quickjs\examples\hello.js", "JavaScript", 1, 0, 0, 0, 0, 0, 0, 0, 0, 0, 0, 0, 0, 0, 0, 0, 0, 0, 0, 0, 0, 0, 0, 0, 0, 1, 2
"c:\ws-code\ws-kwik\kwik-ui\third_party\quickjs\examples\hello_module.js", "JavaScript", 3, 0, 0, 0, 0, 0, 0, 0, 0, 0, 0, 0, 0, 0, 0, 0, 0, 0, 0, 0, 0, 0, 0, 0, 1, 3, 7
"c:\ws-code\ws-kwik\kwik-ui\third_party\quickjs\examples\pi_bigint.js", "JavaScript", 95, 0, 0, 0, 0, 0, 0, 0, 0, 0, 0, 0, 0, 0, 0, 0, 0, 0, 0, 0, 0, 0, 0, 0, 13, 11, 119
"c:\ws-code\ws-kwik\kwik-ui\third_party\quickjs\examples\point.c", "C", 0, 0, 105, 0, 0, 0, 0, 0, 0, 0, 0, 0, 0, 0, 0, 0, 0, 0, 0, 0, 0, 0, 0, 0, 29, 21, 155
"c:\ws-code\ws-kwik\kwik-ui\third_party\quickjs\examples\test_fib.js", "JavaScript", 5, 0, 0, 0, 0, 0, 0, 0, 0, 0, 0, 0, 0, 0, 0, 0, 0, 0, 0, 0, 0, 0, 0, 0, 1, 3, 9
"c:\ws-code\ws-kwik\kwik-ui\third_party\quickjs\examples\test_point.js", "JavaScript", 35, 0, 0, 0, 0, 0, 0, 0, 0, 0, 0, 0, 0, 0, 0, 0, 0, 0, 0, 0, 0, 0, 0, 0, 1, 8, 44
"c:\ws-code\ws-kwik\kwik-ui\third_party\quickjs\fuzz.c", "C", 0, 0, 44, 0, 0, 0, 0, 0, 0, 0, 0, 0, 0, 0, 0, 0, 0, 0, 0, 0, 0, 0, 0, 0, 5, 3, 52
"c:\ws-code\ws-kwik\kwik-ui\third_party\quickjs\gen\function_source.c", "C", 0, 0, 75, 0, 0, 0, 0, 0, 0, 0, 0, 0, 0, 0, 0, 0, 0, 0, 0, 0, 0, 0, 0, 0, 1, 6, 82
"c:\ws-code\ws-kwik\kwik-ui\third_party\quickjs\gen\hello.c", "C", 0, 0, 47, 0, 0, 0, 0, 0, 0, 0, 0, 0, 0, 0, 0, 0, 0, 0, 0, 0, 0, 0, 0, 0, 1, 6, 54
"c:\ws-code\ws-kwik\kwik-ui\third_party\quickjs\gen\hello_module.c", "C", 0, 0, 98, 0, 0, 0, 0, 0, 0, 0, 0, 0, 0, 0, 0, 0, 0, 0, 0, 0, 0, 0, 0, 0, 1, 8, 107
"c:\ws-code\ws-kwik\kwik-ui\third_party\quickjs\gen\repl.c", "C", 0, 0, 3048, 0, 0, 0, 0, 0, 0, 0, 0, 0, 0, 0, 0, 0, 0, 0, 0, 0, 0, 0, 0, 0, 1, 5, 3054
"c:\ws-code\ws-kwik\kwik-ui\third_party\quickjs\gen\standalone.c", "C", 0, 0, 319, 0, 0, 0, 0, 0, 0, 0, 0, 0, 0, 0, 0, 0, 0, 0, 0, 0, 0, 0, 0, 0, 1, 5, 325
"c:\ws-code\ws-kwik\kwik-ui\third_party\quickjs\gen\test_fib.c", "C", 0, 0, 75, 0, 0, 0, 0, 0, 0, 0, 0, 0, 0, 0, 0, 0, 0, 0, 0, 0, 0, 0, 0, 0, 1, 6, 82
"c:\ws-code\ws-kwik\kwik-ui\third_party\quickjs\libregexp-opcode.h", "C++", 0, 32, 0, 0, 0, 0, 0, 0, 0, 0, 0, 0, 0, 0, 0, 0, 0, 0, 0, 0, 0, 0, 0, 0, 23, 4, 59
"c:\ws-code\ws-kwik\kwik-ui\third_party\quickjs\libregexp.c", "C", 0, 0, 2300, 0, 0, 0, 0, 0, 0, 0, 0, 0, 0, 0, 0, 0, 0, 0, 0, 0, 0, 0, 0, 0, 158, 153, 2611
"c:\ws-code\ws-kwik\kwik-ui\third_party\quickjs\libregexp.h", "C++", 0, 56, 0, 0, 0, 0, 0, 0, 0, 0, 0, 0, 0, 0, 0, 0, 0, 0, 0, 0, 0, 0, 0, 0, 27, 14, 97
"c:\ws-code\ws-kwik\kwik-ui\third_party\quickjs\libunicode-table.h", "C++", 0, 4625, 0, 0, 0, 0, 0, 0, 0, 0, 0, 0, 0, 0, 0, 0, 0, 0, 0, 0, 0, 0, 0, 0, 2, 81, 4708
"c:\ws-code\ws-kwik\kwik-ui\third_party\quickjs\libunicode.c", "C", 0, 0, 1547, 0, 0, 0, 0, 0, 0, 0, 0, 0, 0, 0, 0, 0, 0, 0, 0, 0, 0, 0, 0, 0, 92, 108, 1747
"c:\ws-code\ws-kwik\kwik-ui\third_party\quickjs\libunicode.h", "C++", 0, 80, 0, 0, 0, 0, 0, 0, 0, 0, 0, 0, 0, 0, 0, 0, 0, 0, 0, 0, 0, 0, 0, 0, 25, 22, 127
"c:\ws-code\ws-kwik\kwik-ui\third_party\quickjs\list.h", "C++", 0, 63, 0, 0, 0, 0, 0, 0, 0, 0, 0, 0, 0, 0, 0, 0, 0, 0, 0, 0, 0, 0, 0, 0, 27, 18, 108
"c:\ws-code\ws-kwik\kwik-ui\third_party\quickjs\lre-test.c", "C", 0, 0, 43, 0, 0, 0, 0, 0, 0, 0, 0, 0, 0, 0, 0, 0, 0, 0, 0, 0, 0, 0, 0, 0, 3, 7, 53
"c:\ws-code\ws-kwik\kwik-ui\third_party\quickjs\qjs-wasi-reactor.c", "C", 0, 0, 160, 0, 0, 0, 0, 0, 0, 0, 0, 0, 0, 0, 0, 0, 0, 0, 0, 0, 0, 0, 0, 0, 30, 19, 209
"c:\ws-code\ws-kwik\kwik-ui\third_party\quickjs\qjs.c", "C", 0, 0, 647, 0, 0, 0, 0, 0, 0, 0, 0, 0, 0, 0, 0, 0, 0, 0, 0, 0, 0, 0, 0, 0, 41, 61, 749
"c:\ws-code\ws-kwik\kwik-ui\third_party\quickjs\qjsc.c", "C", 0, 0, 569, 0, 0, 0, 0, 0, 0, 0, 0, 0, 0, 0, 0, 0, 0, 0, 0, 0, 0, 0, 0, 0, 43, 62, 674
"c:\ws-code\ws-kwik\kwik-ui\third_party\quickjs\quickjs-atom.h", "C++", 0, 230, 0, 0, 0, 0, 0, 0, 0, 0, 0, 0, 0, 0, 0, 0, 0, 0, 0, 0, 0, 0, 0, 0, 33, 5, 268
"c:\ws-code\ws-kwik\kwik-ui\third_party\quickjs\quickjs-c-atomics.h", "C++", 0, 28, 0, 0, 0, 0, 0, 0, 0, 0, 0, 0, 0, 0, 0, 0, 0, 0, 0, 0, 0, 0, 0, 0, 24, 3, 55
"c:\ws-code\ws-kwik\kwik-ui\third_party\quickjs\quickjs-libc.c", "C", 0, 0, 4348, 0, 0, 0, 0, 0, 0, 0, 0, 0, 0, 0, 0, 0, 0, 0, 0, 0, 0, 0, 0, 0, 171, 478, 4997
"c:\ws-code\ws-kwik\kwik-ui\third_party\quickjs\quickjs-libc.h", "C++", 0, 51, 0, 0, 0, 0, 0, 0, 0, 0, 0, 0, 0, 0, 0, 0, 0, 0, 0, 0, 0, 0, 0, 0, 29, 8, 88
"c:\ws-code\ws-kwik\kwik-ui\third_party\quickjs\quickjs-opcode.h", "C++", 0, 304, 0, 0, 0, 0, 0, 0, 0, 0, 0, 0, 0, 0, 0, 0, 0, 0, 0, 0, 0, 0, 0, 0, 32, 34, 370
"c:\ws-code\ws-kwik\kwik-ui\third_party\quickjs\quickjs.c", "C", 0, 0, 53250, 0, 0, 0, 0, 0, 0, 0, 0, 0, 0, 0, 0, 0, 0, 0, 0, 0, 0, 0, 0, 0, 2713, 4487, 60450
"c:\ws-code\ws-kwik\kwik-ui\third_party\quickjs\quickjs.h", "C++", 0, 1051, 0, 0, 0, 0, 0, 0, 0, 0, 0, 0, 0, 0, 0, 0, 0, 0, 0, 0, 0, 0, 0, 0, 216, 158, 1425
"c:\ws-code\ws-kwik\kwik-ui\third_party\quickjs\repl.js", "JavaScript", 1713, 0, 0, 0, 0, 0, 0, 0, 0, 0, 0, 0, 0, 0, 0, 0, 0, 0, 0, 0, 0, 0, 0, 0, 80, 135, 1928
"c:\ws-code\ws-kwik\kwik-ui\third_party\quickjs\run-test262.c", "C", 0, 0, 2090, 0, 0, 0, 0, 0, 0, 0, 0, 0, 0, 0, 0, 0, 0, 0, 0, 0, 0, 0, 0, 0, 75, 210, 2375
"c:\ws-code\ws-kwik\kwik-ui\third_party\quickjs\standalone.js", "JavaScript", 88, 0, 0, 0, 0, 0, 0, 0, 0, 0, 0, 0, 0, 0, 0, 0, 0, 0, 0, 0, 0, 0, 0, 0, 14, 28, 130
"c:\ws-code\ws-kwik\kwik-ui\third_party\quickjs\test262-fast.conf", "Properties", 0, 0, 0, 0, 0, 0, 0, 0, 0, 0, 0, 0, 0, 107, 0, 0, 0, 0, 0, 0, 0, 0, 0, 0, 13, 13, 133
"c:\ws-code\ws-kwik\kwik-ui\third_party\quickjs\test262.conf", "Properties", 0, 0, 0, 0, 0, 0, 0, 0, 0, 0, 0, 0, 0, 366, 0, 0, 0, 0, 0, 0, 0, 0, 0, 0, 32, 23, 421
"c:\ws-code\ws-kwik\kwik-ui\third_party\quickjs\tests.conf", "Properties", 0, 0, 0, 0, 0, 0, 0, 0, 0, 0, 0, 0, 0, 12, 0, 0, 0, 0, 0, 0, 0, 0, 0, 0, 0, 3, 15
"c:\ws-code\ws-kwik\kwik-ui\third_party\quickjs\tests\assert.js", "JavaScript", 44, 0, 0, 0, 0, 0, 0, 0, 0, 0, 0, 0, 0, 0, 0, 0, 0, 0, 0, 0, 0, 0, 0, 0, 0, 6, 50
"c:\ws-code\ws-kwik\kwik-ui\third_party\quickjs\tests\bug1221.js", "JavaScript", 15, 0, 0, 0, 0, 0, 0, 0, 0, 0, 0, 0, 0, 0, 0, 0, 0, 0, 0, 0, 0, 0, 0, 0, 0, 2, 17
"c:\ws-code\ws-kwik\kwik-ui\third_party\quickjs\tests\bug1296.js", "JavaScript", 11, 0, 0, 0, 0, 0, 0, 0, 0, 0, 0, 0, 0, 0, 0, 0, 0, 0, 0, 0, 0, 0, 0, 0, 0, 2, 13
"c:\ws-code\ws-kwik\kwik-ui\third_party\quickjs\tests\bug1297.js", "JavaScript", 14, 0, 0, 0, 0, 0, 0, 0, 0, 0, 0, 0, 0, 0, 0, 0, 0, 0, 0, 0, 0, 0, 0, 0, 3, 6, 23
"c:\ws-code\ws-kwik\kwik-ui\third_party\quickjs\tests\bug1301.js", "JavaScript", 15, 0, 0, 0, 0, 0, 0, 0, 0, 0, 0, 0, 0, 0, 0, 0, 0, 0, 0, 0, 0, 0, 0, 0, 3, 4, 22
"c:\ws-code\ws-kwik\kwik-ui\third_party\quickjs\tests\bug1302.js", "JavaScript", 15, 0, 0, 0, 0, 0, 0, 0, 0, 0, 0, 0, 0, 0, 0, 0, 0, 0, 0, 0, 0, 0, 0, 0, 7, 3, 25
"c:\ws-code\ws-kwik\kwik-ui\third_party\quickjs\tests\bug1305.js", "JavaScript", 22, 0, 0, 0, 0, 0, 0, 0, 0, 0, 0, 0, 0, 0, 0, 0, 0, 0, 0, 0, 0, 0, 0, 0, 0, 5, 27
"c:\ws-code\ws-kwik\kwik-ui\third_party\quickjs\tests\bug1318.js", "JavaScript", 45, 0, 0, 0, 0, 0, 0, 0, 0, 0, 0, 0, 0, 0, 0, 0, 0, 0, 0, 0, 0, 0, 0, 0, 6, 4, 55
"c:\ws-code\ws-kwik\kwik-ui\third_party\quickjs\tests\bug1352.js", "JavaScript", 7, 0, 0, 0, 0, 0, 0, 0, 0, 0, 0, 0, 0, 0, 0, 0, 0, 0, 0, 0, 0, 0, 0, 0, 1, 1, 9
"c:\ws-code\ws-kwik\kwik-ui\third_party\quickjs\tests\bug1354.js", "JavaScript", 1, 0, 0, 0, 0, 0, 0, 0, 0, 0, 0, 0, 0, 0, 0, 0, 0, 0, 0, 0, 0, 0, 0, 0, 5, 1, 7
"c:\ws-code\ws-kwik\kwik-ui\third_party\quickjs\tests\bug1355.js", "JavaScript", 53, 0, 0, 0, 0, 0, 0, 0, 0, 0, 0, 0, 0, 0, 0, 0, 0, 0, 0, 0, 0, 0, 0, 0, 0, 6, 59
"c:\ws-code\ws-kwik\kwik-ui\third_party\quickjs\tests\bug1368.js", "JavaScript", 9, 0, 0, 0, 0, 0, 0, 0, 0, 0, 0, 0, 0, 0, 0, 0, 0, 0, 0, 0, 0, 0, 0, 0, 0, 1, 10
"c:\ws-code\ws-kwik\kwik-ui\third_party\quickjs\tests\bug39\1.js", "JavaScript", 2, 0, 0, 0, 0, 0, 0, 0, 0, 0, 0, 0, 0, 0, 0, 0, 0, 0, 0, 0, 0, 0, 0, 0, 3, 2, 7
"c:\ws-code\ws-kwik\kwik-ui\third_party\quickjs\tests\bug39\2.js", "JavaScript", 2, 0, 0, 0, 0, 0, 0, 0, 0, 0, 0, 0, 0, 0, 0, 0, 0, 0, 0, 0, 0, 0, 0, 0, 3, 2, 7
"c:\ws-code\ws-kwik\kwik-ui\third_party\quickjs\tests\bug39\3.js", "JavaScript", 3, 0, 0, 0, 0, 0, 0, 0, 0, 0, 0, 0, 0, 0, 0, 0, 0, 0, 0, 0, 0, 0, 0, 0, 3, 2, 8
"c:\ws-code\ws-kwik\kwik-ui\third_party\quickjs\tests\bug488-upstream.js", "JavaScript", 6, 0, 0, 0, 0, 0, 0, 0, 0, 0, 0, 0, 0, 0, 0, 0, 0, 0, 0, 0, 0, 0, 0, 0, 1, 1, 8
"c:\ws-code\ws-kwik\kwik-ui\third_party\quickjs\tests\bug492.js", "JavaScript", 91, 0, 0, 0, 0, 0, 0, 0, 0, 0, 0, 0, 0, 0, 0, 0, 0, 0, 0, 0, 0, 0, 0, 0, 10, 13, 114
"c:\ws-code\ws-kwik\kwik-ui\third_party\quickjs\tests\bug493.js", "JavaScript", 7, 0, 0, 0, 0, 0, 0, 0, 0, 0, 0, 0, 0, 0, 0, 0, 0, 0, 0, 0, 0, 0, 0, 0, 1, 3, 11
"c:\ws-code\ws-kwik\kwik-ui\third_party\quickjs\tests\bug633\0.js", "JavaScript", 1, 0, 0, 0, 0, 0, 0, 0, 0, 0, 0, 0, 0, 0, 0, 0, 0, 0, 0, 0, 0, 0, 0, 0, 6, 1, 8
"c:\ws-code\ws-kwik\kwik-ui\third_party\quickjs\tests\bug633\1.js", "JavaScript", 1, 0, 0, 0, 0, 0, 0, 0, 0, 0, 0, 0, 0, 0, 0, 0, 0, 0, 0, 0, 0, 0, 0, 0, 3, 1, 5
"c:\ws-code\ws-kwik\kwik-ui\third_party\quickjs\tests\bug633\2.js", "JavaScript", 1, 0, 0, 0, 0, 0, 0, 0, 0, 0, 0, 0, 0, 0, 0, 0, 0, 0, 0, 0, 0, 0, 0, 0, 3, 1, 5
"c:\ws-code\ws-kwik\kwik-ui\third_party\quickjs\tests\bug633\3.js", "JavaScript", 1, 0, 0, 0, 0, 0, 0, 0, 0, 0, 0, 0, 0, 0, 0, 0, 0, 0, 0, 0, 0, 0, 0, 0, 3, 1, 5
"c:\ws-code\ws-kwik\kwik-ui\third_party\quickjs\tests\bug645\0.js", "JavaScript", 3, 0, 0, 0, 0, 0, 0, 0, 0, 0, 0, 0, 0, 0, 0, 0, 0, 0, 0, 0, 0, 0, 0, 0, 0, 2, 5
"c:\ws-code\ws-kwik\kwik-ui\third_party\quickjs\tests\bug645\1.js", "JavaScript", 8, 0, 0, 0, 0, 0, 0, 0, 0, 0, 0, 0, 0, 0, 0, 0, 0, 0, 0, 0, 0, 0, 0, 0, 1, 1, 10
"c:\ws-code\ws-kwik\kwik-ui\third_party\quickjs\tests\bug645\2.js", "JavaScript", 7, 0, 0, 0, 0, 0, 0, 0, 0, 0, 0, 0, 0, 0, 0, 0, 0, 0, 0, 0, 0, 0, 0, 0, 0, 1, 8
"c:\ws-code\ws-kwik\kwik-ui\third_party\quickjs\tests\bug648.js", "JavaScript", 5, 0, 0, 0, 0, 0, 0, 0, 0, 0, 0, 0, 0, 0, 0, 0, 0, 0, 0, 0, 0, 0, 0, 0, 8, 1, 14
"c:\ws-code\ws-kwik\kwik-ui\third_party\quickjs\tests\bug652.js", "JavaScript", 4, 0, 0, 0, 0, 0, 0, 0, 0, 0, 0, 0, 0, 0, 0, 0, 0, 0, 0, 0, 0, 0, 0, 0, 0, 1, 5
"c:\ws-code\ws-kwik\kwik-ui\third_party\quickjs\tests\bug741.js", "JavaScript", 15, 0, 0, 0, 0, 0, 0, 0, 0, 0, 0, 0, 0, 0, 0, 0, 0, 0, 0, 0, 0, 0, 0, 0, 0, 5, 20
"c:\ws-code\ws-kwik\kwik-ui\third_party\quickjs\tests\bug775.js", "JavaScript", 2, 0, 0, 0, 0, 0, 0, 0, 0, 0, 0, 0, 0, 0, 0, 0, 0, 0, 0, 0, 0, 0, 0, 0, 5, 1, 8
"c:\ws-code\ws-kwik\kwik-ui\third_party\quickjs\tests\bug776.js", "JavaScript", 2, 0, 0, 0, 0, 0, 0, 0, 0, 0, 0, 0, 0, 0, 0, 0, 0, 0, 0, 0, 0, 0, 0, 0, 5, 1, 8
"c:\ws-code\ws-kwik\kwik-ui\third_party\quickjs\tests\bug832.js", "JavaScript", 2, 0, 0, 0, 0, 0, 0, 0, 0, 0, 0, 0, 0, 0, 0, 0, 0, 0, 0, 0, 0, 0, 0, 0, 0, 1, 3
"c:\ws-code\ws-kwik\kwik-ui\third_party\quickjs\tests\bug858.js", "JavaScript", 21, 0, 0, 0, 0, 0, 0, 0, 0, 0, 0, 0, 0, 0, 0, 0, 0, 0, 0, 0, 0, 0, 0, 0, 0, 6, 27
"c:\ws-code\ws-kwik\kwik-ui\third_party\quickjs\tests\bug904.js", "JavaScript", 6, 0, 0, 0, 0, 0, 0, 0, 0, 0, 0, 0, 0, 0, 0, 0, 0, 0, 0, 0, 0, 0, 0, 0, 0, 1, 7
"c:\ws-code\ws-kwik\kwik-ui\third_party\quickjs\tests\bug988.js", "JavaScript", 7, 0, 0, 0, 0, 0, 0, 0, 0, 0, 0, 0, 0, 0, 0, 0, 0, 0, 0, 0, 0, 0, 0, 0, 0, 1, 8
"c:\ws-code\ws-kwik\kwik-ui\third_party\quickjs\tests\bug999.js", "JavaScript", 2, 0, 0, 0, 0, 0, 0, 0, 0, 0, 0, 0, 0, 0, 0, 0, 0, 0, 0, 0, 0, 0, 0, 0, 0, 2, 4
"c:\ws-code\ws-kwik\kwik-ui\third_party\quickjs\tests\destructured-export.js", "JavaScript", 6, 0, 0, 0, 0, 0, 0, 0, 0, 0, 0, 0, 0, 0, 0, 0, 0, 0, 0, 0, 0, 0, 0, 0, 0, 3, 9
"c:\ws-code\ws-kwik\kwik-ui\third_party\quickjs\tests\detect_module\0.js", "JavaScript", 1, 0, 0, 0, 0, 0, 0, 0, 0, 0, 0, 0, 0, 0, 0, 0, 0, 0, 0, 0, 0, 0, 0, 0, 0, 1, 2
"c:\ws-code\ws-kwik\kwik-ui\third_party\quickjs\tests\detect_module\1.js", "JavaScript", 2, 0, 0, 0, 0, 0, 0, 0, 0, 0, 0, 0, 0, 0, 0, 0, 0, 0, 0, 0, 0, 0, 0, 0, 0, 1, 3
"c:\ws-code\ws-kwik\kwik-ui\third_party\quickjs\tests\detect_module\2.js", "JavaScript", 1, 0, 0, 0, 0, 0, 0, 0, 0, 0, 0, 0, 0, 0, 0, 0, 0, 0, 0, 0, 0, 0, 0, 0, 0, 1, 2
"c:\ws-code\ws-kwik\kwik-ui\third_party\quickjs\tests\detect_module\3.js", "JavaScript", 2, 0, 0, 0, 0, 0, 0, 0, 0, 0, 0, 0, 0, 0, 0, 0, 0, 0, 0, 0, 0, 0, 0, 0, 6, 1, 9
"c:\ws-code\ws-kwik\kwik-ui\third_party\quickjs\tests\detect_module\4.js", "JavaScript", 2, 0, 0, 0, 0, 0, 0, 0, 0, 0, 0, 0, 0, 0, 0, 0, 0, 0, 0, 0, 0, 0, 0, 0, 1, 1, 4
"c:\ws-code\ws-kwik\kwik-ui\third_party\quickjs\tests\empty.js", "JavaScript", 0, 0, 0, 0, 0, 0, 0, 0, 0, 0, 0, 0, 0, 0, 0, 0, 0, 0, 0, 0, 0, 0, 0, 0, 0, 1, 1
"c:\ws-code\ws-kwik\kwik-ui\third_party\quickjs\tests\fixture_cyclic_import.js", "JavaScript", 2, 0, 0, 0, 0, 0, 0, 0, 0, 0, 0, 0, 0, 0, 0, 0, 0, 0, 0, 0, 0, 0, 0, 0, 0, 1, 3
"c:\ws-code\ws-kwik\kwik-ui\third_party\quickjs\tests\fixture_string_exports.js", "JavaScript", 7, 0, 0, 0, 0, 0, 0, 0, 0, 0, 0, 0, 0, 0, 0, 0, 0, 0, 0, 0, 0, 0, 0, 0, 3, 3, 13
"c:\ws-code\ws-kwik\kwik-ui\third_party\quickjs\tests\function_source.js", "JavaScript", 12, 0, 0, 0, 0, 0, 0, 0, 0, 0, 0, 0, 0, 0, 0, 0, 0, 0, 0, 0, 0, 0, 0, 0, 0, 3, 15
"c:\ws-code\ws-kwik\kwik-ui\third_party\quickjs\tests\microbench.js", "JavaScript", 1130, 0, 0, 0, 0, 0, 0, 0, 0, 0, 0, 0, 0, 0, 0, 0, 0, 0, 0, 0, 0, 0, 0, 0, 38, 100, 1268
"c:\ws-code\ws-kwik\kwik-ui\third_party\quickjs\tests\null_or_undefined.js", "JavaScript", 34, 0, 0, 0, 0, 0, 0, 0, 0, 0, 0, 0, 0, 0, 0, 0, 0, 0, 0, 0, 0, 0, 0, 0, 0, 5, 39
"c:\ws-code\ws-kwik\kwik-ui\third_party\quickjs\tests\str-pad-leak.js", "JavaScript", 4, 0, 0, 0, 0, 0, 0, 0, 0, 0, 0, 0, 0, 0, 0, 0, 0, 0, 0, 0, 0, 0, 0, 0, 0, 2, 6
"c:\ws-code\ws-kwik\kwik-ui\third_party\quickjs\tests\test_bigint.js", "JavaScript", 87, 0, 0, 0, 0, 0, 0, 0, 0, 0, 0, 0, 0, 0, 0, 0, 0, 0, 0, 0, 0, 0, 0, 0, 2, 19, 108
"c:\ws-code\ws-kwik\kwik-ui\third_party\quickjs\tests\test_bjson.js", "JavaScript", 325, 0, 0, 0, 0, 0, 0, 0, 0, 0, 0, 0, 0, 0, 0, 0, 0, 0, 0, 0, 0, 0, 0, 0, 4, 38, 367
"c:\ws-code\ws-kwik\kwik-ui\third_party\quickjs\tests\test_builtin.js", "JavaScript", 1120, 0, 0, 0, 0, 0, 0, 0, 0, 0, 0, 0, 0, 0, 0, 0, 0, 0, 0, 0, 0, 0, 0, 0, 41, 154, 1315
"c:\ws-code\ws-kwik\kwik-ui\third_party\quickjs\tests\test_closure.js", "JavaScript", 189, 0, 0, 0, 0, 0, 0, 0, 0, 0, 0, 0, 0, 0, 0, 0, 0, 0, 0, 0, 0, 0, 0, 0, 2, 30, 221
"c:\ws-code\ws-kwik\kwik-ui\third_party\quickjs\tests\test_cyclic_import.js", "JavaScript", 5, 0, 0, 0, 0, 0, 0, 0, 0, 0, 0, 0, 0, 0, 0, 0, 0, 0, 0, 0, 0, 0, 0, 0, 7, 1, 13
"c:\ws-code\ws-kwik\kwik-ui\third_party\quickjs\tests\test_domexception.js", "JavaScript", 30, 0, 0, 0, 0, 0, 0, 0, 0, 0, 0, 0, 0, 0, 0, 0, 0, 0, 0, 0, 0, 0, 0, 0, 2, 4, 36
"c:\ws-code\ws-kwik\kwik-ui\third_party\quickjs\tests\test_language.js", "JavaScript", 629, 0, 0, 0, 0, 0, 0, 0, 0, 0, 0, 0, 0, 0, 0, 0, 0, 0, 0, 0, 0, 0, 0, 0, 15, 119, 763
"c:\ws-code\ws-kwik\kwik-ui\third_party\quickjs\tests\test_loop.js", "JavaScript", 321, 0, 0, 0, 0, 0, 0, 0, 0, 0, 0, 0, 0, 0, 0, 0, 0, 0, 0, 0, 0, 0, 0, 0, 10, 37, 368
"c:\ws-code\ws-kwik\kwik-ui\third_party\quickjs\tests\test_queue_microtask.js", "JavaScript", 34, 0, 0, 0, 0, 0, 0, 0, 0, 0, 0, 0, 0, 0, 0, 0, 0, 0, 0, 0, 0, 0, 0, 0, 0, 6, 40
"c:\ws-code\ws-kwik\kwik-ui\third_party\quickjs\tests\test_std.js", "JavaScript", 270, 0, 0, 0, 0, 0, 0, 0, 0, 0, 0, 0, 0, 0, 0, 0, 0, 0, 0, 0, 0, 0, 0, 0, 8, 63, 341
"c:\ws-code\ws-kwik\kwik-ui\third_party\quickjs\tests\test_string_exports.js", "JavaScript", 16, 0, 0, 0, 0, 0, 0, 0, 0, 0, 0, 0, 0, 0, 0, 0, 0, 0, 0, 0, 0, 0, 0, 0, 5, 5, 26
"c:\ws-code\ws-kwik\kwik-ui\third_party\quickjs\tests\test_worker.js", "JavaScript", 34, 0, 0, 0, 0, 0, 0, 0, 0, 0, 0, 0, 0, 0, 0, 0, 0, 0, 0, 0, 0, 0, 0, 0, 4, 6, 44
"c:\ws-code\ws-kwik\kwik-ui\third_party\quickjs\tests\test_worker_module.js", "JavaScript", 22, 0, 0, 0, 0, 0, 0, 0, 0, 0, 0, 0, 0, 0, 0, 0, 0, 0, 0, 0, 0, 0, 0, 0, 3, 6, 31
"c:\ws-code\ws-kwik\kwik-ui\third_party\quickjs\unicode_download.sh", "Shell Script", 0, 0, 0, 0, 0, 0, 0, 0, 0, 0, 0, 0, 13, 0, 0, 0, 0, 0, 0, 0, 0, 0, 0, 0, 1, 6, 20
"c:\ws-code\ws-kwik\kwik-ui\third_party\quickjs\unicode_gen.c", "C", 0, 0, 2709, 0, 0, 0, 0, 0, 0, 0, 0, 0, 0, 0, 0, 0, 0, 0, 0, 0, 0, 0, 0, 0, 111, 289, 3109
"c:\ws-code\ws-kwik\kwik-ui\third_party\quickjs\unicode_gen_def.h", "C++", 0, 295, 0, 0, 0, 0, 0, 0, 0, 0, 0, 0, 0, 0, 0, 0, 0, 0, 0, 0, 0, 0, 0, 0, 8, 8, 311
"c:\ws-code\ws-kwik\kwik-ui\third_party\quickjs\update-version.sh", "Shell Script", 0, 0, 0, 0, 0, 0, 0, 0, 0, 0, 0, 0, 23, 0, 0, 0, 0, 0, 0, 0, 0, 0, 0, 0, 1, 9, 33
"c:\ws-code\ws-kwik\kwik-ui\third_party\stb\.NO_AI\README.md", "Markdown", 0, 0, 0, 0, 0, 1, 0, 0, 0, 0, 0, 0, 0, 0, 0, 0, 0, 0, 0, 0, 0, 0, 0, 0, 0, 3, 4
"c:\ws-code\ws-kwik\kwik-ui\third_party\stb\.github\ISSUE_TEMPLATE\1-stb_image-doesn-t-load-specific-image-correctly.md", "Markdown", 0, 0, 0, 0, 0, 11, 0, 0, 0, 0, 0, 0, 0, 0, 0, 0, 0, 0, 0, 0, 0, 0, 0, 0, 0, 5, 16
"c:\ws-code\ws-kwik\kwik-ui\third_party\stb\.github\ISSUE_TEMPLATE\2-bug_report.md", "Markdown", 0, 0, 0, 0, 0, 23, 0, 0, 0, 0, 0, 0, 0, 0, 0, 0, 0, 0, 0, 0, 0, 0, 0, 0, 0, 8, 31
"c:\ws-code\ws-kwik\kwik-ui\third_party\stb\.github\ISSUE_TEMPLATE\3-feature_request.md", "Markdown", 0, 0, 0, 0, 0, 15, 0, 0, 0, 0, 0, 0, 0, 0, 0, 0, 0, 0, 0, 0, 0, 0, 0, 0, 0, 6, 21
"c:\ws-code\ws-kwik\kwik-ui\third_party\stb\.github\ISSUE_TEMPLATE\config.yml", "YAML", 0, 0, 0, 0, 0, 0, 0, 0, 0, 5, 0, 0, 0, 0, 0, 0, 0, 0, 0, 0, 0, 0, 0, 0, 0, 1, 6
"c:\ws-code\ws-kwik\kwik-ui\third_party\stb\.github\PULL_REQUEST_TEMPLATE.md", "Markdown", 0, 0, 0, 0, 0, 5, 0, 0, 0, 0, 0, 0, 0, 0, 0, 0, 0, 0, 0, 0, 0, 0, 0, 0, 0, 2, 7
"c:\ws-code\ws-kwik\kwik-ui\third_party\stb\.github\workflows\ci-fuzz.yml", "YAML", 0, 0, 0, 0, 0, 0, 0, 0, 0, 23, 0, 0, 0, 0, 0, 0, 0, 0, 0, 0, 0, 0, 0, 0, 0, 1, 24
"c:\ws-code\ws-kwik\kwik-ui\third_party\stb\.travis.yml", "YAML", 0, 0, 0, 0, 0, 0, 0, 0, 0, 8, 0, 0, 0, 0, 0, 0, 0, 0, 0, 0, 0, 0, 0, 0, 0, 1, 9
"c:\ws-code\ws-kwik\kwik-ui\third_party\stb\CONTRIBUTING.md", "Markdown", 0, 0, 0, 0, 0, 35, 0, 0, 0, 0, 0, 0, 0, 0, 0, 0, 0, 0, 0, 0, 0, 0, 0, 0, 0, 20, 55
"c:\ws-code\ws-kwik\kwik-ui\third_party\stb\README.md", "Markdown", 0, 0, 0, 0, 0, 133, 0, 0, 0, 0, 0, 0, 0, 0, 0, 0, 0, 0, 0, 0, 0, 0, 0, 0, 1, 51, 185
"c:\ws-code\ws-kwik\kwik-ui\third_party\stb\SECURITY.md", "Markdown", 0, 0, 0, 0, 0, 2, 0, 0, 0, 0, 0, 0, 0, 0, 0, 0, 0, 0, 0, 0, 0, 0, 0, 0, 0, 1, 3
"c:\ws-code\ws-kwik\kwik-ui\third_party\stb\deprecated\rrsprintf.h", "C++", 0, 714, 0, 0, 0, 0, 0, 0, 0, 0, 0, 0, 0, 0, 0, 0, 0, 0, 0, 0, 0, 0, 0, 0, 206, 136, 1056
"c:\ws-code\ws-kwik\kwik-ui\third_party\stb\deprecated\stb.h", "C++", 0, 10217, 0, 0, 0, 0, 0, 0, 0, 0, 0, 0, 0, 0, 0, 0, 0, 0, 0, 0, 0, 0, 0, 0, 1290, 1605, 13112
"c:\ws-code\ws-kwik\kwik-ui\third_party\stb\deprecated\stb_image.c", "C", 0, 0, 3498, 0, 0, 0, 0, 0, 0, 0, 0, 0, 0, 0, 0, 0, 0, 0, 0, 0, 0, 0, 0, 0, 664, 517, 4679
"c:\ws-code\ws-kwik\kwik-ui\third_party\stb\deprecated\stb_image_resize.h", "C++", 0, 1863, 0, 0, 0, 0, 0, 0, 0, 0, 0, 0, 0, 0, 0, 0, 0, 0, 0, 0, 0, 0, 0, 0, 373, 399, 2635
"c:\ws-code\ws-kwik\kwik-ui\third_party\stb\deprecated\stretch_test.c", "C", 0, 0, 21, 0, 0, 0, 0, 0, 0, 0, 0, 0, 0, 0, 0, 0, 0, 0, 0, 0, 0, 0, 0, 0, 1, 7, 29
"c:\ws-code\ws-kwik\kwik-ui\third_party\stb\deprecated\stretchy_buffer.h", "C++", 0, 40, 0, 0, 0, 0, 0, 0, 0, 0, 0, 0, 0, 0, 0, 0, 0, 0, 0, 0, 0, 0, 0, 0, 214, 10, 264
"c:\ws-code\ws-kwik\kwik-ui\third_party\stb\docs\other_libs.md", "Markdown", 0, 0, 0, 0, 0, 1, 0, 0, 0, 0, 0, 0, 0, 0, 0, 0, 0, 0, 0, 0, 0, 0, 0, 0, 0, 0, 1
"c:\ws-code\ws-kwik\kwik-ui\third_party\stb\docs\stb_voxel_render_interview.md", "Markdown", 0, 0, 0, 0, 0, 145, 0, 0, 0, 0, 0, 0, 0, 0, 0, 0, 0, 0, 0, 0, 0, 0, 0, 0, 0, 29, 174
"c:\ws-code\ws-kwik\kwik-ui\third_party\stb\docs\why_public_domain.md", "Markdown", 0, 0, 0, 0, 0, 96, 0, 0, 0, 0, 0, 0, 0, 0, 0, 0, 0, 0, 0, 0, 0, 0, 0, 0, 0, 22, 118
"c:\ws-code\ws-kwik\kwik-ui\third_party\stb\stb_c_lexer.h", "C++", 0, 706, 0, 0, 0, 0, 0, 0, 0, 0, 0, 0, 0, 0, 0, 0, 0, 0, 0, 0, 0, 0, 0, 0, 151, 85, 942
"c:\ws-code\ws-kwik\kwik-ui\third_party\stb\stb_connected_components.h", "C++", 0, 714, 0, 0, 0, 0, 0, 0, 0, 0, 0, 0, 0, 0, 0, 0, 0, 0, 0, 0, 0, 0, 0, 0, 191, 145, 1050
"c:\ws-code\ws-kwik\kwik-ui\third_party\stb\stb_divide.h", "C++", 0, 273, 0, 0, 0, 0, 0, 0, 0, 0, 0, 0, 0, 0, 0, 0, 0, 0, 0, 0, 0, 0, 0, 0, 130, 31, 434
"c:\ws-code\ws-kwik\kwik-ui\third_party\stb\stb_ds.h", "C++", 0, 1163, 0, 0, 0, 0, 0, 0, 0, 0, 0, 0, 0, 0, 0, 0, 0, 0, 0, 0, 0, 0, 0, 0, 548, 185, 1896
"c:\ws-code\ws-kwik\kwik-ui\third_party\stb\stb_dxt.h", "C++", 0, 482, 0, 0, 0, 0, 0, 0, 0, 0, 0, 0, 0, 0, 0, 0, 0, 0, 0, 0, 0, 0, 0, 0, 143, 95, 720
"c:\ws-code\ws-kwik\kwik-ui\third_party\stb\stb_easy_font.h", "C++", 0, 159, 0, 0, 0, 0, 0, 0, 0, 0, 0, 0, 0, 0, 0, 0, 0, 0, 0, 0, 0, 0, 0, 0, 129, 18, 306
"c:\ws-code\ws-kwik\kwik-ui\third_party\stb\stb_herringbone_wang_tile.h", "C++", 0, 762, 0, 0, 0, 0, 0, 0, 0, 0, 0, 0, 0, 0, 0, 0, 0, 0, 0, 0, 0, 0, 0, 0, 331, 129, 1222
"c:\ws-code\ws-kwik\kwik-ui\third_party\stb\stb_hexwave.h", "C++", 0, 301, 0, 0, 0, 0, 0, 0, 0, 0, 0, 0, 0, 0, 0, 0, 0, 0, 0, 0, 0, 0, 0, 0, 320, 60, 681
"c:\ws-code\ws-kwik\kwik-ui\third_party\stb\stb_image.h", "C++", 0, 5833, 0, 0, 0, 0, 0, 0, 0, 0, 0, 0, 0, 0, 0, 0, 0, 0, 0, 0, 0, 0, 0, 0, 1294, 862, 7989
"c:\ws-code\ws-kwik\kwik-ui\third_party\stb\stb_image_resize2.h", "C++", 0, 8263, 0, 0, 0, 0, 0, 0, 0, 0, 0, 0, 0, 0, 0, 0, 0, 0, 0, 0, 0, 0, 0, 0, 1025, 1392, 10680
"c:\ws-code\ws-kwik\kwik-ui\third_party\stb\stb_image_resize_test\dotimings.c", "C", 0, 0, 177, 0, 0, 0, 0, 0, 0, 0, 0, 0, 0, 0, 0, 0, 0, 0, 0, 0, 0, 0, 0, 0, 2, 46, 225
"c:\ws-code\ws-kwik\kwik-ui\third_party\stb\stb_image_resize_test\old_image_resize.h", "C++", 0, 1945, 0, 0, 0, 0, 0, 0, 0, 0, 0, 0, 0, 0, 0, 0, 0, 0, 0, 0, 0, 0, 0, 0, 365, 429, 2739
"c:\ws-code\ws-kwik\kwik-ui\third_party\stb\stb_image_resize_test\oldir.c", "C", 0, 0, 44, 0, 0, 0, 0, 0, 0, 0, 0, 0, 0, 0, 0, 0, 0, 0, 0, 0, 0, 0, 0, 0, 1, 12, 57
"c:\ws-code\ws-kwik\kwik-ui\third_party\stb\stb_image_resize_test\stbirtest.c", "C", 0, 0, 751, 0, 0, 0, 0, 0, 0, 0, 0, 0, 0, 0, 0, 0, 0, 0, 0, 0, 0, 0, 0, 0, 50, 192, 993
"c:\ws-code\ws-kwik\kwik-ui\third_party\stb\stb_image_resize_test\vf_train.c", "C", 0, 0, 814, 0, 0, 0, 0, 0, 0, 0, 0, 0, 0, 0, 0, 0, 0, 0, 0, 0, 0, 0, 0, 0, 14, 172, 1000
"c:\ws-code\ws-kwik\kwik-ui\third_party\stb\stb_image_write.h", "C++", 0, 1242, 0, 0, 0, 0, 0, 0, 0, 0, 0, 0, 0, 0, 0, 0, 0, 0, 0, 0, 0, 0, 0, 0, 315, 168, 1725
"c:\ws-code\ws-kwik\kwik-ui\third_party\stb\stb_include.h", "C++", 0, 226, 0, 0, 0, 0, 0, 0, 0, 0, 0, 0, 0, 0, 0, 0, 0, 0, 0, 0, 0, 0, 0, 0, 46, 24, 296
"c:\ws-code\ws-kwik\kwik-ui\third_party\stb\stb_leakcheck.h", "C++", 0, 125, 0, 0, 0, 0, 0, 0, 0, 0, 0, 0, 0, 0, 0, 0, 0, 0, 0, 0, 0, 0, 0, 0, 51, 19, 195
"c:\ws-code\ws-kwik\kwik-ui\third_party\stb\stb_perlin.h", "C++", 0, 259, 0, 0, 0, 0, 0, 0, 0, 0, 0, 0, 0, 0, 0, 0, 0, 0, 0, 0, 0, 0, 0, 0, 125, 45, 429
"c:\ws-code\ws-kwik\kwik-ui\third_party\stb\stb_rect_pack.h", "C++", 0, 325, 0, 0, 0, 0, 0, 0, 0, 0, 0, 0, 0, 0, 0, 0, 0, 0, 0, 0, 0, 0, 0, 0, 224, 75, 624
"c:\ws-code\ws-kwik\kwik-ui\third_party\stb\stb_sprintf.h", "C++", 0, 1473, 0, 0, 0, 0, 0, 0, 0, 0, 0, 0, 0, 0, 0, 0, 0, 0, 0, 0, 0, 0, 0, 0, 287, 147, 1907
"c:\ws-code\ws-kwik\kwik-ui\third_party\stb\stb_textedit.h", "C++", 0, 811, 0, 0, 0, 0, 0, 0, 0, 0, 0, 0, 0, 0, 0, 0, 0, 0, 0, 0, 0, 0, 0, 0, 455, 164, 1430
"c:\ws-code\ws-kwik\kwik-ui\third_party\stb\stb_tilemap_editor.h", "C++", 0, 3134, 0, 0, 0, 0, 0, 0, 0, 0, 0, 0, 0, 0, 0, 0, 0, 0, 0, 0, 0, 0, 0, 0, 639, 415, 4188
"c:\ws-code\ws-kwik\kwik-ui\third_party\stb\stb_truetype.h", "C++", 0, 3483, 0, 0, 0, 0, 0, 0, 0, 0, 0, 0, 0, 0, 0, 0, 0, 0, 0, 0, 0, 0, 0, 0, 1007, 590, 5080
"c:\ws-code\ws-kwik\kwik-ui\third_party\stb\stb_vorbis.c", "C", 0, 0, 4046, 0, 0, 0, 0, 0, 0, 0, 0, 0, 0, 0, 0, 0, 0, 0, 0, 0, 0, 0, 0, 0, 913, 626, 5585
"c:\ws-code\ws-kwik\kwik-ui\third_party\stb\stb_voxel_render.h", "C++", 0, 2286, 0, 0, 0, 0, 0, 0, 0, 0, 0, 0, 0, 0, 0, 0, 0, 0, 0, 0, 0, 0, 0, 0, 1132, 390, 3808
"c:\ws-code\ws-kwik\kwik-ui\third_party\stb\tests\Makefile", "Makefile", 0, 0, 0, 0, 0, 0, 0, 0, 0, 0, 0, 0, 0, 0, 8, 0, 0, 0, 0, 0, 0, 0, 0, 0, 2, 3, 13
"c:\ws-code\ws-kwik\kwik-ui\third_party\stb\tests\c_lexer_test.c", "C", 0, 0, 37, 0, 0, 0, 0, 0, 0, 0, 0, 0, 0, 0, 0, 0, 0, 0, 0, 0, 0, 0, 0, 0, 5, 9, 51
"c:\ws-code\ws-kwik\kwik-ui\third_party\stb\tests\caveview\README.md", "Markdown", 0, 0, 0, 0, 0, 65, 0, 0, 0, 0, 0, 0, 0, 0, 0, 0, 0, 0, 0, 0, 0, 0, 0, 0, 0, 21, 86
"c:\ws-code\ws-kwik\kwik-ui\third_party\stb\tests\caveview\cave_main.c", "C", 0, 0, 452, 0, 0, 0, 0, 0, 0, 0, 0, 0, 0, 0, 0, 0, 0, 0, 0, 0, 0, 0, 0, 0, 21, 126, 599
"c:\ws-code\ws-kwik\kwik-ui\third_party\stb\tests\caveview\cave_mesher.c", "C", 0, 0, 696, 0, 0, 0, 0, 0, 0, 0, 0, 0, 0, 0, 0, 0, 0, 0, 0, 0, 0, 0, 0, 0, 108, 130, 934
"c:\ws-code\ws-kwik\kwik-ui\third_party\stb\tests\caveview\cave_parse.c", "C", 0, 0, 508, 0, 0, 0, 0, 0, 0, 0, 0, 0, 0, 0, 0, 0, 0, 0, 0, 0, 0, 0, 0, 0, 40, 85, 633
"c:\ws-code\ws-kwik\kwik-ui\third_party\stb\tests\caveview\cave_parse.h", "C++", 0, 30, 0, 0, 0, 0, 0, 0, 0, 0, 0, 0, 0, 0, 0, 0, 0, 0, 0, 0, 0, 0, 0, 0, 1, 11, 42
"c:\ws-code\ws-kwik\kwik-ui\third_party\stb\tests\caveview\cave_render.c", "C", 0, 0, 725, 0, 0, 0, 0, 0, 0, 0, 0, 0, 0, 0, 0, 0, 0, 0, 0, 0, 0, 0, 0, 0, 75, 152, 952
"c:\ws-code\ws-kwik\kwik-ui\third_party\stb\tests\caveview\caveview.h", "C++", 0, 31, 0, 0, 0, 0, 0, 0, 0, 0, 0, 0, 0, 0, 0, 0, 0, 0, 0, 0, 0, 0, 0, 0, 2, 17, 50
"c:\ws-code\ws-kwik\kwik-ui\third_party\stb\tests\caveview\glext.h", "C++", 0, 10581, 0, 0, 0, 0, 0, 0, 0, 0, 0, 0, 0, 0, 0, 0, 0, 0, 0, 0, 0, 0, 0, 0, 43, 501, 11125
"c:\ws-code\ws-kwik\kwik-ui\third_party\stb\tests\caveview\glext_list.h", "C++", 0, 30, 0, 0, 0, 0, 0, 0, 0, 0, 0, 0, 0, 0, 0, 0, 0, 0, 0, 0, 0, 0, 0, 0, 0, 4, 34
"c:\ws-code\ws-kwik\kwik-ui\third_party\stb\tests\caveview\main.c", "C", 0, 0, 0, 0, 0, 0, 0, 0, 0, 0, 0, 0, 0, 0, 0, 0, 0, 0, 0, 0, 0, 0, 0, 0, 0, 1, 1
"c:\ws-code\ws-kwik\kwik-ui\third_party\stb\tests\caveview\stb_gl.h", "C++", 0, 849, 0, 0, 0, 0, 0, 0, 0, 0, 0, 0, 0, 0, 0, 0, 0, 0, 0, 0, 0, 0, 0, 0, 144, 111, 1104
"c:\ws-code\ws-kwik\kwik-ui\third_party\stb\tests\caveview\stb_glprog.h", "C++", 0, 307, 0, 0, 0, 0, 0, 0, 0, 0, 0, 0, 0, 0, 0, 0, 0, 0, 0, 0, 0, 0, 0, 0, 115, 83, 505
"c:\ws-code\ws-kwik\kwik-ui\third_party\stb\tests\caveview\win32\SDL_windows_main.c", "C", 0, 0, 155, 0, 0, 0, 0, 0, 0, 0, 0, 0, 0, 0, 0, 0, 0, 0, 0, 0, 0, 0, 0, 0, 34, 36, 225
"c:\ws-code\ws-kwik\kwik-ui\third_party\stb\tests\fuzz_main.c", "C", 0, 0, 40, 0, 0, 0, 0, 0, 0, 0, 0, 0, 0, 0, 0, 0, 0, 0, 0, 0, 0, 0, 0, 0, 1, 14, 55
"c:\ws-code\ws-kwik\kwik-ui\third_party\stb\tests\grid_reachability.c", "C", 0, 0, 293, 0, 0, 0, 0, 0, 0, 0, 0, 0, 0, 0, 0, 0, 0, 0, 0, 0, 0, 0, 0, 0, 17, 54, 364
"c:\ws-code\ws-kwik\kwik-ui\third_party\stb\tests\herringbone_generator.c", "C", 0, 0, 72, 0, 0, 0, 0, 0, 0, 0, 0, 0, 0, 0, 0, 0, 0, 0, 0, 0, 0, 0, 0, 0, 1, 15, 88
"c:\ws-code\ws-kwik\kwik-ui\third_party\stb\tests\herringbone_map.c", "C", 0, 0, 68, 0, 0, 0, 0, 0, 0, 0, 0, 0, 0, 0, 0, 0, 0, 0, 0, 0, 0, 0, 0, 0, 1, 14, 83
"c:\ws-code\ws-kwik\kwik-ui\third_party\stb\tests\image_test.c", "C", 0, 0, 151, 0, 0, 0, 0, 0, 0, 0, 0, 0, 0, 0, 0, 0, 0, 0, 0, 0, 0, 0, 0, 0, 5, 18, 174
"c:\ws-code\ws-kwik\kwik-ui\third_party\stb\tests\image_write_test.c", "C", 0, 0, 45, 0, 0, 0, 0, 0, 0, 0, 0, 0, 0, 0, 0, 0, 0, 0, 0, 0, 0, 0, 0, 0, 7, 9, 61
"c:\ws-code\ws-kwik\kwik-ui\third_party\stb\tests\ossfuzz.sh", "Shell Script", 0, 0, 0, 0, 0, 0, 0, 0, 0, 0, 0, 0, 19, 0, 0, 0, 0, 0, 0, 0, 0, 0, 0, 0, 3, 8, 30
"c:\ws-code\ws-kwik\kwik-ui\third_party\stb\tests\oversample\README.md", "Markdown", 0, 0, 0, 0, 0, 75, 0, 0, 0, 0, 0, 0, 0, 0, 0, 0, 0, 0, 0, 0, 0, 0, 0, 0, 0, 20, 95
"c:\ws-code\ws-kwik\kwik-ui\third_party\stb\tests\oversample\main.c", "C", 0, 0, 276, 0, 0, 0, 0, 0, 0, 0, 0, 0, 0, 0, 0, 0, 0, 0, 0, 0, 0, 0, 0, 0, 1, 56, 333
"c:\ws-code\ws-kwik\kwik-ui\third_party\stb\tests\oversample\stb_wingraph.h", "C++", 0, 690, 0, 0, 0, 0, 0, 0, 0, 0, 0, 0, 0, 0, 0, 0, 0, 0, 0, 0, 0, 0, 0, 0, 37, 103, 830
"c:\ws-code\ws-kwik\kwik-ui\third_party\stb\tests\pg_test\pg_test.c", "C", 0, 0, 106, 0, 0, 0, 0, 0, 0, 0, 0, 0, 0, 0, 0, 0, 0, 0, 0, 0, 0, 0, 0, 0, 1, 18, 125
"c:\ws-code\ws-kwik\kwik-ui\third_party\stb\tests\prerelease\stb_lib.h", "C++", 0, 2597, 0, 0, 0, 0, 0, 0, 0, 0, 0, 0, 0, 0, 0, 0, 0, 0, 0, 0, 0, 0, 0, 0, 324, 385, 3306
"c:\ws-code\ws-kwik\kwik-ui\third_party\stb\tests\resample_test.cpp", "C++", 0, 845, 0, 0, 0, 0, 0, 0, 0, 0, 0, 0, 0, 0, 0, 0, 0, 0, 0, 0, 0, 0, 0, 0, 39, 244, 1128
"c:\ws-code\ws-kwik\kwik-ui\third_party\stb\tests\resample_test_c.c", "C", 0, 0, 5, 0, 0, 0, 0, 0, 0, 0, 0, 0, 0, 0, 0, 0, 0, 0, 0, 0, 0, 0, 0, 0, 1, 3, 9
"c:\ws-code\ws-kwik\kwik-ui\third_party\stb\tests\sdf\sdf_test.c", "C", 0, 0, 124, 0, 0, 0, 0, 0, 0, 0, 0, 0, 0, 0, 0, 0, 0, 0, 0, 0, 0, 0, 0, 0, 10, 19, 153
"c:\ws-code\ws-kwik\kwik-ui\third_party\stb\tests\stb.c", "C", 0, 0, 2843, 0, 0, 0, 0, 0, 0, 0, 0, 0, 0, 0, 0, 0, 0, 0, 0, 0, 0, 0, 0, 0, 128, 360, 3331
"c:\ws-code\ws-kwik\kwik-ui\third_party\stb\tests\stb_c_lexer_fuzzer.cpp", "C++", 0, 65, 0, 0, 0, 0, 0, 0, 0, 0, 0, 0, 0, 0, 0, 0, 0, 0, 0, 0, 0, 0, 0, 0, 0, 10, 75
"c:\ws-code\ws-kwik\kwik-ui\third_party\stb\tests\stb_cpp.cpp", "C++", 0, 75, 0, 0, 0, 0, 0, 0, 0, 0, 0, 0, 0, 0, 0, 0, 0, 0, 0, 0, 0, 0, 0, 0, 3, 8, 86
"c:\ws-code\ws-kwik\kwik-ui\third_party\stb\tests\stb_static.c", "C", 0, 0, 9, 0, 0, 0, 0, 0, 0, 0, 0, 0, 0, 0, 0, 0, 0, 0, 0, 0, 0, 0, 0, 0, 1, 3, 13
"c:\ws-code\ws-kwik\kwik-ui\third_party\stb\tests\stbi_read_fuzzer.c", "C", 0, 0, 17, 0, 0, 0, 0, 0, 0, 0, 0, 0, 0, 0, 0, 0, 0, 0, 0, 0, 0, 0, 0, 0, 1, 10, 28
"c:\ws-code\ws-kwik\kwik-ui\third_party\stb\tests\stblib_test.c", "C", 0, 0, 6, 0, 0, 0, 0, 0, 0, 0, 0, 0, 0, 0, 0, 0, 0, 0, 0, 0, 0, 0, 0, 0, 2, 3, 11
"c:\ws-code\ws-kwik\kwik-ui\third_party\stb\tests\stblib_test_companion.c", "C", 0, 0, 2, 0, 0, 0, 0, 0, 0, 0, 0, 0, 0, 0, 0, 0, 0, 0, 0, 0, 0, 0, 0, 0, 2, 1, 5
"c:\ws-code\ws-kwik\kwik-ui\third_party\stb\tests\test_c_compilation.c", "C", 0, 0, 40, 0, 0, 0, 0, 0, 0, 0, 0, 0, 0, 0, 0, 0, 0, 0, 0, 0, 0, 0, 0, 0, 1, 9, 50
"c:\ws-code\ws-kwik\kwik-ui\third_party\stb\tests\test_c_lexer.c", "C", 0, 0, 36, 0, 0, 0, 0, 0, 0, 0, 0, 0, 0, 0, 0, 0, 0, 0, 0, 0, 0, 0, 0, 0, 6, 9, 51
"c:\ws-code\ws-kwik\kwik-ui\third_party\stb\tests\test_cpp_compilation.cpp", "C++", 0, 144, 0, 0, 0, 0, 0, 0, 0, 0, 0, 0, 0, 0, 0, 0, 0, 0, 0, 0, 0, 0, 0, 0, 9, 34, 187
"c:\ws-code\ws-kwik\kwik-ui\third_party\stb\tests\test_ds.c", "C", 0, 0, 909, 0, 0, 0, 0, 0, 0, 0, 0, 0, 0, 0, 0, 0, 0, 0, 0, 0, 0, 0, 0, 0, 35, 91, 1035
"c:\ws-code\ws-kwik\kwik-ui\third_party\stb\tests\test_ds_cpp.cpp", "C++", 0, 377, 0, 0, 0, 0, 0, 0, 0, 0, 0, 0, 0, 0, 0, 0, 0, 0, 0, 0, 0, 0, 0, 0, 5, 37, 419
"c:\ws-code\ws-kwik\kwik-ui\third_party\stb\tests\test_dxt.c", "C", 0, 0, 1, 0, 0, 0, 0, 0, 0, 0, 0, 0, 0, 0, 0, 0, 0, 0, 0, 0, 0, 0, 0, 0, 0, 1, 2
"c:\ws-code\ws-kwik\kwik-ui\third_party\stb\tests\test_easyfont.c", "C", 0, 0, 8, 0, 0, 0, 0, 0, 0, 0, 0, 0, 0, 0, 0, 0, 0, 0, 0, 0, 0, 0, 0, 0, 1, 1, 10
"c:\ws-code\ws-kwik\kwik-ui\third_party\stb\tests\test_image.c", "C", 0, 0, 6, 0, 0, 0, 0, 0, 0, 0, 0, 0, 0, 0, 0, 0, 0, 0, 0, 0, 0, 0, 0, 0, 0, 1, 7
"c:\ws-code\ws-kwik\kwik-ui\third_party\stb\tests\test_image_write.c", "C", 0, 0, 6, 0, 0, 0, 0, 0, 0, 0, 0, 0, 0, 0, 0, 0, 0, 0, 0, 0, 0, 0, 0, 0, 0, 1, 7
"c:\ws-code\ws-kwik\kwik-ui\third_party\stb\tests\test_perlin.c", "C", 0, 0, 1, 0, 0, 0, 0, 0, 0, 0, 0, 0, 0, 0, 0, 0, 0, 0, 0, 0, 0, 0, 0, 0, 0, 0, 1
"c:\ws-code\ws-kwik\kwik-ui\third_party\stb\tests\test_png_paeth.c", "C", 0, 0, 37, 0, 0, 0, 0, 0, 0, 0, 0, 0, 0, 0, 0, 0, 0, 0, 0, 0, 0, 0, 0, 0, 4, 7, 48
"c:\ws-code\ws-kwik\kwik-ui\third_party\stb\tests\test_png_regress.c", "C", 0, 0, 55, 0, 0, 0, 0, 0, 0, 0, 0, 0, 0, 0, 0, 0, 0, 0, 0, 0, 0, 0, 0, 0, 5, 16, 76
"c:\ws-code\ws-kwik\kwik-ui\third_party\stb\tests\test_siphash.c", "C", 0, 0, 19, 0, 0, 0, 0, 0, 0, 0, 0, 0, 0, 0, 0, 0, 0, 0, 0, 0, 0, 0, 0, 0, 0, 2, 21
"c:\ws-code\ws-kwik\kwik-ui\third_party\stb\tests\test_sprintf.c", "C", 0, 0, 171, 0, 0, 0, 0, 0, 0, 0, 0, 0, 0, 0, 0, 0, 0, 0, 0, 0, 0, 0, 0, 0, 12, 20, 203
"c:\ws-code\ws-kwik\kwik-ui\third_party\stb\tests\test_truetype.c", "C", 0, 0, 123, 0, 0, 0, 0, 0, 0, 0, 0, 0, 0, 0, 0, 0, 0, 0, 0, 0, 0, 0, 0, 0, 5, 27, 155
"c:\ws-code\ws-kwik\kwik-ui\third_party\stb\tests\test_vorbis.c", "C", 0, 0, 16, 0, 0, 0, 0, 0, 0, 0, 0, 0, 0, 0, 0, 0, 0, 0, 0, 0, 0, 0, 0, 0, 0, 3, 19
"c:\ws-code\ws-kwik\kwik-ui\third_party\stb\tests\test_voxel.c", "C", 0, 0, 1, 0, 0, 0, 0, 0, 0, 0, 0, 0, 0, 0, 0, 0, 0, 0, 0, 0, 0, 0, 0, 0, 0, 0, 1
"c:\ws-code\ws-kwik\kwik-ui\third_party\stb\tests\textedit_sample.c", "C", 0, 0, 76, 0, 0, 0, 0, 0, 0, 0, 0, 0, 0, 0, 0, 0, 0, 0, 0, 0, 0, 0, 0, 0, 5, 14, 95
"c:\ws-code\ws-kwik\kwik-ui\third_party\stb\tests\tilemap_editor_integration_example.c", "C", 0, 0, 159, 0, 0, 0, 0, 0, 0, 0, 0, 0, 0, 0, 0, 0, 0, 0, 0, 0, 0, 0, 0, 0, 8, 27, 194
"c:\ws-code\ws-kwik\kwik-ui\third_party\stb\tests\truetype_test_win32.c", "C", 0, 0, 151, 0, 0, 0, 0, 0, 0, 0, 0, 0, 0, 0, 0, 0, 0, 0, 0, 0, 0, 0, 0, 0, 9, 25, 185
"c:\ws-code\ws-kwik\kwik-ui\third_party\stb\tests\vorbseek\vorbseek.c", "C", 0, 0, 106, 0, 0, 0, 0, 0, 0, 0, 0, 0, 0, 0, 0, 0, 0, 0, 0, 0, 0, 0, 0, 0, 1, 18, 125
"c:\ws-code\ws-kwik\kwik-ui\third_party\stb\tools\README.footer.md", "Markdown", 0, 0, 0, 0, 0, 95, 0, 0, 0, 0, 0, 0, 0, 0, 0, 0, 0, 0, 0, 0, 0, 0, 0, 0, 0, 41, 136
"c:\ws-code\ws-kwik\kwik-ui\third_party\stb\tools\README.header.md", "Markdown", 0, 0, 0, 0, 0, 15, 0, 0, 0, 0, 0, 0, 0, 0, 0, 0, 0, 0, 0, 0, 0, 0, 0, 0, 0, 8, 23
"c:\ws-code\ws-kwik\kwik-ui\third_party\stb\tools\build_matrix.c", "C", 0, 0, 125, 0, 0, 0, 0, 0, 0, 0, 0, 0, 0, 0, 0, 0, 0, 0, 0, 0, 0, 0, 0, 0, 2, 11, 138
"c:\ws-code\ws-kwik\kwik-ui\third_party\stb\tools\easy_font_maker.c", "C", 0, 0, 181, 0, 0, 0, 0, 0, 0, 0, 0, 0, 0, 0, 0, 0, 0, 0, 0, 0, 0, 0, 0, 0, 4, 27, 212
"c:\ws-code\ws-kwik\kwik-ui\third_party\stb\tools\make_readme.c", "C", 0, 0, 58, 0, 0, 0, 0, 0, 0, 0, 0, 0, 0, 0, 0, 0, 0, 0, 0, 0, 0, 0, 0, 0, 0, 8, 66
"c:\ws-code\ws-kwik\kwik-ui\third_party\stb\tools\mr.bat", "Batch", 0, 0, 0, 0, 0, 0, 1, 0, 0, 0, 0, 0, 0, 0, 0, 0, 0, 0, 0, 0, 0, 0, 0, 0, 0, 1, 2
"c:\ws-code\ws-kwik\kwik-ui\third_party\stb\tools\trailing_whitespace.c", "C", 0, 0, 31, 0, 0, 0, 0, 0, 0, 0, 0, 0, 0, 0, 0, 0, 0, 0, 0, 0, 0, 0, 0, 0, 0, 2, 33
"c:\ws-code\ws-kwik\kwik-ui\third_party\stb\tools\unicode.c", "C", 0, 0, 606, 0, 0, 0, 0, 0, 0, 0, 0, 0, 0, 0, 0, 0, 0, 0, 0, 0, 0, 0, 0, 0, 63, 81, 750
"Total", "-", 8810, 277279, 214792, 7560, 4638, 3941, 5, 15092, 402, 2025, 756, 27, 861, 524, 2166, 1070, 11910, 557, 329, 27, 172, 42, 340, 1712, 127968, 105109, 788114